"Reporting starts","Reporting ends","Campaign name","Campaign delivery",Results,"Result indicator","Cost per results","Ad set budget","Ad set budget type","Amount spent (INR)",Impressions,Reach,Ends,"Attribution setting","CPM (cost per 1,000 impressions) (INR)","Cost per ThruPlay (INR)",ThruPlays,"Instagram follows","Video plays at 75%","Video plays","Video plays at 50%","Video plays at 100%","Unique CTR (all)"
2026-08-04,2026-08-04,"Retargeting Sales campaign",active,,,,500,Daily,246.46,457,385,Ongoing,"7-day click, 1-day view or 1-day engaged view",539.299781,,,0,,,,,5.714286
2026-08-04,2026-08-04,Anarkali-And-Half-saree-JanviAika_Shopping_Ad_Campaign,active,1,actions:offsite_conversion.fb_pixel_purchase,867.83,2000,Daily,867.83,1511,1166,Ongoing,"7-day click, 1-day view or 1-day engaged view",574.341496,48.212778,18,0,23,66,36,18,8.06175
2026-08-04,2026-08-04,"Engagement campaign Janviaika Reels",active,2700,video_thruplay_watched_actions,0.04105185,"Using ad set budget",0,110.84,21691,20672,Ongoing,"7-day click or 1-day view",5.109953,0.041052,2700,0,1881,21475,3192,1209,0.212848
2026-08-04,2026-08-04,"JanviAika_Shopping_Ad_Campaign – Lehenga_And_Long_Gowns",active,,,,1000,Daily,535,1097,883,Ongoing,"7-day click, 1-day view or 1-day engaged view",487.69371,,,0,,,,,3.96376
2026-08-04,2026-08-04,"Hot Campaign for Website Visitors",active,,,,500,Daily,213.79,412,335,Ongoing,"7-day click, 1-day view or 1-day engaged view",518.907767,213.79,1,0,3,6,4,1,6.567164
2026-08-04,2026-08-04,JanviAika_Shopping_Ad_Campaign,active,1,actions:offsite_conversion.fb_pixel_purchase,840.15,"Using ad set budget",0,840.15,2682,2033,Ongoing,"7-day click, 1-day view or 1-day engaged view",313.255034,8.001429,105,0,129,771,199,104,3.885883
2026-08-04,2026-08-04,"Anarkali Set Whatsapp campaign",inactive,,,,500,Daily,0,0,0,Ongoing,"7-day click or 1-day view",0,,,0,,,,,0
2026-08-04,2026-08-04,"Trendy Green Bridal Couture Whatsapp campaign",archived,,,,500,Daily,0,0,0,2026-06-03,"7-day click or 1-day view",0,,,0,,,,,0
2026-08-04,2026-08-04,Dark-Pink-Lehenga-Whatsapp-campaign,archived,,,,500,Daily,0,0,0,2026-06-03,"7-day click or 1-day view",0,,,0,,,,,0
2026-08-04,2026-08-04,"Lehenga Set Whatsapp campaign",inactive,,,,500,Daily,0,0,0,Ongoing,"7-day click or 1-day view",0,,,0,,,,,0
2026-08-04,2026-08-04,"Red Anarkali Engagement campaign",inactive,,,,300,Daily,0,0,0,Ongoing,"7-day click or 1-day view",0,,,0,,,,,0
2026-08-04,2026-08-04,"Post: ""Who said lehengas are only for brides? ✨ """,inactive,,,,300,Daily,0,0,0,2026-05-28,"7-day click or 1-day view",0,,,0,,,,,0
2026-08-04,2026-08-04,"Post: ""Made for summer days, yet wrapped in  elegance 🌿✨ """,completed,,,,300,Daily,0,0,0,2026-05-28,"7-day click or 1-day view",0,,,0,,,,,0
2026-08-04,2026-08-04,"Black Half Saree Dress Campaign",inactive,,,,"Using ad set budget",0,0,0,0,Ongoing,"7-day click or 1-day view",0,,,0,,,,,0
2026-08-04,2026-08-04,"Lehenga post from Insta",inactive,,,,"Using ad set budget",0,0,0,0,Ongoing,"7-day click or 1-day view",0,,,0,,,,,0
2026-08-04,2026-08-04,"FB Janviaika Video Campaign_English",inactive,,,,300,Daily,0,0,0,Ongoing,"7-day click or 1-day view",0,,,0,,,,,0
2026-08-04,2026-08-04,"Chudidhaar Advantage+ Shopping Campaign",inactive,,,,500,Daily,0,0,0,Ongoing,"7-day click, 1-day view or 1-day engaged view",0,,,0,,,,,0
2026-08-04,2026-08-04,"Advantage+ Shopping Campaign March",inactive,,,,500,Daily,0,0,0,Ongoing,"7-day click or 1-day view",0,,,0,,,,,0
2026-08-04,2026-08-04,"Model Engagement Video Campaign",inactive,,,,800,Daily,0,0,0,Ongoing,"Multiple attribution settings",0,,,0,,,,,0
2026-08-04,2026-08-04,"Launch Sales campaign",inactive,,,,1000,Daily,0,0,0,Ongoing,"7-day click, 1-day view or 1-day engaged view",0,,,0,,,,,0
2026-08-03,2026-08-03,"Retargeting Sales campaign",active,5,actions:offsite_conversion.fb_pixel_purchase,99.98,500,Daily,499.9,1185,940,Ongoing,"7-day click, 1-day view or 1-day engaged view",421.85654,499.9,1,0,1,1,1,1,8.297872
2026-08-03,2026-08-03,Anarkali-And-Half-saree-JanviAika_Shopping_Ad_Campaign,active,2,actions:offsite_conversion.fb_pixel_purchase,1155.205,2000,Daily,2310.41,5102,3740,Ongoing,"7-day click, 1-day view or 1-day engaged view",452.843983,36.673175,63,4,78,274,113,63,7.513369
2026-08-03,2026-08-03,"Engagement campaign Janviaika Reels",active,6429,video_thruplay_watched_actions,0.04101104,"Using ad set budget",0,263.66,52422,47781,Ongoing,"7-day click or 1-day view",5.029568,0.041011,6429,0,4532,51861,7571,2772,0.242774
2026-08-03,2026-08-03,"JanviAika_Shopping_Ad_Campaign – Lehenga_And_Long_Gowns",active,,,,1000,Daily,1212.74,5030,4157,Ongoing,"7-day click, 1-day view or 1-day engaged view",241.101392,,,1,,,,,3.584316
2026-08-03,2026-08-03,"Hot Campaign for Website Visitors",active,,,,500,Daily,458.77,1205,926,Ongoing,"7-day click, 1-day view or 1-day engaged view",380.721992,76.461667,6,1,9,34,11,6,7.019438
2026-08-03,2026-08-03,JanviAika_Shopping_Ad_Campaign,active,1,actions:offsite_conversion.fb_pixel_purchase,1892.94,"Using ad set budget",0,1892.94,7146,5038,Ongoing,"7-day click, 1-day view or 1-day engaged view",264.895046,6.688834,283,0,365,1904,572,285,4.485907
2026-08-03,2026-08-03,"Anarkali Set Whatsapp campaign",inactive,,,,500,Daily,0,0,0,Ongoing,"7-day click or 1-day view",0,,,0,,,,,0
2026-08-03,2026-08-03,"Trendy Green Bridal Couture Whatsapp campaign",archived,,,,500,Daily,0,0,0,2026-06-03,"7-day click or 1-day view",0,,,0,,,,,0
2026-08-03,2026-08-03,Dark-Pink-Lehenga-Whatsapp-campaign,archived,,,,500,Daily,0,0,0,2026-06-03,"7-day click or 1-day view",0,,,0,,,,,0
2026-08-03,2026-08-03,"Lehenga Set Whatsapp campaign",inactive,,,,500,Daily,0,0,0,Ongoing,"7-day click or 1-day view",0,,,0,,,,,0
2026-08-03,2026-08-03,"Red Anarkali Engagement campaign",inactive,2728,video_thruplay_watched_actions,0.03039956,300,Daily,82.93,15400,15400,Ongoing,"7-day click or 1-day view",5.385065,0.0304,2728,0,1179,15143,3030,586,0.428571
2026-08-03,2026-08-03,"Post: ""Who said lehengas are only for brides? ✨ """,inactive,,,,300,Daily,0,0,0,2026-05-28,"7-day click or 1-day view",0,,,0,,,,,0
2026-08-03,2026-08-03,"Post: ""Made for summer days, yet wrapped in  elegance 🌿✨ """,completed,,,,300,Daily,0,0,0,2026-05-28,"7-day click or 1-day view",0,,,0,,,,,0
2026-08-03,2026-08-03,"Black Half Saree Dress Campaign",inactive,,,,"Using ad set budget",0,0,0,0,Ongoing,"7-day click or 1-day view",0,,,0,,,,,0
2026-08-03,2026-08-03,"Lehenga post from Insta",inactive,1169,video_thruplay_watched_actions,0.05939264,"Using ad set budget",0,69.43,5652,5396,Ongoing,"7-day click or 1-day view",12.284147,0.059393,1169,0,942,5607,1576,456,0.722758
2026-08-03,2026-08-03,"FB Janviaika Video Campaign_English",inactive,,,,300,Daily,0,0,0,Ongoing,"7-day click or 1-day view",0,,,0,,,,,0
2026-08-03,2026-08-03,"Chudidhaar Advantage+ Shopping Campaign",inactive,,,,500,Daily,0,0,0,Ongoing,"7-day click, 1-day view or 1-day engaged view",0,,,0,,,,,0
2026-08-03,2026-08-03,"Advantage+ Shopping Campaign March",inactive,,,,500,Daily,0,0,0,Ongoing,"7-day click or 1-day view",0,,,0,,,,,0
2026-08-03,2026-08-03,"Model Engagement Video Campaign",inactive,,,,800,Daily,0,0,0,Ongoing,"Multiple attribution settings",0,,,0,,,,,0
2026-08-03,2026-08-03,"Launch Sales campaign",inactive,,,,1000,Daily,0,0,0,Ongoing,"7-day click, 1-day view or 1-day engaged view",0,,,0,,,,,0
2026-08-02,2026-08-02,"Retargeting Sales campaign",active,3,actions:offsite_conversion.fb_pixel_purchase,194.93666667,500,Daily,584.81,1461,1086,Ongoing,"7-day click, 1-day view or 1-day engaged view",400.28063,,,0,,,,,6.629834
2026-08-02,2026-08-02,Anarkali-And-Half-saree-JanviAika_Shopping_Ad_Campaign,active,3,actions:offsite_conversion.fb_pixel_purchase,741.28,2000,Daily,2223.84,4245,3025,Ongoing,"7-day click, 1-day view or 1-day engaged view",523.872792,35.299048,63,0,78,298,109,63,7.173554
2026-08-02,2026-08-02,"Engagement campaign Janviaika Reels",active,8823,video_thruplay_watched_actions,0.03900714,"Using ad set budget",0,344.16,67240,60902,Ongoing,"7-day click or 1-day view",5.118382,0.039007,8823,0,6138,66592,10339,3761,0.302125
2026-08-02,2026-08-02,"JanviAika_Shopping_Ad_Campaign – Lehenga_And_Long_Gowns",active,,,,1000,Daily,1180.87,4162,3093,Ongoing,"7-day click, 1-day view or 1-day engaged view",283.726574,,,0,,,,,4.397026
2026-08-02,2026-08-02,"Hot Campaign for Website Visitors",active,1,actions:offsite_conversion.fb_pixel_purchase,588.49,500,Daily,588.49,1490,1095,Ongoing,"7-day click, 1-day view or 1-day engaged view",394.959732,,,0,,5,1,,6.849315
2026-08-02,2026-08-02,JanviAika_Shopping_Ad_Campaign,active,4,actions:offsite_conversion.fb_pixel_purchase,447.8675,"Using ad set budget",0,1791.47,6528,4390,Ongoing,"7-day click, 1-day view or 1-day engaged view",274.428615,7.623277,235,1,311,1438,479,239,4.692483
2026-08-02,2026-08-02,"Anarkali Set Whatsapp campaign",inactive,,,,500,Daily,0,0,0,Ongoing,"7-day click or 1-day view",0,,,0,,,,,0
2026-08-02,2026-08-02,"Trendy Green Bridal Couture Whatsapp campaign",archived,,,,500,Daily,0,0,0,2026-06-03,"7-day click or 1-day view",0,,,0,,,,,0
2026-08-02,2026-08-02,Dark-Pink-Lehenga-Whatsapp-campaign,archived,,,,500,Daily,0,0,0,2026-06-03,"7-day click or 1-day view",0,,,0,,,,,0
2026-08-02,2026-08-02,"Lehenga Set Whatsapp campaign",inactive,,,,500,Daily,0,0,0,Ongoing,"7-day click or 1-day view",0,,,0,,,,,0
2026-08-02,2026-08-02,"Red Anarkali Engagement campaign",inactive,11071,video_thruplay_watched_actions,0.03074971,300,Daily,340.43,64378,63272,Ongoing,"7-day click or 1-day view",5.287987,0.03075,11071,0,5013,63254,12298,2522,0.4615
2026-08-02,2026-08-02,"Post: ""Who said lehengas are only for brides? ✨ """,inactive,,,,300,Daily,0,0,0,2026-05-28,"7-day click or 1-day view",0,,,0,,,,,0
2026-08-02,2026-08-02,"Post: ""Made for summer days, yet wrapped in  elegance 🌿✨ """,completed,,,,300,Daily,0,0,0,2026-05-28,"7-day click or 1-day view",0,,,0,,,,,0
2026-08-02,2026-08-02,"Black Half Saree Dress Campaign",inactive,,,,"Using ad set budget",0,0,0,0,Ongoing,"7-day click or 1-day view",0,,,0,,,,,0
2026-08-02,2026-08-02,"Lehenga post from Insta",inactive,6318,video_thruplay_watched_actions,0.05600348,"Using ad set budget",0,353.83,30088,29202,Ongoing,"7-day click or 1-day view",11.759838,0.056003,6318,0,5067,29809,8574,2301,0.582152
2026-08-02,2026-08-02,"FB Janviaika Video Campaign_English",inactive,,,,300,Daily,0,0,0,Ongoing,"7-day click or 1-day view",0,,,0,,,,,0
2026-08-02,2026-08-02,"Chudidhaar Advantage+ Shopping Campaign",inactive,,,,500,Daily,0,0,0,Ongoing,"7-day click, 1-day view or 1-day engaged view",0,,,0,,,,,0
2026-08-02,2026-08-02,"Advantage+ Shopping Campaign March",inactive,,,,500,Daily,0,0,0,Ongoing,"7-day click or 1-day view",0,,,0,,,,,0
2026-08-02,2026-08-02,"Model Engagement Video Campaign",inactive,,,,800,Daily,0,0,0,Ongoing,"Multiple attribution settings",0,,,0,,,,,0
2026-08-02,2026-08-02,"Launch Sales campaign",inactive,,,,1000,Daily,0,0,0,Ongoing,"7-day click, 1-day view or 1-day engaged view",0,,,0,,,,,0
2026-08-01,2026-08-01,"Retargeting Sales campaign",active,,,,500,Daily,381.62,1161,861,Ongoing,"7-day click, 1-day view or 1-day engaged view",328.699397,190.81,2,1,2,3,2,2,6.968641
2026-08-01,2026-08-01,Anarkali-And-Half-saree-JanviAika_Shopping_Ad_Campaign,active,,,,2000,Daily,1835.25,4439,3141,Ongoing,"7-day click, 1-day view or 1-day engaged view",413.437711,24.800676,74,0,93,318,120,73,6.844954
2026-08-01,2026-08-01,"Engagement campaign Janviaika Reels",active,12341,video_thruplay_watched_actions,0.04126408,"Using ad set budget",0,509.24,99329,87991,Ongoing,"7-day click or 1-day view",5.126801,0.041264,12341,1,8638,98178,14418,5526,0.209112
2026-08-01,2026-08-01,"JanviAika_Shopping_Ad_Campaign – Lehenga_And_Long_Gowns",active,,,,1000,Daily,635.3,3006,2318,Ongoing,"7-day click, 1-day view or 1-day engaged view",211.343979,,,0,,,,,3.537532
2026-08-01,2026-08-01,"Hot Campaign for Website Visitors",active,,,,500,Daily,335.97,1032,840,Ongoing,"7-day click, 1-day view or 1-day engaged view",325.552326,167.985,2,0,2,8,2,2,7.857143
2026-08-01,2026-08-01,JanviAika_Shopping_Ad_Campaign,active,1,actions:offsite_conversion.fb_pixel_purchase,1425.2,"Using ad set budget",0,1425.2,5449,3811,Ongoing,"7-day click, 1-day view or 1-day engaged view",261.552578,7.787978,183,0,244,1068,383,184,5.405405
2026-08-01,2026-08-01,"Anarkali Set Whatsapp campaign",inactive,,,,500,Daily,0,0,0,Ongoing,"7-day click or 1-day view",0,,,0,,,,,0
2026-08-01,2026-08-01,"Trendy Green Bridal Couture Whatsapp campaign",archived,,,,500,Daily,0,0,0,2026-06-03,"7-day click or 1-day view",0,,,0,,,,,0
2026-08-01,2026-08-01,Dark-Pink-Lehenga-Whatsapp-campaign,archived,,,,500,Daily,0,0,0,2026-06-03,"7-day click or 1-day view",0,,,0,,,,,0
2026-08-01,2026-08-01,"Lehenga Set Whatsapp campaign",inactive,,,,500,Daily,0,0,0,Ongoing,"7-day click or 1-day view",0,,,0,,,,,0
2026-08-01,2026-08-01,"Red Anarkali Engagement campaign",inactive,10592,video_thruplay_watched_actions,0.02836669,300,Daily,300.46,59930,59832,Ongoing,"7-day click or 1-day view",5.013516,0.028367,10592,1,4480,58776,11728,2296,0.451264
2026-08-01,2026-08-01,"Post: ""Who said lehengas are only for brides? ✨ """,inactive,,,,300,Daily,0,0,0,2026-05-28,"7-day click or 1-day view",0,,,0,,,,,0
2026-08-01,2026-08-01,"Post: ""Made for summer days, yet wrapped in  elegance 🌿✨ """,completed,,,,300,Daily,0,0,0,2026-05-28,"7-day click or 1-day view",0,,,0,,,,,0
2026-08-01,2026-08-01,"Black Half Saree Dress Campaign",inactive,,,,"Using ad set budget",0,0,0,0,Ongoing,"7-day click or 1-day view",0,,,0,,,,,0
2026-08-01,2026-08-01,"Lehenga post from Insta",inactive,4935,video_thruplay_watched_actions,0.05321783,"Using ad set budget",0,262.63,23634,22719,Ongoing,"7-day click or 1-day view",11.11238,0.053218,4935,1,3998,23254,6487,1957,0.536995
2026-08-01,2026-08-01,"FB Janviaika Video Campaign_English",inactive,,,,300,Daily,0,0,0,Ongoing,"7-day click or 1-day view",0,,,0,,,,,0
2026-08-01,2026-08-01,"Chudidhaar Advantage+ Shopping Campaign",inactive,,,,500,Daily,0,0,0,Ongoing,"7-day click, 1-day view or 1-day engaged view",0,,,0,,,,,0
2026-08-01,2026-08-01,"Advantage+ Shopping Campaign March",inactive,,,,500,Daily,0,0,0,Ongoing,"7-day click or 1-day view",0,,,0,,,,,0
2026-08-01,2026-08-01,"Model Engagement Video Campaign",inactive,,,,800,Daily,0,0,0,Ongoing,"Multiple attribution settings",0,,,0,,,,,0
2026-08-01,2026-08-01,"Launch Sales campaign",inactive,,,,1000,Daily,0,0,0,Ongoing,"7-day click, 1-day view or 1-day engaged view",0,,,0,,,,,0
2026-07-31,2026-07-31,"Retargeting Sales campaign",active,,,,500,Daily,539.17,997,756,Ongoing,"7-day click, 1-day view or 1-day engaged view",540.792377,539.17,1,0,1,3,2,1,7.407407
2026-07-31,2026-07-31,Anarkali-And-Half-saree-JanviAika_Shopping_Ad_Campaign,active,,,,2000,Daily,1223.13,2530,1867,Ongoing,"7-day click, 1-day view or 1-day engaged view",483.450593,21.458421,57,1,68,256,97,59,6.588109
2026-07-31,2026-07-31,"Engagement campaign Janviaika Reels",active,2792,video_thruplay_watched_actions,0.04757521,"Using ad set budget",0,132.83,23376,22657,Ongoing,"7-day click or 1-day view",5.682324,0.047575,2792,0,1915,23100,3189,1131,0.242751
2026-07-31,2026-07-31,"JanviAika_Shopping_Ad_Campaign – Lehenga_And_Long_Gowns",active,,,,1000,Daily,991.59,3652,2788,Ongoing,"7-day click, 1-day view or 1-day engaged view",271.519715,,,0,,,,,3.802009
2026-07-31,2026-07-31,"Hot Campaign for Website Visitors",active,2,actions:offsite_conversion.fb_pixel_purchase,264.36,500,Daily,528.72,1536,1148,Ongoing,"7-day click, 1-day view or 1-day engaged view",344.21875,528.72,1,0,2,15,6,1,6.968641
2026-07-31,2026-07-31,JanviAika_Shopping_Ad_Campaign,active,2,actions:offsite_conversion.fb_pixel_purchase,657.935,"Using ad set budget",0,1315.87,6055,4501,Ongoing,"7-day click, 1-day view or 1-day engaged view",217.319571,4.475748,294,0,370,1605,595,294,3.532548
2026-07-31,2026-07-31,"Anarkali Set Whatsapp campaign",inactive,,,,500,Daily,0,0,0,Ongoing,"7-day click or 1-day view",0,,,0,,,,,0
2026-07-31,2026-07-31,"Trendy Green Bridal Couture Whatsapp campaign",archived,,,,500,Daily,0,0,0,2026-06-03,"7-day click or 1-day view",0,,,0,,,,,0
2026-07-31,2026-07-31,Dark-Pink-Lehenga-Whatsapp-campaign,archived,,,,500,Daily,0,0,0,2026-06-03,"7-day click or 1-day view",0,,,0,,,,,0
2026-07-31,2026-07-31,"Lehenga Set Whatsapp campaign",inactive,,,,500,Daily,0,0,0,Ongoing,"7-day click or 1-day view",0,,,0,,,,,0
2026-07-31,2026-07-31,"Red Anarkali Engagement campaign",inactive,8191,video_thruplay_watched_actions,0.02814919,300,Daily,230.57,41883,41025,Ongoing,"7-day click or 1-day view",5.505098,0.028149,8191,0,3822,41099,8998,1922,0.555759
2026-07-31,2026-07-31,"Post: ""Who said lehengas are only for brides? ✨ """,inactive,,,,300,Daily,0,0,0,2026-05-28,"7-day click or 1-day view",0,,,0,,,,,0
2026-07-31,2026-07-31,"Post: ""Made for summer days, yet wrapped in  elegance 🌿✨ """,completed,,,,300,Daily,0,0,0,2026-05-28,"7-day click or 1-day view",0,,,0,,,,,0
2026-07-31,2026-07-31,"Black Half Saree Dress Campaign",inactive,,,,"Using ad set budget",0,0,0,0,Ongoing,"7-day click or 1-day view",0,,,0,,,,,0
2026-07-31,2026-07-31,"Lehenga post from Insta",inactive,4975,video_thruplay_watched_actions,0.05322412,"Using ad set budget",0,264.79,23380,22726,Ongoing,"7-day click or 1-day view",11.325492,0.053224,4975,0,4046,23135,6608,1882,0.787644
2026-07-31,2026-07-31,"FB Janviaika Video Campaign_English",inactive,,,,300,Daily,0,0,0,Ongoing,"7-day click or 1-day view",0,,,0,,,,,0
2026-07-31,2026-07-31,"Chudidhaar Advantage+ Shopping Campaign",inactive,,,,500,Daily,0,0,0,Ongoing,"7-day click, 1-day view or 1-day engaged view",0,,,0,,,,,0
2026-07-31,2026-07-31,"Advantage+ Shopping Campaign March",inactive,,,,500,Daily,0,0,0,Ongoing,"7-day click or 1-day view",0,,,0,,,,,0
2026-07-31,2026-07-31,"Model Engagement Video Campaign",inactive,,,,800,Daily,0,0,0,Ongoing,"Multiple attribution settings",0,,,0,,,,,0
2026-07-31,2026-07-31,"Launch Sales campaign",inactive,,,,1000,Daily,0,0,0,Ongoing,"7-day click, 1-day view or 1-day engaged view",0,,,0,,,,,0
2026-07-30,2026-07-30,"Retargeting Sales campaign",active,1,actions:offsite_conversion.fb_pixel_purchase,168.14,500,Daily,168.14,538,503,Ongoing,"7-day click, 1-day view or 1-day engaged view",312.527881,,,0,,2,,,4.970179
2026-07-30,2026-07-30,Anarkali-And-Half-saree-JanviAika_Shopping_Ad_Campaign,active,2,actions:offsite_conversion.fb_pixel_purchase,490.435,2000,Daily,980.87,1755,1277,Ongoing,"7-day click, 1-day view or 1-day engaged view",558.900285,22.81093,43,0,53,223,82,43,7.282694
2026-07-30,2026-07-30,"Engagement campaign Janviaika Reels",active,,,,"Using ad set budget",0,0,0,0,Ongoing,"7-day click or 1-day view",0,,,0,,,,,0
2026-07-30,2026-07-30,"JanviAika_Shopping_Ad_Campaign – Lehenga_And_Long_Gowns",active,,,,1000,Daily,959.65,3794,2806,Ongoing,"7-day click, 1-day view or 1-day engaged view",252.938851,,,0,,,,,4.027085
2026-07-30,2026-07-30,"Hot Campaign for Website Visitors",active,1,actions:offsite_conversion.fb_pixel_purchase,488.37,500,Daily,488.37,1516,1119,Ongoing,"7-day click, 1-day view or 1-day engaged view",322.143799,122.0925,4,0,5,17,8,4,6.881144
2026-07-30,2026-07-30,JanviAika_Shopping_Ad_Campaign,active,1,actions:offsite_conversion.fb_pixel_purchase,989.12,"Using ad set budget",0,989.12,3032,2127,Ongoing,"7-day click, 1-day view or 1-day engaged view",326.226913,11.636706,85,0,118,477,173,87,5.359662
2026-07-30,2026-07-30,"Anarkali Set Whatsapp campaign",inactive,,,,500,Daily,0,0,0,Ongoing,"7-day click or 1-day view",0,,,0,,,,,0
2026-07-30,2026-07-30,"Trendy Green Bridal Couture Whatsapp campaign",archived,,,,500,Daily,0,0,0,2026-06-03,"7-day click or 1-day view",0,,,0,,,,,0
2026-07-30,2026-07-30,Dark-Pink-Lehenga-Whatsapp-campaign,archived,,,,500,Daily,0,0,0,2026-06-03,"7-day click or 1-day view",0,,,0,,,,,0
2026-07-30,2026-07-30,"Lehenga Set Whatsapp campaign",inactive,,,,500,Daily,0,0,0,Ongoing,"7-day click or 1-day view",0,,,0,,,,,0
2026-07-30,2026-07-30,"Red Anarkali Engagement campaign",inactive,10449,video_thruplay_watched_actions,0.03029285,300,Daily,316.53,58919,58919,Ongoing,"7-day click or 1-day view",5.372291,0.030293,10449,0,4908,58059,11626,2386,0.544816
2026-07-30,2026-07-30,"Post: ""Who said lehengas are only for brides? ✨ """,inactive,,,,300,Daily,0,0,0,2026-05-28,"7-day click or 1-day view",0,,,0,,,,,0
2026-07-30,2026-07-30,"Post: ""Made for summer days, yet wrapped in  elegance 🌿✨ """,completed,,,,300,Daily,0,0,0,2026-05-28,"7-day click or 1-day view",0,,,0,,,,,0
2026-07-30,2026-07-30,"Black Half Saree Dress Campaign",inactive,,,,"Using ad set budget",0,0,0,0,Ongoing,"7-day click or 1-day view",0,,,0,,,,,0
2026-07-30,2026-07-30,"Lehenga post from Insta",inactive,5900,video_thruplay_watched_actions,0.05688136,"Using ad set budget",0,335.6,28547,27868,Ongoing,"7-day click or 1-day view",11.756051,0.056881,5900,0,4714,28310,8086,2148,0.620784
2026-07-30,2026-07-30,"FB Janviaika Video Campaign_English",inactive,,,,300,Daily,0,0,0,Ongoing,"7-day click or 1-day view",0,,,0,,,,,0
2026-07-30,2026-07-30,"Chudidhaar Advantage+ Shopping Campaign",inactive,,,,500,Daily,0,0,0,Ongoing,"7-day click, 1-day view or 1-day engaged view",0,,,0,,,,,0
2026-07-30,2026-07-30,"Advantage+ Shopping Campaign March",inactive,,,,500,Daily,0,0,0,Ongoing,"7-day click or 1-day view",0,,,0,,,,,0
2026-07-30,2026-07-30,"Model Engagement Video Campaign",inactive,,,,800,Daily,0,0,0,Ongoing,"Multiple attribution settings",0,,,0,,,,,0
2026-07-30,2026-07-30,"Launch Sales campaign",inactive,,,,1000,Daily,0,0,0,Ongoing,"7-day click, 1-day view or 1-day engaged view",0,,,0,,,,,0
2026-07-29,2026-07-29,"Retargeting Sales campaign",active,,,,500,Daily,0,0,0,Ongoing,"7-day click, 1-day view or 1-day engaged view",0,,,0,,,,,0
2026-07-29,2026-07-29,Anarkali-And-Half-saree-JanviAika_Shopping_Ad_Campaign,active,,,,2000,Daily,963.94,2241,1659,Ongoing,"7-day click, 1-day view or 1-day engaged view",430.138331,17.850741,54,0,64,230,88,56,6.811332
2026-07-29,2026-07-29,"Engagement campaign Janviaika Reels",active,6256,video_thruplay_watched_actions,0.03413043,"Using ad set budget",0,213.52,40609,36917,Ongoing,"7-day click or 1-day view",5.257948,0.03413,6256,0,4104,40240,7042,2632,0.205867
2026-07-29,2026-07-29,"JanviAika_Shopping_Ad_Campaign – Lehenga_And_Long_Gowns",active,,,,1000,Daily,858.74,3484,2706,Ongoing,"7-day click, 1-day view or 1-day engaged view",246.481056,,,0,,,,,3.584627
2026-07-29,2026-07-29,"Hot Campaign for Website Visitors",active,,,,500,Daily,498,1496,1098,Ongoing,"7-day click, 1-day view or 1-day engaged view",332.887701,99.6,5,0,6,25,7,5,7.650273
2026-07-29,2026-07-29,JanviAika_Shopping_Ad_Campaign,active,3,actions:offsite_conversion.fb_pixel_purchase,289.88333333,"Using ad set budget",0,869.65,3074,2146,Ongoing,"7-day click, 1-day view or 1-day engaged view",282.90501,31.058929,28,0,39,205,55,28,5.032619
2026-07-29,2026-07-29,"Anarkali Set Whatsapp campaign",inactive,,,,500,Daily,0,0,0,Ongoing,"7-day click or 1-day view",0,,,0,,,,,0
2026-07-29,2026-07-29,"Trendy Green Bridal Couture Whatsapp campaign",archived,,,,500,Daily,0,0,0,2026-06-03,"7-day click or 1-day view",0,,,0,,,,,0
2026-07-29,2026-07-29,Dark-Pink-Lehenga-Whatsapp-campaign,archived,,,,500,Daily,0,0,0,2026-06-03,"7-day click or 1-day view",0,,,0,,,,,0
2026-07-29,2026-07-29,"Lehenga Set Whatsapp campaign",inactive,,,,500,Daily,0,0,0,Ongoing,"7-day click or 1-day view",0,,,0,,,,,0
2026-07-29,2026-07-29,"Red Anarkali Engagement campaign",inactive,10338,video_thruplay_watched_actions,0.02862739,300,Daily,295.95,55218,54980,Ongoing,"7-day click or 1-day view",5.359665,0.028627,10338,0,4529,54164,11437,2246,0.563841
2026-07-29,2026-07-29,"Post: ""Who said lehengas are only for brides? ✨ """,inactive,,,,300,Daily,0,0,0,2026-05-28,"7-day click or 1-day view",0,,,0,,,,,0
2026-07-29,2026-07-29,"Post: ""Made for summer days, yet wrapped in  elegance 🌿✨ """,completed,,,,300,Daily,0,0,0,2026-05-28,"7-day click or 1-day view",0,,,0,,,,,0
2026-07-29,2026-07-29,"Black Half Saree Dress Campaign",inactive,,,,"Using ad set budget",0,0,0,0,Ongoing,"7-day click or 1-day view",0,,,0,,,,,0
2026-07-29,2026-07-29,"Lehenga post from Insta",inactive,5258,video_thruplay_watched_actions,0.05261887,"Using ad set budget",0,276.67,23185,22264,Ongoing,"7-day click or 1-day view",11.933146,0.052619,5258,0,4243,22964,6992,2008,0.696191
2026-07-29,2026-07-29,"FB Janviaika Video Campaign_English",inactive,,,,300,Daily,0,0,0,Ongoing,"7-day click or 1-day view",0,,,0,,,,,0
2026-07-29,2026-07-29,"Chudidhaar Advantage+ Shopping Campaign",inactive,,,,500,Daily,0,0,0,Ongoing,"7-day click, 1-day view or 1-day engaged view",0,,,0,,,,,0
2026-07-29,2026-07-29,"Advantage+ Shopping Campaign March",inactive,,,,500,Daily,0,0,0,Ongoing,"7-day click or 1-day view",0,,,0,,,,,0
2026-07-29,2026-07-29,"Model Engagement Video Campaign",inactive,,,,800,Daily,0,0,0,Ongoing,"Multiple attribution settings",0,,,0,,,,,0
2026-07-29,2026-07-29,"Launch Sales campaign",inactive,,,,1000,Daily,0,0,0,Ongoing,"7-day click, 1-day view or 1-day engaged view",0,,,0,,,,,0
2026-07-28,2026-07-28,"Retargeting Sales campaign",active,,,,500,Daily,0,0,0,Ongoing,"7-day click, 1-day view or 1-day engaged view",0,,,0,,,,,0
2026-07-28,2026-07-28,Anarkali-And-Half-saree-JanviAika_Shopping_Ad_Campaign,active,2,actions:offsite_conversion.fb_pixel_purchase,452.755,2000,Daily,905.51,2394,1725,Ongoing,"7-day click, 1-day view or 1-day engaged view",378.241437,17.085094,53,1,61,200,78,54,7.478261
2026-07-28,2026-07-28,"Engagement campaign Janviaika Reels",active,8881,video_thruplay_watched_actions,0.04117104,"Using ad set budget",0,365.64,60697,54055,Ongoing,"7-day click or 1-day view",6.024021,0.041171,8881,0,5775,60068,10178,3776,0.266395
2026-07-28,2026-07-28,"JanviAika_Shopping_Ad_Campaign – Lehenga_And_Long_Gowns",active,,,,1000,Daily,1109.25,4602,3432,Ongoing,"7-day click, 1-day view or 1-day engaged view",241.036506,,,0,,,,,4.516317
2026-07-28,2026-07-28,"Hot Campaign for Website Visitors",active,,,,500,Daily,515,1755,1227,Ongoing,"7-day click, 1-day view or 1-day engaged view",293.447293,64.375,8,0,14,45,19,8,7.416463
2026-07-28,2026-07-28,JanviAika_Shopping_Ad_Campaign,active,1,actions:offsite_conversion.fb_pixel_purchase,944.62,"Using ad set budget",0,944.62,4088,2916,Ongoing,"7-day click, 1-day view or 1-day engaged view",231.071429,67.472857,14,0,18,126,31,14,4.561043
2026-07-28,2026-07-28,"Anarkali Set Whatsapp campaign",inactive,,,,500,Daily,0,0,0,Ongoing,"7-day click or 1-day view",0,,,0,,,,,0
2026-07-28,2026-07-28,"Trendy Green Bridal Couture Whatsapp campaign",archived,,,,500,Daily,0,0,0,2026-06-03,"7-day click or 1-day view",0,,,0,,,,,0
2026-07-28,2026-07-28,Dark-Pink-Lehenga-Whatsapp-campaign,archived,,,,500,Daily,0,0,0,2026-06-03,"7-day click or 1-day view",0,,,0,,,,,0
2026-07-28,2026-07-28,"Lehenga Set Whatsapp campaign",inactive,,,,500,Daily,0,0,0,Ongoing,"7-day click or 1-day view",0,,,0,,,,,0
2026-07-28,2026-07-28,"Red Anarkali Engagement campaign",inactive,10884,video_thruplay_watched_actions,0.02840867,300,Daily,309.2,57269,57269,Ongoing,"7-day click or 1-day view",5.399082,0.028409,10884,0,4877,56198,12049,2416,0.541305
2026-07-28,2026-07-28,"Post: ""Who said lehengas are only for brides? ✨ """,inactive,,,,300,Daily,0,0,0,2026-05-28,"7-day click or 1-day view",0,,,0,,,,,0
2026-07-28,2026-07-28,"Post: ""Made for summer days, yet wrapped in  elegance 🌿✨ """,completed,,,,300,Daily,0,0,0,2026-05-28,"7-day click or 1-day view",0,,,0,,,,,0
2026-07-28,2026-07-28,"Black Half Saree Dress Campaign",inactive,,,,"Using ad set budget",0,0,0,0,Ongoing,"7-day click or 1-day view",0,,,0,,,,,0
2026-07-28,2026-07-28,"Lehenga post from Insta",inactive,5758,video_thruplay_watched_actions,0.05418722,"Using ad set budget",0,312.01,26305,25747,Ongoing,"7-day click or 1-day view",11.861243,0.054187,5758,0,4613,26069,7706,2080,0.683575
2026-07-28,2026-07-28,"FB Janviaika Video Campaign_English",inactive,,,,300,Daily,0,0,0,Ongoing,"7-day click or 1-day view",0,,,0,,,,,0
2026-07-28,2026-07-28,"Chudidhaar Advantage+ Shopping Campaign",inactive,,,,500,Daily,0,0,0,Ongoing,"7-day click, 1-day view or 1-day engaged view",0,,,0,,,,,0
2026-07-28,2026-07-28,"Advantage+ Shopping Campaign March",inactive,,,,500,Daily,0,0,0,Ongoing,"7-day click or 1-day view",0,,,0,,,,,0
2026-07-28,2026-07-28,"Model Engagement Video Campaign",inactive,,,,800,Daily,0,0,0,Ongoing,"Multiple attribution settings",0,,,0,,,,,0
2026-07-28,2026-07-28,"Launch Sales campaign",inactive,,,,1000,Daily,0,0,0,Ongoing,"7-day click, 1-day view or 1-day engaged view",0,,,0,,,,,0
2026-07-27,2026-07-27,"Retargeting Sales campaign",active,,,,500,Daily,0,0,0,Ongoing,"7-day click, 1-day view or 1-day engaged view",0,,,0,,,,,0
2026-07-27,2026-07-27,Anarkali-And-Half-saree-JanviAika_Shopping_Ad_Campaign,active,4,actions:offsite_conversion.fb_pixel_purchase,294.69,2000,Daily,1178.76,2111,1584,Ongoing,"7-day click, 1-day view or 1-day engaged view",558.389389,20.68,57,1,63,209,85,57,7.954545
2026-07-27,2026-07-27,"Engagement campaign Janviaika Reels",active,5652,video_thruplay_watched_actions,0.0693489,"Using ad set budget",0,391.96,43503,42098,Ongoing,"7-day click or 1-day view",9.009953,0.069349,5652,1,2840,42933,5037,1733,0.337308
2026-07-27,2026-07-27,"JanviAika_Shopping_Ad_Campaign – Lehenga_And_Long_Gowns",active,,,,1000,Daily,1189.39,4460,3361,Ongoing,"7-day click, 1-day view or 1-day engaged view",266.679372,,,0,,,,,4.284439
2026-07-27,2026-07-27,"Hot Campaign for Website Visitors",active,2,actions:offsite_conversion.fb_pixel_purchase,241.455,500,Daily,482.91,1138,887,Ongoing,"7-day click, 1-day view or 1-day engaged view",424.349736,48.291,10,0,11,29,16,10,6.200676
2026-07-27,2026-07-27,JanviAika_Shopping_Ad_Campaign,active,1,actions:offsite_conversion.fb_pixel_purchase,1054.22,"Using ad set budget",0,1054.22,3801,2805,Ongoing,"7-day click, 1-day view or 1-day engaged view",277.353328,117.135556,9,0,11,90,18,9,4.705882
2026-07-27,2026-07-27,"Anarkali Set Whatsapp campaign",inactive,,,,500,Daily,0,0,0,Ongoing,"7-day click or 1-day view",0,,,0,,,,,0
2026-07-27,2026-07-27,"Trendy Green Bridal Couture Whatsapp campaign",archived,,,,500,Daily,0,0,0,2026-06-03,"7-day click or 1-day view",0,,,0,,,,,0
2026-07-27,2026-07-27,Dark-Pink-Lehenga-Whatsapp-campaign,archived,,,,500,Daily,0,0,0,2026-06-03,"7-day click or 1-day view",0,,,0,,,,,0
2026-07-27,2026-07-27,"Lehenga Set Whatsapp campaign",inactive,,,,500,Daily,0,0,0,Ongoing,"7-day click or 1-day view",0,,,0,,,,,0
2026-07-27,2026-07-27,"Red Anarkali Engagement campaign",inactive,10678,video_thruplay_watched_actions,0.02912905,300,Daily,311.04,60030,60030,Ongoing,"7-day click or 1-day view",5.181409,0.029129,10678,0,4846,59048,11864,2343,0.498084
2026-07-27,2026-07-27,"Post: ""Who said lehengas are only for brides? ✨ """,inactive,,,,300,Daily,0,0,0,2026-05-28,"7-day click or 1-day view",0,,,0,,,,,0
2026-07-27,2026-07-27,"Post: ""Made for summer days, yet wrapped in  elegance 🌿✨ """,completed,,,,300,Daily,0,0,0,2026-05-28,"7-day click or 1-day view",0,,,0,,,,,0
2026-07-27,2026-07-27,"Black Half Saree Dress Campaign",inactive,,,,"Using ad set budget",0,0,0,0,Ongoing,"7-day click or 1-day view",0,,,0,,,,,0
2026-07-27,2026-07-27,"Lehenga post from Insta",inactive,5701,video_thruplay_watched_actions,0.05414313,"Using ad set budget",0,308.67,26122,24548,Ongoing,"7-day click or 1-day view",11.816477,0.054143,5701,0,4596,25895,7687,2131,0.676226
2026-07-27,2026-07-27,"FB Janviaika Video Campaign_English",inactive,,,,300,Daily,0,0,0,Ongoing,"7-day click or 1-day view",0,,,0,,,,,0
2026-07-27,2026-07-27,"Chudidhaar Advantage+ Shopping Campaign",inactive,,,,500,Daily,0,0,0,Ongoing,"7-day click, 1-day view or 1-day engaged view",0,,,0,,,,,0
2026-07-27,2026-07-27,"Advantage+ Shopping Campaign March",inactive,,,,500,Daily,0,0,0,Ongoing,"7-day click or 1-day view",0,,,0,,,,,0
2026-07-27,2026-07-27,"Model Engagement Video Campaign",inactive,,,,800,Daily,0,0,0,Ongoing,"Multiple attribution settings",0,,,0,,,,,0
2026-07-27,2026-07-27,"Launch Sales campaign",inactive,,,,1000,Daily,0,0,0,Ongoing,"7-day click, 1-day view or 1-day engaged view",0,,,0,,,,,0
2026-07-26,2026-07-26,"Retargeting Sales campaign",active,,,,500,Daily,0,0,0,Ongoing,"7-day click, 1-day view or 1-day engaged view",0,,,0,,,,,0
2026-07-26,2026-07-26,Anarkali-And-Half-saree-JanviAika_Shopping_Ad_Campaign,active,1,actions:offsite_conversion.fb_pixel_purchase,1282.48,2000,Daily,1282.48,2550,1732,Ongoing,"7-day click, 1-day view or 1-day engaged view",502.933333,17.568219,73,1,84,294,119,74,7.274827
2026-07-26,2026-07-26,"Engagement campaign Janviaika Reels",active,3390,video_thruplay_watched_actions,0.09174926,"Using ad set budget",0,311.03,26386,26023,Ongoing,"7-day click or 1-day view",11.78769,0.091749,3390,1,752,25801,1436,391,0.399646
2026-07-26,2026-07-26,"JanviAika_Shopping_Ad_Campaign – Lehenga_And_Long_Gowns",active,1,actions:offsite_conversion.fb_pixel_purchase,1236.36,1000,Daily,1236.36,4529,3447,Ongoing,"7-day click, 1-day view or 1-day engaged view",272.987414,,,1,,,,,4.844793
2026-07-26,2026-07-26,"Hot Campaign for Website Visitors",active,1,actions:offsite_conversion.fb_pixel_purchase,632.21,500,Daily,632.21,1576,1119,Ongoing,"7-day click, 1-day view or 1-day engaged view",401.148477,158.0525,4,0,7,27,11,4,8.757819
2026-07-26,2026-07-26,JanviAika_Shopping_Ad_Campaign,active,4,actions:offsite_conversion.fb_pixel_purchase,303.41,"Using ad set budget",0,1213.64,4414,3130,Ongoing,"7-day click, 1-day view or 1-day engaged view",274.952424,80.909333,15,0,17,90,32,15,4.504792
2026-07-26,2026-07-26,"Anarkali Set Whatsapp campaign",inactive,,,,500,Daily,0,0,0,Ongoing,"7-day click or 1-day view",0,,,0,,,,,0
2026-07-26,2026-07-26,"Trendy Green Bridal Couture Whatsapp campaign",archived,,,,500,Daily,0,0,0,2026-06-03,"7-day click or 1-day view",0,,,0,,,,,0
2026-07-26,2026-07-26,Dark-Pink-Lehenga-Whatsapp-campaign,archived,,,,500,Daily,0,0,0,2026-06-03,"7-day click or 1-day view",0,,,0,,,,,0
2026-07-26,2026-07-26,"Lehenga Set Whatsapp campaign",inactive,,,,500,Daily,0,0,0,Ongoing,"7-day click or 1-day view",0,,,0,,,,,0
2026-07-26,2026-07-26,"Red Anarkali Engagement campaign",inactive,11009,video_thruplay_watched_actions,0.02952403,300,Daily,325.03,59379,56583,Ongoing,"7-day click or 1-day view",5.473821,0.029524,11009,0,4841,58300,12147,2337,0.634466
2026-07-26,2026-07-26,"Post: ""Who said lehengas are only for brides? ✨ """,inactive,,,,300,Daily,0,0,0,2026-05-28,"7-day click or 1-day view",0,,,0,,,,,0
2026-07-26,2026-07-26,"Post: ""Made for summer days, yet wrapped in  elegance 🌿✨ """,completed,,,,300,Daily,0,0,0,2026-05-28,"7-day click or 1-day view",0,,,0,,,,,0
2026-07-26,2026-07-26,"Black Half Saree Dress Campaign",inactive,,,,"Using ad set budget",0,0,0,0,Ongoing,"7-day click or 1-day view",0,,,0,,,,,0
2026-07-26,2026-07-26,"Lehenga post from Insta",inactive,5848,video_thruplay_watched_actions,0.05641758,"Using ad set budget",0,329.93,26560,24674,Ongoing,"7-day click or 1-day view",12.422063,0.056418,5848,0,4735,26311,7869,2153,0.713301
2026-07-26,2026-07-26,"FB Janviaika Video Campaign_English",inactive,,,,300,Daily,0,0,0,Ongoing,"7-day click or 1-day view",0,,,0,,,,,0
2026-07-26,2026-07-26,"Chudidhaar Advantage+ Shopping Campaign",inactive,,,,500,Daily,0,0,0,Ongoing,"7-day click, 1-day view or 1-day engaged view",0,,,0,,,,,0
2026-07-26,2026-07-26,"Advantage+ Shopping Campaign March",inactive,,,,500,Daily,0,0,0,Ongoing,"7-day click or 1-day view",0,,,0,,,,,0
2026-07-26,2026-07-26,"Model Engagement Video Campaign",inactive,,,,800,Daily,0,0,0,Ongoing,"Multiple attribution settings",0,,,0,,,,,0
2026-07-26,2026-07-26,"Launch Sales campaign",inactive,,,,1000,Daily,0,0,0,Ongoing,"7-day click, 1-day view or 1-day engaged view",0,,,0,,,,,0
2026-07-25,2026-07-25,"Retargeting Sales campaign",active,,,,500,Daily,0,0,0,Ongoing,"7-day click, 1-day view or 1-day engaged view",0,,,0,,,,,0
2026-07-25,2026-07-25,Anarkali-And-Half-saree-JanviAika_Shopping_Ad_Campaign,active,1,actions:offsite_conversion.fb_pixel_purchase,839.53,2000,Daily,839.53,1504,1011,Ongoing,"7-day click, 1-day view or 1-day engaged view",558.198138,20.476341,41,1,52,194,80,42,8.704253
2026-07-25,2026-07-25,"Engagement campaign Janviaika Reels",active,4060,video_thruplay_watched_actions,0.09460837,"Using ad set budget",0,384.11,27433,26119,Ongoing,"7-day click or 1-day view",14.00175,0.094608,4060,1,782,26939,1421,418,0.539837
2026-07-25,2026-07-25,"JanviAika_Shopping_Ad_Campaign – Lehenga_And_Long_Gowns",active,,,,1000,Daily,786.51,2321,1749,Ongoing,"7-day click, 1-day view or 1-day engaged view",338.866868,,,0,,,,,3.945111
2026-07-25,2026-07-25,"Hot Campaign for Website Visitors",active,,,,500,Daily,343.33,1109,797,Ongoing,"7-day click, 1-day view or 1-day engaged view",309.585212,114.443333,3,0,3,13,5,3,5.395232
2026-07-25,2026-07-25,JanviAika_Shopping_Ad_Campaign,active,1,actions:offsite_conversion.fb_pixel_purchase,911.9,"Using ad set budget",0,911.9,3458,2472,Ongoing,"7-day click, 1-day view or 1-day engaged view",263.707345,47.994737,19,0,23,112,36,19,4.894822
2026-07-25,2026-07-25,"Anarkali Set Whatsapp campaign",inactive,,,,500,Daily,0,0,0,Ongoing,"7-day click or 1-day view",0,,,0,,,,,0
2026-07-25,2026-07-25,"Trendy Green Bridal Couture Whatsapp campaign",archived,,,,500,Daily,0,0,0,2026-06-03,"7-day click or 1-day view",0,,,0,,,,,0
2026-07-25,2026-07-25,Dark-Pink-Lehenga-Whatsapp-campaign,archived,,,,500,Daily,0,0,0,2026-06-03,"7-day click or 1-day view",0,,,0,,,,,0
2026-07-25,2026-07-25,"Lehenga Set Whatsapp campaign",inactive,,,,500,Daily,0,0,0,Ongoing,"7-day click or 1-day view",0,,,0,,,,,0
2026-07-25,2026-07-25,"Red Anarkali Engagement campaign",inactive,8778,video_thruplay_watched_actions,0.03047163,300,Daily,267.48,48351,47964,Ongoing,"7-day click or 1-day view",5.532047,0.030472,8778,0,3869,47444,9737,1916,0.521224
2026-07-25,2026-07-25,"Post: ""Who said lehengas are only for brides? ✨ """,inactive,,,,300,Daily,0,0,0,2026-05-28,"7-day click or 1-day view",0,,,0,,,,,0
2026-07-25,2026-07-25,"Post: ""Made for summer days, yet wrapped in  elegance 🌿✨ """,completed,,,,300,Daily,0,0,0,2026-05-28,"7-day click or 1-day view",0,,,0,,,,,0
2026-07-25,2026-07-25,"Black Half Saree Dress Campaign",inactive,,,,"Using ad set budget",0,0,0,0,Ongoing,"7-day click or 1-day view",0,,,0,,,,,0
2026-07-25,2026-07-25,"Lehenga post from Insta",inactive,4599,video_thruplay_watched_actions,0.05816264,"Using ad set budget",0,267.49,20844,19675,Ongoing,"7-day click or 1-day view",12.83295,0.058163,4599,0,3649,20631,6236,1645,0.681067
2026-07-25,2026-07-25,"FB Janviaika Video Campaign_English",inactive,,,,300,Daily,0,0,0,Ongoing,"7-day click or 1-day view",0,,,0,,,,,0
2026-07-25,2026-07-25,"Chudidhaar Advantage+ Shopping Campaign",inactive,,,,500,Daily,0,0,0,Ongoing,"7-day click, 1-day view or 1-day engaged view",0,,,0,,,,,0
2026-07-25,2026-07-25,"Advantage+ Shopping Campaign March",inactive,,,,500,Daily,0,0,0,Ongoing,"7-day click or 1-day view",0,,,0,,,,,0
2026-07-25,2026-07-25,"Model Engagement Video Campaign",inactive,,,,800,Daily,0,0,0,Ongoing,"Multiple attribution settings",0,,,0,,,,,0
2026-07-25,2026-07-25,"Launch Sales campaign",inactive,,,,1000,Daily,0,0,0,Ongoing,"7-day click, 1-day view or 1-day engaged view",0,,,0,,,,,0
2026-07-24,2026-07-24,"Retargeting Sales campaign",active,,,,500,Daily,0,0,0,Ongoing,"7-day click, 1-day view or 1-day engaged view",0,,,0,,,,,0
2026-07-24,2026-07-24,Anarkali-And-Half-saree-JanviAika_Shopping_Ad_Campaign,active,,,,2000,Daily,984.4,1717,1187,Ongoing,"7-day click, 1-day view or 1-day engaged view",573.325568,10.362105,95,0,123,392,166,101,8.677338
2026-07-24,2026-07-24,"Engagement campaign Janviaika Reels",active,2725,video_thruplay_watched_actions,0.0664367,"Using ad set budget",0,181.04,19580,19580,Ongoing,"7-day click or 1-day view",9.24617,0.066437,2725,0,1013,19242,1800,540,0.301328
2026-07-24,2026-07-24,"JanviAika_Shopping_Ad_Campaign – Lehenga_And_Long_Gowns",active,,,,1000,Daily,954.63,2398,1756,Ongoing,"7-day click, 1-day view or 1-day engaged view",398.094245,,,0,,,,,4.612756
2026-07-24,2026-07-24,"Hot Campaign for Website Visitors",active,,,,500,Daily,470.87,1272,926,Ongoing,"7-day click, 1-day view or 1-day engaged view",370.180818,39.239167,12,0,14,32,20,12,6.695464
2026-07-24,2026-07-24,JanviAika_Shopping_Ad_Campaign,active,2,actions:offsite_conversion.fb_pixel_purchase,463.53,"Using ad set budget",0,927.06,3216,2053,Ongoing,"7-day click, 1-day view or 1-day engaged view",288.264925,51.503333,18,0,25,138,39,18,4.773502
2026-07-24,2026-07-24,"Anarkali Set Whatsapp campaign",inactive,,,,500,Daily,0,0,0,Ongoing,"7-day click or 1-day view",0,,,0,,,,,0
2026-07-24,2026-07-24,"Trendy Green Bridal Couture Whatsapp campaign",archived,,,,500,Daily,0,0,0,2026-06-03,"7-day click or 1-day view",0,,,0,,,,,0
2026-07-24,2026-07-24,Dark-Pink-Lehenga-Whatsapp-campaign,archived,,,,500,Daily,0,0,0,2026-06-03,"7-day click or 1-day view",0,,,0,,,,,0
2026-07-24,2026-07-24,"Lehenga Set Whatsapp campaign",inactive,,,,500,Daily,0,0,0,Ongoing,"7-day click or 1-day view",0,,,0,,,,,0
2026-07-24,2026-07-24,"Red Anarkali Engagement campaign",inactive,10457,video_thruplay_watched_actions,0.0288381,300,Daily,301.56,55469,54550,Ongoing,"7-day click or 1-day view",5.43655,0.028838,10457,0,4473,54267,11515,2161,0.566453
2026-07-24,2026-07-24,"Post: ""Who said lehengas are only for brides? ✨ """,inactive,,,,300,Daily,0,0,0,2026-05-28,"7-day click or 1-day view",0,,,0,,,,,0
2026-07-24,2026-07-24,"Post: ""Made for summer days, yet wrapped in  elegance 🌿✨ """,completed,,,,300,Daily,0,0,0,2026-05-28,"7-day click or 1-day view",0,,,0,,,,,0
2026-07-24,2026-07-24,"Black Half Saree Dress Campaign",inactive,,,,"Using ad set budget",0,0,0,0,Ongoing,"7-day click or 1-day view",0,,,0,,,,,0
2026-07-24,2026-07-24,"Lehenga post from Insta",inactive,5227,video_thruplay_watched_actions,0.05594988,"Using ad set budget",0,292.45,24864,24663,Ongoing,"7-day click or 1-day view",11.761985,0.05595,5227,0,4182,24491,7020,1868,0.689292
2026-07-24,2026-07-24,"FB Janviaika Video Campaign_English",inactive,,,,300,Daily,0,0,0,Ongoing,"7-day click or 1-day view",0,,,0,,,,,0
2026-07-24,2026-07-24,"Chudidhaar Advantage+ Shopping Campaign",inactive,,,,500,Daily,0,0,0,Ongoing,"7-day click, 1-day view or 1-day engaged view",0,,,0,,,,,0
2026-07-24,2026-07-24,"Advantage+ Shopping Campaign March",inactive,,,,500,Daily,0,0,0,Ongoing,"7-day click or 1-day view",0,,,0,,,,,0
2026-07-24,2026-07-24,"Model Engagement Video Campaign",inactive,,,,800,Daily,0,0,0,Ongoing,"Multiple attribution settings",0,,,0,,,,,0
2026-07-24,2026-07-24,"Launch Sales campaign",inactive,,,,1000,Daily,0,0,0,Ongoing,"7-day click, 1-day view or 1-day engaged view",0,,,0,,,,,0
2026-07-23,2026-07-23,"Retargeting Sales campaign",active,,,,500,Daily,0,0,0,Ongoing,"7-day click, 1-day view or 1-day engaged view",0,,,0,,,,,0
2026-07-23,2026-07-23,Anarkali-And-Half-saree-JanviAika_Shopping_Ad_Campaign,active,,,,2000,Daily,1012.21,1713,1264,Ongoing,"7-day click, 1-day view or 1-day engaged view",590.899008,14.66971,69,1,79,242,104,67,8.386076
2026-07-23,2026-07-23,"Engagement campaign Janviaika Reels",active,7928,video_thruplay_watched_actions,0.03577321,"Using ad set budget",0,283.61,48640,48640,Ongoing,"7-day click or 1-day view",5.830798,0.035773,7928,0,3735,47822,6478,2083,0.296053
2026-07-23,2026-07-23,"JanviAika_Shopping_Ad_Campaign – Lehenga_And_Long_Gowns",active,,,,1000,Daily,990.01,3317,2440,Ongoing,"7-day click, 1-day view or 1-day engaged view",298.465481,8.76115,113,3,135,525,194,113,3.770492
2026-07-23,2026-07-23,"Hot Campaign for Website Visitors",active,2,actions:offsite_conversion.fb_pixel_purchase,269.835,500,Daily,539.67,1422,1005,Ongoing,"7-day click, 1-day view or 1-day engaged view",379.514768,269.835,2,1,4,23,8,2,9.154229
2026-07-23,2026-07-23,JanviAika_Shopping_Ad_Campaign,active,2,actions:offsite_conversion.fb_pixel_purchase,447.935,"Using ad set budget",0,895.87,3120,2291,Ongoing,"7-day click, 1-day view or 1-day engaged view",287.137821,35.8348,25,0,31,153,43,25,4.975993
2026-07-23,2026-07-23,"Anarkali Set Whatsapp campaign",inactive,,,,500,Daily,0,0,0,Ongoing,"7-day click or 1-day view",0,,,0,,,,,0
2026-07-23,2026-07-23,"Trendy Green Bridal Couture Whatsapp campaign",archived,,,,500,Daily,0,0,0,2026-06-03,"7-day click or 1-day view",0,,,0,,,,,0
2026-07-23,2026-07-23,Dark-Pink-Lehenga-Whatsapp-campaign,archived,,,,500,Daily,0,0,0,2026-06-03,"7-day click or 1-day view",0,,,0,,,,,0
2026-07-23,2026-07-23,"Lehenga Set Whatsapp campaign",inactive,,,,500,Daily,0,0,0,Ongoing,"7-day click or 1-day view",0,,,0,,,,,0
2026-07-23,2026-07-23,"Red Anarkali Engagement campaign",inactive,10105,video_thruplay_watched_actions,0.02992974,300,Daily,302.44,55571,55489,Ongoing,"7-day click or 1-day view",5.442407,0.02993,10105,0,4543,54450,11177,2235,0.618141
2026-07-23,2026-07-23,"Post: ""Who said lehengas are only for brides? ✨ """,inactive,,,,300,Daily,0,0,0,2026-05-28,"7-day click or 1-day view",0,,,0,,,,,0
2026-07-23,2026-07-23,"Post: ""Made for summer days, yet wrapped in  elegance 🌿✨ """,completed,,,,300,Daily,0,0,0,2026-05-28,"7-day click or 1-day view",0,,,0,,,,,0
2026-07-23,2026-07-23,"Black Half Saree Dress Campaign",inactive,,,,"Using ad set budget",0,0,0,0,Ongoing,"7-day click or 1-day view",0,,,0,,,,,0
2026-07-23,2026-07-23,"Lehenga post from Insta",inactive,5490,video_thruplay_watched_actions,0.05513479,"Using ad set budget",0,302.69,24182,24105,Ongoing,"7-day click or 1-day view",12.517162,0.055135,5490,0,4427,23898,7295,2020,0.613981
2026-07-23,2026-07-23,"FB Janviaika Video Campaign_English",inactive,,,,300,Daily,0,0,0,Ongoing,"7-day click or 1-day view",0,,,0,,,,,0
2026-07-23,2026-07-23,"Chudidhaar Advantage+ Shopping Campaign",inactive,,,,500,Daily,0,0,0,Ongoing,"7-day click, 1-day view or 1-day engaged view",0,,,0,,,,,0
2026-07-23,2026-07-23,"Advantage+ Shopping Campaign March",inactive,,,,500,Daily,0,0,0,Ongoing,"7-day click or 1-day view",0,,,0,,,,,0
2026-07-23,2026-07-23,"Model Engagement Video Campaign",inactive,,,,800,Daily,0,0,0,Ongoing,"Multiple attribution settings",0,,,0,,,,,0
2026-07-23,2026-07-23,"Launch Sales campaign",inactive,,,,1000,Daily,0,0,0,Ongoing,"7-day click, 1-day view or 1-day engaged view",0,,,0,,,,,0
2026-07-22,2026-07-22,"Retargeting Sales campaign",active,,,,500,Daily,0,0,0,Ongoing,"7-day click, 1-day view or 1-day engaged view",0,,,0,,,,,0
2026-07-22,2026-07-22,Anarkali-And-Half-saree-JanviAika_Shopping_Ad_Campaign,active,,,,2000,Daily,971.87,2054,1474,Ongoing,"7-day click, 1-day view or 1-day engaged view",473.159688,14.725303,66,0,77,233,108,68,7.123474
2026-07-22,2026-07-22,"Engagement campaign Janviaika Reels",active,8259,video_thruplay_watched_actions,0.03397627,"Using ad set budget",0,280.61,51424,51187,Ongoing,"7-day click or 1-day view",5.456791,0.033976,8259,0,3727,50489,6499,2063,0.273507
2026-07-22,2026-07-22,"JanviAika_Shopping_Ad_Campaign – Lehenga_And_Long_Gowns",active,,,,1000,Daily,883.73,2323,1604,Ongoing,"7-day click, 1-day view or 1-day engaged view",380.426173,4.33201,204,0,274,1202,418,207,2.992519
2026-07-22,2026-07-22,"Hot Campaign for Website Visitors",active,1,actions:offsite_conversion.fb_pixel_purchase,508.41,500,Daily,508.41,1496,1154,Ongoing,"7-day click, 1-day view or 1-day engaged view",339.846257,169.47,3,1,4,18,7,3,7.538995
2026-07-22,2026-07-22,JanviAika_Shopping_Ad_Campaign,active,2,actions:offsite_conversion.fb_pixel_purchase,527.61,"Using ad set budget",0,1055.22,3882,2982,Ongoing,"7-day click, 1-day view or 1-day engaged view",271.823802,32.975625,32,0,39,139,54,32,4.862508
2026-07-22,2026-07-22,"Anarkali Set Whatsapp campaign",inactive,,,,500,Daily,0,0,0,Ongoing,"7-day click or 1-day view",0,,,0,,,,,0
2026-07-22,2026-07-22,"Trendy Green Bridal Couture Whatsapp campaign",archived,,,,500,Daily,0,0,0,2026-06-03,"7-day click or 1-day view",0,,,0,,,,,0
2026-07-22,2026-07-22,Dark-Pink-Lehenga-Whatsapp-campaign,archived,,,,500,Daily,0,0,0,2026-06-03,"7-day click or 1-day view",0,,,0,,,,,0
2026-07-22,2026-07-22,"Lehenga Set Whatsapp campaign",inactive,,,,500,Daily,0,0,0,Ongoing,"7-day click or 1-day view",0,,,0,,,,,0
2026-07-22,2026-07-22,"Red Anarkali Engagement campaign",inactive,9938,video_thruplay_watched_actions,0.02954921,300,Daily,293.66,56806,53894,Ongoing,"7-day click or 1-day view",5.169524,0.029549,9938,0,4696,55491,11079,2387,0.406353
2026-07-22,2026-07-22,"Post: ""Who said lehengas are only for brides? ✨ """,inactive,,,,300,Daily,0,0,0,2026-05-28,"7-day click or 1-day view",0,,,0,,,,,0
2026-07-22,2026-07-22,"Post: ""Made for summer days, yet wrapped in  elegance 🌿✨ """,completed,,,,300,Daily,0,0,0,2026-05-28,"7-day click or 1-day view",0,,,0,,,,,0
2026-07-22,2026-07-22,"Black Half Saree Dress Campaign",inactive,,,,"Using ad set budget",0,0,0,0,Ongoing,"7-day click or 1-day view",0,,,0,,,,,0
2026-07-22,2026-07-22,"Lehenga post from Insta",inactive,4941,video_thruplay_watched_actions,0.05500708,"Using ad set budget",0,271.79,22953,22520,Ongoing,"7-day click or 1-day view",11.841154,0.055007,4941,0,4020,22563,6405,1942,0.652753
2026-07-22,2026-07-22,"FB Janviaika Video Campaign_English",inactive,,,,300,Daily,0,0,0,Ongoing,"7-day click or 1-day view",0,,,0,,,,,0
2026-07-22,2026-07-22,"Chudidhaar Advantage+ Shopping Campaign",inactive,,,,500,Daily,0,0,0,Ongoing,"7-day click, 1-day view or 1-day engaged view",0,,,0,,,,,0
2026-07-22,2026-07-22,"Advantage+ Shopping Campaign March",inactive,,,,500,Daily,0,0,0,Ongoing,"7-day click or 1-day view",0,,,0,,,,,0
2026-07-22,2026-07-22,"Model Engagement Video Campaign",inactive,,,,800,Daily,0,0,0,Ongoing,"Multiple attribution settings",0,,,0,,,,,0
2026-07-22,2026-07-22,"Launch Sales campaign",inactive,,,,1000,Daily,0,0,0,Ongoing,"7-day click, 1-day view or 1-day engaged view",0,,,0,,,,,0
2026-07-21,2026-07-21,"Retargeting Sales campaign",active,,,,500,Daily,0,0,0,Ongoing,"7-day click, 1-day view or 1-day engaged view",0,,,0,,,,,0
2026-07-21,2026-07-21,Anarkali-And-Half-saree-JanviAika_Shopping_Ad_Campaign,active,,,,2000,Daily,942.8,1920,1424,Ongoing,"7-day click, 1-day view or 1-day engaged view",491.041667,25.481081,37,0,44,131,53,37,7.935393
2026-07-21,2026-07-21,"Engagement campaign Janviaika Reels",active,8322,video_thruplay_watched_actions,0.03628214,"Using ad set budget",0,301.94,51255,50067,Ongoing,"7-day click or 1-day view",5.890937,0.036282,8322,0,3982,50384,6800,2179,0.389478
2026-07-21,2026-07-21,"JanviAika_Shopping_Ad_Campaign – Lehenga_And_Long_Gowns",active,,,,1000,Daily,1186.16,3334,2485,Ongoing,"7-day click, 1-day view or 1-day engaged view",355.776845,2.830931,419,0,532,2185,807,419,3.541247
2026-07-21,2026-07-21,"Hot Campaign for Website Visitors",active,,,,500,Daily,501.49,1438,998,Ongoing,"7-day click, 1-day view or 1-day engaged view",348.741307,250.745,2,0,2,22,7,2,8.917836
2026-07-21,2026-07-21,JanviAika_Shopping_Ad_Campaign,active,5,actions:offsite_conversion.fb_pixel_purchase,206.776,"Using ad set budget",0,1033.88,4154,3154,Ongoing,"7-day click, 1-day view or 1-day engaged view",248.887819,31.329697,33,1,39,156,55,33,5.865568
2026-07-21,2026-07-21,"Anarkali Set Whatsapp campaign",inactive,,,,500,Daily,0,0,0,Ongoing,"7-day click or 1-day view",0,,,0,,,,,0
2026-07-21,2026-07-21,"Trendy Green Bridal Couture Whatsapp campaign",archived,,,,500,Daily,0,0,0,2026-06-03,"7-day click or 1-day view",0,,,0,,,,,0
2026-07-21,2026-07-21,Dark-Pink-Lehenga-Whatsapp-campaign,archived,,,,500,Daily,0,0,0,2026-06-03,"7-day click or 1-day view",0,,,0,,,,,0
2026-07-21,2026-07-21,"Lehenga Set Whatsapp campaign",inactive,,,,500,Daily,0,0,0,Ongoing,"7-day click or 1-day view",0,,,0,,,,,0
2026-07-21,2026-07-21,"Red Anarkali Engagement campaign",inactive,10650,video_thruplay_watched_actions,0.02855493,300,Daily,304.11,61383,60417,Ongoing,"7-day click or 1-day view",4.954303,0.028555,10650,1,4787,60398,11824,2438,0.377377
2026-07-21,2026-07-21,"Post: ""Who said lehengas are only for brides? ✨ """,inactive,,,,300,Daily,0,0,0,2026-05-28,"7-day click or 1-day view",0,,,0,,,,,0
2026-07-21,2026-07-21,"Post: ""Made for summer days, yet wrapped in  elegance 🌿✨ """,completed,,,,300,Daily,0,0,0,2026-05-28,"7-day click or 1-day view",0,,,0,,,,,0
2026-07-21,2026-07-21,"Black Half Saree Dress Campaign",inactive,,,,"Using ad set budget",0,0,0,0,Ongoing,"7-day click or 1-day view",0,,,0,,,,,0
2026-07-21,2026-07-21,"Lehenga post from Insta",inactive,5337,video_thruplay_watched_actions,0.05676972,"Using ad set budget",0,302.98,27294,25925,Ongoing,"7-day click or 1-day view",11.100608,0.05677,5337,0,4262,26931,7151,2039,0.621022
2026-07-21,2026-07-21,"FB Janviaika Video Campaign_English",inactive,,,,300,Daily,0,0,0,Ongoing,"7-day click or 1-day view",0,,,0,,,,,0
2026-07-21,2026-07-21,"Chudidhaar Advantage+ Shopping Campaign",inactive,,,,500,Daily,0,0,0,Ongoing,"7-day click, 1-day view or 1-day engaged view",0,,,0,,,,,0
2026-07-21,2026-07-21,"Advantage+ Shopping Campaign March",inactive,,,,500,Daily,0,0,0,Ongoing,"7-day click or 1-day view",0,,,0,,,,,0
2026-07-21,2026-07-21,"Model Engagement Video Campaign",inactive,,,,800,Daily,0,0,0,Ongoing,"Multiple attribution settings",0,,,0,,,,,0
2026-07-21,2026-07-21,"Launch Sales campaign",inactive,,,,1000,Daily,0,0,0,Ongoing,"7-day click, 1-day view or 1-day engaged view",0,,,0,,,,,0
2026-07-20,2026-07-20,"Retargeting Sales campaign",active,,,,500,Daily,0,0,0,Ongoing,"7-day click, 1-day view or 1-day engaged view",0,,,0,,,,,0
2026-07-20,2026-07-20,Anarkali-And-Half-saree-JanviAika_Shopping_Ad_Campaign,active,,,,2000,Daily,917.67,1289,854,Ongoing,"7-day click, 1-day view or 1-day engaged view",711.923972,19.949348,46,0,53,164,71,45,7.142857
2026-07-20,2026-07-20,"Engagement campaign Janviaika Reels",active,8697,video_thruplay_watched_actions,0.0364298,"Using ad set budget",0,316.83,55023,52894,Ongoing,"7-day click or 1-day view",5.758138,0.03643,8697,0,4048,54244,6975,2211,0.383786
2026-07-20,2026-07-20,"JanviAika_Shopping_Ad_Campaign – Lehenga_And_Long_Gowns",active,,,,1000,Daily,1040,4258,2821,Ongoing,"7-day click, 1-day view or 1-day engaged view",244.246125,1.827768,569,0,750,2799,1049,570,4.112017
2026-07-20,2026-07-20,"Hot Campaign for Website Visitors",active,1,actions:offsite_conversion.fb_pixel_purchase,496.08,500,Daily,496.08,1172,826,Ongoing,"7-day click, 1-day view or 1-day engaged view",423.276451,165.36,3,0,5,23,9,3,8.353511
2026-07-20,2026-07-20,JanviAika_Shopping_Ad_Campaign,active,2,actions:offsite_conversion.fb_pixel_purchase,500.675,"Using ad set budget",0,1001.35,3457,2410,Ongoing,"7-day click, 1-day view or 1-day engaged view",289.658664,23.287209,43,1,53,248,84,45,4.522822
2026-07-20,2026-07-20,"Anarkali Set Whatsapp campaign",inactive,,,,500,Daily,0,0,0,Ongoing,"7-day click or 1-day view",0,,,0,,,,,0
2026-07-20,2026-07-20,"Trendy Green Bridal Couture Whatsapp campaign",archived,,,,500,Daily,0,0,0,2026-06-03,"7-day click or 1-day view",0,,,0,,,,,0
2026-07-20,2026-07-20,Dark-Pink-Lehenga-Whatsapp-campaign,archived,,,,500,Daily,0,0,0,2026-06-03,"7-day click or 1-day view",0,,,0,,,,,0
2026-07-20,2026-07-20,"Lehenga Set Whatsapp campaign",inactive,,,,500,Daily,0,0,0,Ongoing,"7-day click or 1-day view",0,,,0,,,,,0
2026-07-20,2026-07-20,"Red Anarkali Engagement campaign",inactive,9934,video_thruplay_watched_actions,0.02990638,300,Daily,297.09,61108,60689,Ongoing,"7-day click or 1-day view",4.86172,0.029906,9934,0,4532,60061,11039,2281,0.431709
2026-07-20,2026-07-20,"Post: ""Who said lehengas are only for brides? ✨ """,inactive,,,,300,Daily,0,0,0,2026-05-28,"7-day click or 1-day view",0,,,0,,,,,0
2026-07-20,2026-07-20,"Post: ""Made for summer days, yet wrapped in  elegance 🌿✨ """,completed,,,,300,Daily,0,0,0,2026-05-28,"7-day click or 1-day view",0,,,0,,,,,0
2026-07-20,2026-07-20,"Black Half Saree Dress Campaign",inactive,,,,"Using ad set budget",0,0,0,0,Ongoing,"7-day click or 1-day view",0,,,0,,,,,0
2026-07-20,2026-07-20,"Lehenga post from Insta",inactive,5455,video_thruplay_watched_actions,0.05458845,"Using ad set budget",0,297.78,26963,26116,Ongoing,"7-day click or 1-day view",11.044023,0.054588,5455,0,4428,26682,7263,2161,0.624138
2026-07-20,2026-07-20,"FB Janviaika Video Campaign_English",inactive,,,,300,Daily,0,0,0,Ongoing,"7-day click or 1-day view",0,,,0,,,,,0
2026-07-20,2026-07-20,"Chudidhaar Advantage+ Shopping Campaign",inactive,,,,500,Daily,0,0,0,Ongoing,"7-day click, 1-day view or 1-day engaged view",0,,,0,,,,,0
2026-07-20,2026-07-20,"Advantage+ Shopping Campaign March",inactive,,,,500,Daily,0,0,0,Ongoing,"7-day click or 1-day view",0,,,0,,,,,0
2026-07-20,2026-07-20,"Model Engagement Video Campaign",inactive,,,,800,Daily,0,0,0,Ongoing,"Multiple attribution settings",0,,,0,,,,,0
2026-07-20,2026-07-20,"Launch Sales campaign",inactive,,,,1000,Daily,0,0,0,Ongoing,"7-day click, 1-day view or 1-day engaged view",0,,,0,,,,,0
2026-07-19,2026-07-19,"Retargeting Sales campaign",active,,,,500,Daily,0,0,0,Ongoing,"7-day click, 1-day view or 1-day engaged view",0,,,0,,,,,0
2026-07-19,2026-07-19,Anarkali-And-Half-saree-JanviAika_Shopping_Ad_Campaign,active,,,,2000,Daily,1312.23,1494,1011,Ongoing,"7-day click, 1-day view or 1-day engaged view",878.333333,36.450833,36,0,44,128,54,38,7.02275
2026-07-19,2026-07-19,"Engagement campaign Janviaika Reels",active,8859,video_thruplay_watched_actions,0.03936336,"Using ad set budget",0,348.72,52435,48678,Ongoing,"7-day click or 1-day view",6.65052,0.039363,8859,0,4245,50879,7255,2394,0.400592
2026-07-19,2026-07-19,"JanviAika_Shopping_Ad_Campaign – Lehenga_And_Long_Gowns",active,,,,1000,Daily,1126.3,4511,3213,Ongoing,"7-day click, 1-day view or 1-day engaged view",249.678564,1.938554,581,0,746,3107,1081,580,3.361345
2026-07-19,2026-07-19,"Hot Campaign for Website Visitors",active,1,actions:offsite_conversion.fb_pixel_purchase,624.97,500,Daily,624.97,1664,1098,Ongoing,"7-day click, 1-day view or 1-day engaged view",375.582933,208.323333,3,0,7,18,10,3,7.832423
2026-07-19,2026-07-19,JanviAika_Shopping_Ad_Campaign,active,5,actions:offsite_conversion.fb_pixel_purchase,229.424,"Using ad set budget",0,1147.12,4110,2900,Ongoing,"7-day click, 1-day view or 1-day engaged view",279.104623,22.9424,50,2,62,260,90,50,4.172414
2026-07-19,2026-07-19,"Anarkali Set Whatsapp campaign",inactive,,,,500,Daily,0,0,0,Ongoing,"7-day click or 1-day view",0,,,0,,,,,0
2026-07-19,2026-07-19,"Trendy Green Bridal Couture Whatsapp campaign",archived,,,,500,Daily,0,0,0,2026-06-03,"7-day click or 1-day view",0,,,0,,,,,0
2026-07-19,2026-07-19,Dark-Pink-Lehenga-Whatsapp-campaign,archived,,,,500,Daily,0,0,0,2026-06-03,"7-day click or 1-day view",0,,,0,,,,,0
2026-07-19,2026-07-19,"Lehenga Set Whatsapp campaign",inactive,,,,500,Daily,0,0,0,Ongoing,"7-day click or 1-day view",0,,,0,,,,,0
2026-07-19,2026-07-19,"Red Anarkali Engagement campaign",inactive,10565,video_thruplay_watched_actions,0.03116422,300,Daily,329.25,61834,61834,Ongoing,"7-day click or 1-day view",5.32474,0.031164,10565,0,4964,59721,11824,2394,0.42695
2026-07-19,2026-07-19,"Post: ""Who said lehengas are only for brides? ✨ """,inactive,,,,300,Daily,0,0,0,2026-05-28,"7-day click or 1-day view",0,,,0,,,,,0
2026-07-19,2026-07-19,"Post: ""Made for summer days, yet wrapped in  elegance 🌿✨ """,completed,,,,300,Daily,0,0,0,2026-05-28,"7-day click or 1-day view",0,,,0,,,,,0
2026-07-19,2026-07-19,"Black Half Saree Dress Campaign",inactive,,,,"Using ad set budget",0,0,0,0,Ongoing,"7-day click or 1-day view",0,,,0,,,,,0
2026-07-19,2026-07-19,"Lehenga post from Insta",inactive,6077,video_thruplay_watched_actions,0.0596676,"Using ad set budget",0,362.6,30097,29419,Ongoing,"7-day click or 1-day view",12.047712,0.059668,6077,0,4873,29165,8092,2242,0.615249
2026-07-19,2026-07-19,"FB Janviaika Video Campaign_English",inactive,,,,300,Daily,0,0,0,Ongoing,"7-day click or 1-day view",0,,,0,,,,,0
2026-07-19,2026-07-19,"Chudidhaar Advantage+ Shopping Campaign",inactive,,,,500,Daily,0,0,0,Ongoing,"7-day click, 1-day view or 1-day engaged view",0,,,0,,,,,0
2026-07-19,2026-07-19,"Advantage+ Shopping Campaign March",inactive,,,,500,Daily,0,0,0,Ongoing,"7-day click or 1-day view",0,,,0,,,,,0
2026-07-19,2026-07-19,"Model Engagement Video Campaign",inactive,,,,800,Daily,0,0,0,Ongoing,"Multiple attribution settings",0,,,0,,,,,0
2026-07-19,2026-07-19,"Launch Sales campaign",inactive,,,,1000,Daily,0,0,0,Ongoing,"7-day click, 1-day view or 1-day engaged view",0,,,0,,,,,0
2026-07-18,2026-07-18,"Retargeting Sales campaign",active,,,,500,Daily,0,0,0,Ongoing,"7-day click, 1-day view or 1-day engaged view",0,,,0,,,,,0
2026-07-18,2026-07-18,Anarkali-And-Half-saree-JanviAika_Shopping_Ad_Campaign,active,,,,2000,Daily,1128.61,1639,1184,Ongoing,"7-day click, 1-day view or 1-day engaged view",688.596705,28.938718,39,0,52,198,79,40,9.037162
2026-07-18,2026-07-18,"Engagement campaign Janviaika Reels",active,6394,video_thruplay_watched_actions,0.03758367,"Using ad set budget",0,240.31,36159,35536,Ongoing,"7-day click or 1-day view",6.645925,0.037584,6394,0,3075,35535,5326,1716,0.374268
2026-07-18,2026-07-18,"JanviAika_Shopping_Ad_Campaign – Lehenga_And_Long_Gowns",active,,,,1000,Daily,956.23,5095,3717,Ongoing,"7-day click, 1-day view or 1-day engaged view",187.680079,1.562467,612,0,782,3610,1120,615,3.766478
2026-07-18,2026-07-18,"Hot Campaign for Website Visitors",active,1,actions:offsite_conversion.fb_pixel_purchase,494.73,500,Daily,494.73,1638,1178,Ongoing,"7-day click, 1-day view or 1-day engaged view",302.032967,98.946,5,0,6,24,11,5,9.337861
2026-07-18,2026-07-18,JanviAika_Shopping_Ad_Campaign,active,,,,"Using ad set budget",0,1021.94,3750,2703,Ongoing,"7-day click, 1-day view or 1-day engaged view",272.517333,22.216087,46,0,64,237,100,45,5.142434
2026-07-18,2026-07-18,"Anarkali Set Whatsapp campaign",inactive,,,,500,Daily,0,0,0,Ongoing,"7-day click or 1-day view",0,,,0,,,,,0
2026-07-18,2026-07-18,"Trendy Green Bridal Couture Whatsapp campaign",archived,,,,500,Daily,0,0,0,2026-06-03,"7-day click or 1-day view",0,,,0,,,,,0
2026-07-18,2026-07-18,Dark-Pink-Lehenga-Whatsapp-campaign,archived,,,,500,Daily,0,0,0,2026-06-03,"7-day click or 1-day view",0,,,0,,,,,0
2026-07-18,2026-07-18,"Lehenga Set Whatsapp campaign",inactive,,,,500,Daily,0,0,0,Ongoing,"7-day click or 1-day view",0,,,0,,,,,0
2026-07-18,2026-07-18,"Red Anarkali Engagement campaign",inactive,9723,video_thruplay_watched_actions,0.03084439,300,Daily,299.9,54500,51192,Ongoing,"7-day click or 1-day view",5.502752,0.030844,9723,0,4491,53690,10856,2218,0.421941
2026-07-18,2026-07-18,"Post: ""Who said lehengas are only for brides? ✨ """,inactive,,,,300,Daily,0,0,0,2026-05-28,"7-day click or 1-day view",0,,,0,,,,,0
2026-07-18,2026-07-18,"Post: ""Made for summer days, yet wrapped in  elegance 🌿✨ """,completed,,,,300,Daily,0,0,0,2026-05-28,"7-day click or 1-day view",0,,,0,,,,,0
2026-07-18,2026-07-18,"Black Half Saree Dress Campaign",inactive,,,,"Using ad set budget",0,0,0,0,Ongoing,"7-day click or 1-day view",0,,,0,,,,,0
2026-07-18,2026-07-18,"Lehenga post from Insta",inactive,4806,video_thruplay_watched_actions,0.05913858,"Using ad set budget",0,284.22,23384,22249,Ongoing,"7-day click or 1-day view",12.154465,0.059139,4806,0,3876,23102,6417,1830,0.606769
2026-07-18,2026-07-18,"FB Janviaika Video Campaign_English",inactive,,,,300,Daily,0,0,0,Ongoing,"7-day click or 1-day view",0,,,0,,,,,0
2026-07-18,2026-07-18,"Chudidhaar Advantage+ Shopping Campaign",inactive,,,,500,Daily,0,0,0,Ongoing,"7-day click, 1-day view or 1-day engaged view",0,,,0,,,,,0
2026-07-18,2026-07-18,"Advantage+ Shopping Campaign March",inactive,,,,500,Daily,0,0,0,Ongoing,"7-day click or 1-day view",0,,,0,,,,,0
2026-07-18,2026-07-18,"Model Engagement Video Campaign",inactive,,,,800,Daily,0,0,0,Ongoing,"Multiple attribution settings",0,,,0,,,,,0
2026-07-18,2026-07-18,"Launch Sales campaign",inactive,,,,1000,Daily,0,0,0,Ongoing,"7-day click, 1-day view or 1-day engaged view",0,,,0,,,,,0
2026-07-17,2026-07-17,"Retargeting Sales campaign",active,,,,500,Daily,0,0,0,Ongoing,"7-day click, 1-day view or 1-day engaged view",0,,,0,,,,,0
2026-07-17,2026-07-17,Anarkali-And-Half-saree-JanviAika_Shopping_Ad_Campaign,active,3,actions:offsite_conversion.fb_pixel_purchase,384.81,2000,Daily,1154.43,2118,1370,Ongoing,"7-day click, 1-day view or 1-day engaged view",545.056657,20.989636,55,0,71,284,116,54,6.715328
2026-07-17,2026-07-17,"Engagement campaign Janviaika Reels",active,7807,video_thruplay_watched_actions,0.04248239,"Using ad set budget",0,331.66,45479,43598,Ongoing,"7-day click or 1-day view",7.292597,0.042482,7807,0,3608,44612,6369,1929,0.376164
2026-07-17,2026-07-17,"JanviAika_Shopping_Ad_Campaign – Lehenga_And_Long_Gowns",active,,,,1000,Daily,1223.34,4298,2958,Ongoing,"7-day click, 1-day view or 1-day engaged view",284.63006,2.228306,549,1,670,2673,969,551,3.786342
2026-07-17,2026-07-17,"Hot Campaign for Website Visitors",active,,,,500,Daily,525.86,1601,1129,Ongoing,"7-day click, 1-day view or 1-day engaged view",328.457214,75.122857,7,0,8,35,15,7,7.617361
2026-07-17,2026-07-17,JanviAika_Shopping_Ad_Campaign,active,2,actions:offsite_conversion.fb_pixel_purchase,548.87,"Using ad set budget",0,1097.74,4581,3439,Ongoing,"7-day click, 1-day view or 1-day engaged view",239.628902,13.387073,82,2,113,423,175,83,3.954638
2026-07-17,2026-07-17,"Anarkali Set Whatsapp campaign",inactive,,,,500,Daily,0,0,0,Ongoing,"7-day click or 1-day view",0,,,0,,,,,0
2026-07-17,2026-07-17,"Trendy Green Bridal Couture Whatsapp campaign",archived,,,,500,Daily,0,0,0,2026-06-03,"7-day click or 1-day view",0,,,0,,,,,0
2026-07-17,2026-07-17,Dark-Pink-Lehenga-Whatsapp-campaign,archived,,,,500,Daily,0,0,0,2026-06-03,"7-day click or 1-day view",0,,,0,,,,,0
2026-07-17,2026-07-17,"Lehenga Set Whatsapp campaign",inactive,,,,500,Daily,0,0,0,Ongoing,"7-day click or 1-day view",0,,,0,,,,,0
2026-07-17,2026-07-17,"Red Anarkali Engagement campaign",inactive,9592,video_thruplay_watched_actions,0.03033153,300,Daily,290.94,53656,53656,Ongoing,"7-day click or 1-day view",5.42232,0.030332,9592,1,4360,52694,10669,2227,0.404428
2026-07-17,2026-07-17,"Post: ""Who said lehengas are only for brides? ✨ """,inactive,,,,300,Daily,0,0,0,2026-05-28,"7-day click or 1-day view",0,,,0,,,,,0
2026-07-17,2026-07-17,"Post: ""Made for summer days, yet wrapped in  elegance 🌿✨ """,completed,,,,300,Daily,0,0,0,2026-05-28,"7-day click or 1-day view",0,,,0,,,,,0
2026-07-17,2026-07-17,"Black Half Saree Dress Campaign",inactive,,,,"Using ad set budget",0,0,0,0,Ongoing,"7-day click or 1-day view",0,,,0,,,,,0
2026-07-17,2026-07-17,"Lehenga post from Insta",inactive,5227,video_thruplay_watched_actions,0.05734647,"Using ad set budget",0,299.75,24494,23825,Ongoing,"7-day click or 1-day view",12.237691,0.057346,5227,0,4240,24187,6874,2027,0.533054
2026-07-17,2026-07-17,"FB Janviaika Video Campaign_English",inactive,,,,300,Daily,0,0,0,Ongoing,"7-day click or 1-day view",0,,,0,,,,,0
2026-07-17,2026-07-17,"Chudidhaar Advantage+ Shopping Campaign",inactive,,,,500,Daily,0,0,0,Ongoing,"7-day click, 1-day view or 1-day engaged view",0,,,0,,,,,0
2026-07-17,2026-07-17,"Advantage+ Shopping Campaign March",inactive,,,,500,Daily,0,0,0,Ongoing,"7-day click or 1-day view",0,,,0,,,,,0
2026-07-17,2026-07-17,"Model Engagement Video Campaign",inactive,,,,800,Daily,0,0,0,Ongoing,"Multiple attribution settings",0,,,0,,,,,0
2026-07-17,2026-07-17,"Launch Sales campaign",inactive,,,,1000,Daily,0,0,0,Ongoing,"7-day click, 1-day view or 1-day engaged view",0,,,0,,,,,0
2026-07-16,2026-07-16,"Retargeting Sales campaign",active,,,,500,Daily,0,0,0,Ongoing,"7-day click, 1-day view or 1-day engaged view",0,,,0,,,,,0
2026-07-16,2026-07-16,Anarkali-And-Half-saree-JanviAika_Shopping_Ad_Campaign,active,,,,2000,Daily,812.05,1593,1073,Ongoing,"7-day click, 1-day view or 1-day engaged view",509.761456,10.410897,78,0,91,294,127,77,6.523765
2026-07-16,2026-07-16,"Engagement campaign Janviaika Reels",active,5461,video_thruplay_watched_actions,0.04893792,"Using ad set budget",0,267.25,34173,33485,Ongoing,"7-day click or 1-day view",7.820502,0.048938,5461,0,2578,33203,5124,1016,0.561445
2026-07-16,2026-07-16,"JanviAika_Shopping_Ad_Campaign – Lehenga_And_Long_Gowns",active,1,actions:offsite_conversion.fb_pixel_purchase,843.21,1000,Daily,843.21,3077,2083,Ongoing,"7-day click, 1-day view or 1-day engaged view",274.036399,2.145573,393,0,499,1931,717,396,3.840615
2026-07-16,2026-07-16,"Hot Campaign for Website Visitors",active,,,,500,Daily,343.31,1080,700,Ongoing,"7-day click, 1-day view or 1-day engaged view",317.87963,171.655,2,0,3,23,7,2,7.142857
2026-07-16,2026-07-16,JanviAika_Shopping_Ad_Campaign,active,,,,"Using ad set budget",0,918.53,4352,3732,Ongoing,"7-day click, 1-day view or 1-day engaged view",211.059283,11.066627,83,1,102,380,164,83,3.188639
2026-07-16,2026-07-16,"Anarkali Set Whatsapp campaign",inactive,,,,500,Daily,0,0,0,Ongoing,"7-day click or 1-day view",0,,,0,,,,,0
2026-07-16,2026-07-16,"Trendy Green Bridal Couture Whatsapp campaign",archived,,,,500,Daily,0,0,0,2026-06-03,"7-day click or 1-day view",0,,,0,,,,,0
2026-07-16,2026-07-16,Dark-Pink-Lehenga-Whatsapp-campaign,archived,,,,500,Daily,0,0,0,2026-06-03,"7-day click or 1-day view",0,,,0,,,,,0
2026-07-16,2026-07-16,"Lehenga Set Whatsapp campaign",inactive,,,,500,Daily,0,0,0,Ongoing,"7-day click or 1-day view",0,,,0,,,,,0
2026-07-16,2026-07-16,"Red Anarkali Engagement campaign",inactive,10004,video_thruplay_watched_actions,0.0290114,300,Daily,290.23,57441,57441,Ongoing,"7-day click or 1-day view",5.052663,0.029011,10004,0,4561,56320,11107,2335,0.449157
2026-07-16,2026-07-16,"Post: ""Who said lehengas are only for brides? ✨ """,inactive,,,,300,Daily,0,0,0,2026-05-28,"7-day click or 1-day view",0,,,0,,,,,0
2026-07-16,2026-07-16,"Post: ""Made for summer days, yet wrapped in  elegance 🌿✨ """,completed,,,,300,Daily,0,0,0,2026-05-28,"7-day click or 1-day view",0,,,0,,,,,0
2026-07-16,2026-07-16,"Black Half Saree Dress Campaign",inactive,,,,"Using ad set budget",0,0,0,0,Ongoing,"7-day click or 1-day view",0,,,0,,,,,0
2026-07-16,2026-07-16,"Lehenga post from Insta",inactive,4821,video_thruplay_watched_actions,0.05757312,"Using ad set budget",0,277.56,22617,22157,Ongoing,"7-day click or 1-day view",12.272185,0.057573,4821,0,3917,22295,6380,1918,0.622828
2026-07-16,2026-07-16,"FB Janviaika Video Campaign_English",inactive,,,,300,Daily,0,0,0,Ongoing,"7-day click or 1-day view",0,,,0,,,,,0
2026-07-16,2026-07-16,"Chudidhaar Advantage+ Shopping Campaign",inactive,,,,500,Daily,0,0,0,Ongoing,"7-day click, 1-day view or 1-day engaged view",0,,,0,,,,,0
2026-07-16,2026-07-16,"Advantage+ Shopping Campaign March",inactive,,,,500,Daily,0,0,0,Ongoing,"7-day click or 1-day view",0,,,0,,,,,0
2026-07-16,2026-07-16,"Model Engagement Video Campaign",inactive,,,,800,Daily,0,0,0,Ongoing,"Multiple attribution settings",0,,,0,,,,,0
2026-07-16,2026-07-16,"Launch Sales campaign",inactive,,,,1000,Daily,0,0,0,Ongoing,"7-day click, 1-day view or 1-day engaged view",0,,,0,,,,,0
2026-07-15,2026-07-15,"Retargeting Sales campaign",active,,,,500,Daily,0,0,0,Ongoing,"7-day click, 1-day view or 1-day engaged view",0,,,0,,,,,0
2026-07-15,2026-07-15,Anarkali-And-Half-saree-JanviAika_Shopping_Ad_Campaign,active,,,,2000,Daily,743.08,1327,915,Ongoing,"7-day click, 1-day view or 1-day engaged view",559.969857,14.020377,53,0,68,222,86,54,7.868852
2026-07-15,2026-07-15,"Engagement campaign Janviaika Reels",active,6092,video_thruplay_watched_actions,0.04861622,"Using ad set budget",0,296.17,39271,39271,Ongoing,"7-day click or 1-day view",7.541697,0.048616,6092,0,2651,38505,5609,1018,0.39724
2026-07-15,2026-07-15,"JanviAika_Shopping_Ad_Campaign – Lehenga_And_Long_Gowns",active,,,,1000,Daily,1050.28,3725,2648,Ongoing,"7-day click, 1-day view or 1-day engaged view",281.954362,2.283217,460,1,575,2114,843,464,3.738671
2026-07-15,2026-07-15,"Hot Campaign for Website Visitors",active,,,,500,Daily,454.45,1257,878,Ongoing,"7-day click, 1-day view or 1-day engaged view",361.535402,90.89,5,0,6,25,9,5,6.719818
2026-07-15,2026-07-15,JanviAika_Shopping_Ad_Campaign,active,3,actions:offsite_conversion.fb_pixel_purchase,265.79333333,"Using ad set budget",0,797.38,3381,2569,Ongoing,"7-day click, 1-day view or 1-day engaged view",235.841467,20.445641,39,0,50,182,69,40,4.943558
2026-07-15,2026-07-15,"Anarkali Set Whatsapp campaign",inactive,,,,500,Daily,0,0,0,Ongoing,"7-day click or 1-day view",0,,,0,,,,,0
2026-07-15,2026-07-15,"Trendy Green Bridal Couture Whatsapp campaign",archived,,,,500,Daily,0,0,0,2026-06-03,"7-day click or 1-day view",0,,,0,,,,,0
2026-07-15,2026-07-15,Dark-Pink-Lehenga-Whatsapp-campaign,archived,,,,500,Daily,0,0,0,2026-06-03,"7-day click or 1-day view",0,,,0,,,,,0
2026-07-15,2026-07-15,"Lehenga Set Whatsapp campaign",inactive,,,,500,Daily,0,0,0,Ongoing,"7-day click or 1-day view",0,,,0,,,,,0
2026-07-15,2026-07-15,"Red Anarkali Engagement campaign",inactive,9389,video_thruplay_watched_actions,0.03050165,300,Daily,286.38,54251,54251,Ongoing,"7-day click or 1-day view",5.278797,0.030502,9389,1,4398,53223,10436,2228,0.431328
2026-07-15,2026-07-15,"Post: ""Who said lehengas are only for brides? ✨ """,inactive,,,,300,Daily,0,0,0,2026-05-28,"7-day click or 1-day view",0,,,0,,,,,0
2026-07-15,2026-07-15,"Post: ""Made for summer days, yet wrapped in  elegance 🌿✨ """,completed,,,,300,Daily,0,0,0,2026-05-28,"7-day click or 1-day view",0,,,0,,,,,0
2026-07-15,2026-07-15,"Black Half Saree Dress Campaign",inactive,,,,"Using ad set budget",0,0,0,0,Ongoing,"7-day click or 1-day view",0,,,0,,,,,0
2026-07-15,2026-07-15,"Lehenga post from Insta",inactive,4874,video_thruplay_watched_actions,0.05787033,"Using ad set budget",0,282.06,24105,22671,Ongoing,"7-day click or 1-day view",11.701307,0.05787,4874,0,3950,23814,6467,1874,0.608707
2026-07-15,2026-07-15,"FB Janviaika Video Campaign_English",inactive,,,,300,Daily,0,0,0,Ongoing,"7-day click or 1-day view",0,,,0,,,,,0
2026-07-15,2026-07-15,"Chudidhaar Advantage+ Shopping Campaign",inactive,,,,500,Daily,0,0,0,Ongoing,"7-day click, 1-day view or 1-day engaged view",0,,,0,,,,,0
2026-07-15,2026-07-15,"Advantage+ Shopping Campaign March",inactive,,,,500,Daily,0,0,0,Ongoing,"7-day click or 1-day view",0,,,0,,,,,0
2026-07-15,2026-07-15,"Model Engagement Video Campaign",inactive,,,,800,Daily,0,0,0,Ongoing,"Multiple attribution settings",0,,,0,,,,,0
2026-07-15,2026-07-15,"Launch Sales campaign",inactive,,,,1000,Daily,0,0,0,Ongoing,"7-day click, 1-day view or 1-day engaged view",0,,,0,,,,,0
2026-07-14,2026-07-14,"Retargeting Sales campaign",active,,,,500,Daily,0,0,0,Ongoing,"7-day click, 1-day view or 1-day engaged view",0,,,0,,,,,0
2026-07-14,2026-07-14,Anarkali-And-Half-saree-JanviAika_Shopping_Ad_Campaign,active,,,,2000,Daily,963.72,2152,1535,Ongoing,"7-day click, 1-day view or 1-day engaged view",447.825279,16.907368,57,1,69,159,85,57,10.358306
2026-07-14,2026-07-14,"Engagement campaign Janviaika Reels",active,6310,video_thruplay_watched_actions,0.04797623,"Using ad set budget",0,302.73,40150,37227,Ongoing,"7-day click or 1-day view",7.539975,0.047976,6310,0,2953,39329,5912,1177,0.518441
2026-07-14,2026-07-14,"JanviAika_Shopping_Ad_Campaign – Lehenga_And_Long_Gowns",active,,,,1000,Daily,1067.43,4042,2804,Ongoing,"7-day click, 1-day view or 1-day engaged view",264.084612,2.290622,466,0,625,2281,878,468,3.922967
2026-07-14,2026-07-14,"Hot Campaign for Website Visitors",active,,,,500,Daily,535.61,1533,1129,Ongoing,"7-day click, 1-day view or 1-day engaged view",349.386823,107.122,5,0,7,19,13,5,7.883082
2026-07-14,2026-07-14,JanviAika_Shopping_Ad_Campaign,active,1,actions:offsite_conversion.fb_pixel_purchase,1044.07,"Using ad set budget",0,1044.07,4768,3803,Ongoing,"7-day click, 1-day view or 1-day engaged view",218.974413,22.697174,46,1,60,192,77,46,5.653432
2026-07-14,2026-07-14,"Anarkali Set Whatsapp campaign",inactive,,,,500,Daily,0,0,0,Ongoing,"7-day click or 1-day view",0,,,0,,,,,0
2026-07-14,2026-07-14,"Trendy Green Bridal Couture Whatsapp campaign",archived,,,,500,Daily,0,0,0,2026-06-03,"7-day click or 1-day view",0,,,0,,,,,0
2026-07-14,2026-07-14,Dark-Pink-Lehenga-Whatsapp-campaign,archived,,,,500,Daily,0,0,0,2026-06-03,"7-day click or 1-day view",0,,,0,,,,,0
2026-07-14,2026-07-14,"Lehenga Set Whatsapp campaign",inactive,,,,500,Daily,0,0,0,Ongoing,"7-day click or 1-day view",0,,,0,,,,,0
2026-07-14,2026-07-14,"Red Anarkali Engagement campaign",inactive,10520,video_thruplay_watched_actions,0.02921388,300,Daily,307.33,60169,58618,Ongoing,"7-day click or 1-day view",5.10778,0.029214,10520,0,4861,58848,11674,2510,0.455491
2026-07-14,2026-07-14,"Post: ""Who said lehengas are only for brides? ✨ """,inactive,,,,300,Daily,0,0,0,2026-05-28,"7-day click or 1-day view",0,,,0,,,,,0
2026-07-14,2026-07-14,"Post: ""Made for summer days, yet wrapped in  elegance 🌿✨ """,completed,,,,300,Daily,0,0,0,2026-05-28,"7-day click or 1-day view",0,,,0,,,,,0
2026-07-14,2026-07-14,"Black Half Saree Dress Campaign",inactive,,,,"Using ad set budget",0,0,0,0,Ongoing,"7-day click or 1-day view",0,,,0,,,,,0
2026-07-14,2026-07-14,"Lehenga post from Insta",inactive,5383,video_thruplay_watched_actions,0.05548207,"Using ad set budget",0,298.66,26599,25678,Ongoing,"7-day click or 1-day view",11.228242,0.055482,5383,0,4362,26279,7198,2009,0.685412
2026-07-14,2026-07-14,"FB Janviaika Video Campaign_English",inactive,,,,300,Daily,0,0,0,Ongoing,"7-day click or 1-day view",0,,,0,,,,,0
2026-07-14,2026-07-14,"Chudidhaar Advantage+ Shopping Campaign",inactive,,,,500,Daily,0,0,0,Ongoing,"7-day click, 1-day view or 1-day engaged view",0,,,0,,,,,0
2026-07-14,2026-07-14,"Advantage+ Shopping Campaign March",inactive,,,,500,Daily,0,0,0,Ongoing,"7-day click or 1-day view",0,,,0,,,,,0
2026-07-14,2026-07-14,"Model Engagement Video Campaign",inactive,,,,800,Daily,0,0,0,Ongoing,"Multiple attribution settings",0,,,0,,,,,0
2026-07-14,2026-07-14,"Launch Sales campaign",inactive,,,,1000,Daily,0,0,0,Ongoing,"7-day click, 1-day view or 1-day engaged view",0,,,0,,,,,0
2026-07-13,2026-07-13,"Retargeting Sales campaign",active,,,,500,Daily,0,0,0,Ongoing,"7-day click, 1-day view or 1-day engaged view",0,,,0,,,,,0
2026-07-13,2026-07-13,Anarkali-And-Half-saree-JanviAika_Shopping_Ad_Campaign,active,,,,2000,Daily,1117.29,2285,1571,Ongoing,"7-day click, 1-day view or 1-day engaged view",488.967177,29.402368,38,2,51,137,72,38,9.611712
2026-07-13,2026-07-13,"Engagement campaign Janviaika Reels",active,6805,video_thruplay_watched_actions,0.04800441,"Using ad set budget",0,326.67,43825,42115,Ongoing,"7-day click or 1-day view",7.453965,0.048004,6805,0,3051,42807,6238,1114,0.522379
2026-07-13,2026-07-13,"JanviAika_Shopping_Ad_Campaign – Lehenga_And_Long_Gowns",active,,,,1000,Daily,976.98,3302,2321,Ongoing,"7-day click, 1-day view or 1-day engaged view",295.875227,2.256305,433,1,551,2253,821,435,3.963809
2026-07-13,2026-07-13,"Hot Campaign for Website Visitors",active,1,actions:offsite_conversion.fb_pixel_purchase,545.46,500,Daily,545.46,1515,1038,Ongoing,"7-day click, 1-day view or 1-day engaged view",360.039604,90.91,6,0,7,21,12,6,10.115607
2026-07-13,2026-07-13,JanviAika_Shopping_Ad_Campaign,active,3,actions:offsite_conversion.fb_pixel_purchase,326.21666667,"Using ad set budget",0,978.65,3846,2818,Ongoing,"7-day click, 1-day view or 1-day engaged view",254.459178,23.30119,42,1,51,193,72,42,5.677786
2026-07-13,2026-07-13,"Anarkali Set Whatsapp campaign",inactive,,,,500,Daily,0,0,0,Ongoing,"7-day click or 1-day view",0,,,0,,,,,0
2026-07-13,2026-07-13,"Trendy Green Bridal Couture Whatsapp campaign",archived,,,,500,Daily,0,0,0,2026-06-03,"7-day click or 1-day view",0,,,0,,,,,0
2026-07-13,2026-07-13,Dark-Pink-Lehenga-Whatsapp-campaign,archived,,,,500,Daily,0,0,0,2026-06-03,"7-day click or 1-day view",0,,,0,,,,,0
2026-07-13,2026-07-13,"Lehenga Set Whatsapp campaign",inactive,,,,500,Daily,0,0,0,Ongoing,"7-day click or 1-day view",0,,,0,,,,,0
2026-07-13,2026-07-13,"Red Anarkali Engagement campaign",inactive,10082,video_thruplay_watched_actions,0.02965384,300,Daily,298.97,56562,55306,Ongoing,"7-day click or 1-day view",5.285704,0.029654,10082,0,4688,55609,11206,2348,0.484577
2026-07-13,2026-07-13,"Post: ""Who said lehengas are only for brides? ✨ """,inactive,,,,300,Daily,0,0,0,2026-05-28,"7-day click or 1-day view",0,,,0,,,,,0
2026-07-13,2026-07-13,"Post: ""Made for summer days, yet wrapped in  elegance 🌿✨ """,completed,,,,300,Daily,0,0,0,2026-05-28,"7-day click or 1-day view",0,,,0,,,,,0
2026-07-13,2026-07-13,"Black Half Saree Dress Campaign",inactive,,,,"Using ad set budget",0,0,0,0,Ongoing,"7-day click or 1-day view",0,,,0,,,,,0
2026-07-13,2026-07-13,"Lehenga post from Insta",inactive,5777,video_thruplay_watched_actions,0.05446945,"Using ad set budget",0,314.67,27806,25799,Ongoing,"7-day click or 1-day view",11.316622,0.054469,5777,0,4608,27559,7675,2112,0.558161
2026-07-13,2026-07-13,"FB Janviaika Video Campaign_English",inactive,,,,300,Daily,0,0,0,Ongoing,"7-day click or 1-day view",0,,,0,,,,,0
2026-07-13,2026-07-13,"Chudidhaar Advantage+ Shopping Campaign",inactive,,,,500,Daily,0,0,0,Ongoing,"7-day click, 1-day view or 1-day engaged view",0,,,0,,,,,0
2026-07-13,2026-07-13,"Advantage+ Shopping Campaign March",inactive,,,,500,Daily,0,0,0,Ongoing,"7-day click or 1-day view",0,,,0,,,,,0
2026-07-13,2026-07-13,"Model Engagement Video Campaign",inactive,,,,800,Daily,0,0,0,Ongoing,"Multiple attribution settings",0,,,0,,,,,0
2026-07-13,2026-07-13,"Launch Sales campaign",inactive,,,,1000,Daily,0,0,0,Ongoing,"7-day click, 1-day view or 1-day engaged view",0,,,0,,,,,0
2026-07-12,2026-07-12,"Retargeting Sales campaign",active,,,,500,Daily,0,0,0,Ongoing,"7-day click, 1-day view or 1-day engaged view",0,,,0,,,,,0
2026-07-12,2026-07-12,Anarkali-And-Half-saree-JanviAika_Shopping_Ad_Campaign,active,1,actions:offsite_conversion.fb_pixel_purchase,1064.94,2000,Daily,1064.94,2447,1784,Ongoing,"7-day click, 1-day view or 1-day engaged view",435.202289,14.790833,72,0,82,264,114,70,8.96861
2026-07-12,2026-07-12,"Engagement campaign Janviaika Reels",active,6885,video_thruplay_watched_actions,0.04799855,"Using ad set budget",0,330.47,42691,40384,Ongoing,"7-day click or 1-day view",7.740976,0.047999,6885,0,3175,41500,6454,1182,0.507627
2026-07-12,2026-07-12,"JanviAika_Shopping_Ad_Campaign – Lehenga_And_Long_Gowns",active,,,,1000,Daily,841.37,3528,2447,Ongoing,"7-day click, 1-day view or 1-day engaged view",238.48356,2.370056,355,1,466,2018,702,351,3.841439
2026-07-12,2026-07-12,"Hot Campaign for Website Visitors",active,1,actions:offsite_conversion.fb_pixel_purchase,586.19,500,Daily,586.19,2245,1677,Ongoing,"7-day click, 1-day view or 1-day engaged view",261.109131,146.5475,4,0,5,21,6,4,8.22898
2026-07-12,2026-07-12,JanviAika_Shopping_Ad_Campaign,active,3,actions:offsite_conversion.fb_pixel_purchase,373.74666667,"Using ad set budget",0,1121.24,6161,4459,Ongoing,"7-day click, 1-day view or 1-day engaged view",181.989937,16.734925,67,0,79,254,108,67,5.382373
2026-07-12,2026-07-12,"Anarkali Set Whatsapp campaign",inactive,,,,500,Daily,0,0,0,Ongoing,"7-day click or 1-day view",0,,,0,,,,,0
2026-07-12,2026-07-12,"Trendy Green Bridal Couture Whatsapp campaign",archived,,,,500,Daily,0,0,0,2026-06-03,"7-day click or 1-day view",0,,,0,,,,,0
2026-07-12,2026-07-12,Dark-Pink-Lehenga-Whatsapp-campaign,archived,,,,500,Daily,0,0,0,2026-06-03,"7-day click or 1-day view",0,,,0,,,,,0
2026-07-12,2026-07-12,"Lehenga Set Whatsapp campaign",inactive,,,,500,Daily,0,0,0,Ongoing,"7-day click or 1-day view",0,,,0,,,,,0
2026-07-12,2026-07-12,"Red Anarkali Engagement campaign",inactive,10458,video_thruplay_watched_actions,0.03089596,300,Daily,323.11,58199,56421,Ongoing,"7-day click or 1-day view",5.551814,0.030896,10458,1,4698,57267,11630,2311,0.492724
2026-07-12,2026-07-12,"Post: ""Who said lehengas are only for brides? ✨ """,inactive,,,,300,Daily,0,0,0,2026-05-28,"7-day click or 1-day view",0,,,0,,,,,0
2026-07-12,2026-07-12,"Post: ""Made for summer days, yet wrapped in  elegance 🌿✨ """,completed,,,,300,Daily,0,0,0,2026-05-28,"7-day click or 1-day view",0,,,0,,,,,0
2026-07-12,2026-07-12,"Black Half Saree Dress Campaign",inactive,,,,"Using ad set budget",0,0,0,0,Ongoing,"7-day click or 1-day view",0,,,0,,,,,0
2026-07-12,2026-07-12,"Lehenga post from Insta",inactive,5873,video_thruplay_watched_actions,0.0581747,"Using ad set budget",0,341.66,27476,27237,Ongoing,"7-day click or 1-day view",12.434852,0.058175,5873,0,4744,27167,7874,2264,0.67188
2026-07-12,2026-07-12,"FB Janviaika Video Campaign_English",inactive,,,,300,Daily,0,0,0,Ongoing,"7-day click or 1-day view",0,,,0,,,,,0
2026-07-12,2026-07-12,"Chudidhaar Advantage+ Shopping Campaign",inactive,,,,500,Daily,0,0,0,Ongoing,"7-day click, 1-day view or 1-day engaged view",0,,,0,,,,,0
2026-07-12,2026-07-12,"Advantage+ Shopping Campaign March",inactive,,,,500,Daily,0,0,0,Ongoing,"7-day click or 1-day view",0,,,0,,,,,0
2026-07-12,2026-07-12,"Model Engagement Video Campaign",inactive,,,,800,Daily,0,0,0,Ongoing,"Multiple attribution settings",0,,,0,,,,,0
2026-07-12,2026-07-12,"Launch Sales campaign",inactive,,,,1000,Daily,0,0,0,Ongoing,"7-day click, 1-day view or 1-day engaged view",0,,,0,,,,,0
2026-07-11,2026-07-11,"Retargeting Sales campaign",active,,,,500,Daily,0,0,0,Ongoing,"7-day click, 1-day view or 1-day engaged view",0,,,0,,,,,0
2026-07-11,2026-07-11,Anarkali-And-Half-saree-JanviAika_Shopping_Ad_Campaign,active,1,actions:offsite_conversion.fb_pixel_purchase,765.63,2000,Daily,765.63,2301,1772,Ongoing,"7-day click, 1-day view or 1-day engaged view",332.73794,6.835982,112,0,137,410,191,112,8.182844
2026-07-11,2026-07-11,"Engagement campaign Janviaika Reels",active,5064,video_thruplay_watched_actions,0.05119273,"Using ad set budget",0,259.24,32301,32301,Ongoing,"7-day click or 1-day view",8.025758,0.051193,5064,0,2265,31477,4741,877,0.501532
2026-07-11,2026-07-11,"JanviAika_Shopping_Ad_Campaign – Lehenga_And_Long_Gowns",active,,,,1000,Daily,890.36,3711,2647,Ongoing,"7-day click, 1-day view or 1-day engaged view",239.924549,3.028435,294,0,369,1459,534,292,2.795618
2026-07-11,2026-07-11,"Hot Campaign for Website Visitors",active,1,actions:offsite_conversion.fb_pixel_purchase,390.28,500,Daily,390.28,1733,1355,Ongoing,"7-day click, 1-day view or 1-day engaged view",225.204847,65.046667,6,0,6,26,10,6,7.822878
2026-07-11,2026-07-11,JanviAika_Shopping_Ad_Campaign,active,1,actions:offsite_conversion.fb_pixel_purchase,857.29,"Using ad set budget",0,857.29,4709,3742,Ongoing,"7-day click, 1-day view or 1-day engaged view",182.053515,17.860208,48,0,58,206,86,48,4.462854
2026-07-11,2026-07-11,"Anarkali Set Whatsapp campaign",inactive,,,,500,Daily,0,0,0,Ongoing,"7-day click or 1-day view",0,,,0,,,,,0
2026-07-11,2026-07-11,"Trendy Green Bridal Couture Whatsapp campaign",archived,,,,500,Daily,0,0,0,2026-06-03,"7-day click or 1-day view",0,,,0,,,,,0
2026-07-11,2026-07-11,Dark-Pink-Lehenga-Whatsapp-campaign,archived,,,,500,Daily,0,0,0,2026-06-03,"7-day click or 1-day view",0,,,0,,,,,0
2026-07-11,2026-07-11,"Lehenga Set Whatsapp campaign",inactive,,,,500,Daily,0,0,0,Ongoing,"7-day click or 1-day view",0,,,0,,,,,0
2026-07-11,2026-07-11,"Red Anarkali Engagement campaign",inactive,8775,video_thruplay_watched_actions,0.03225413,300,Daily,283.03,50020,50020,Ongoing,"7-day click or 1-day view",5.658337,0.032254,8775,0,4080,49318,9770,2014,0.467813
2026-07-11,2026-07-11,"Post: ""Who said lehengas are only for brides? ✨ """,inactive,,,,300,Daily,0,0,0,2026-05-28,"7-day click or 1-day view",0,,,0,,,,,0
2026-07-11,2026-07-11,"Post: ""Made for summer days, yet wrapped in  elegance 🌿✨ """,completed,,,,300,Daily,0,0,0,2026-05-28,"7-day click or 1-day view",0,,,0,,,,,0
2026-07-11,2026-07-11,"Black Half Saree Dress Campaign",inactive,,,,"Using ad set budget",0,0,0,0,Ongoing,"7-day click or 1-day view",0,,,0,,,,,0
2026-07-11,2026-07-11,"Lehenga post from Insta",inactive,4443,video_thruplay_watched_actions,0.05914697,"Using ad set budget",0,262.79,20146,19411,Ongoing,"7-day click or 1-day view",13.044277,0.059147,4443,0,3648,19866,5845,1790,0.695482
2026-07-11,2026-07-11,"FB Janviaika Video Campaign_English",inactive,,,,300,Daily,0,0,0,Ongoing,"7-day click or 1-day view",0,,,0,,,,,0
2026-07-11,2026-07-11,"Chudidhaar Advantage+ Shopping Campaign",inactive,,,,500,Daily,0,0,0,Ongoing,"7-day click, 1-day view or 1-day engaged view",0,,,0,,,,,0
2026-07-11,2026-07-11,"Advantage+ Shopping Campaign March",inactive,,,,500,Daily,0,0,0,Ongoing,"7-day click or 1-day view",0,,,0,,,,,0
2026-07-11,2026-07-11,"Model Engagement Video Campaign",inactive,,,,800,Daily,0,0,0,Ongoing,"Multiple attribution settings",0,,,0,,,,,0
2026-07-11,2026-07-11,"Launch Sales campaign",inactive,,,,1000,Daily,0,0,0,Ongoing,"7-day click, 1-day view or 1-day engaged view",0,,,0,,,,,0
2026-07-10,2026-07-10,"Retargeting Sales campaign",active,,,,500,Daily,0,0,0,Ongoing,"7-day click, 1-day view or 1-day engaged view",0,,,0,,,,,0
2026-07-10,2026-07-10,Anarkali-And-Half-saree-JanviAika_Shopping_Ad_Campaign,active,1,actions:offsite_conversion.fb_pixel_purchase,1276.49,2000,Daily,1276.49,3969,3105,Ongoing,"7-day click, 1-day view or 1-day engaged view",321.615016,3.545806,360,1,451,1502,638,354,7.020934
2026-07-10,2026-07-10,"Engagement campaign Janviaika Reels",active,5778,video_thruplay_watched_actions,0.050045,"Using ad set budget",0,289.16,35921,35655,Ongoing,"7-day click or 1-day view",8.049887,0.050045,5778,0,2693,34860,5472,984,0.429112
2026-07-10,2026-07-10,"JanviAika_Shopping_Ad_Campaign – Lehenga_And_Long_Gowns",active,,,,1000,Daily,1008.81,4119,3020,Ongoing,"7-day click, 1-day view or 1-day engaged view",244.916242,4.714065,214,0,267,1115,390,214,2.847682
2026-07-10,2026-07-10,"Hot Campaign for Website Visitors",active,4,actions:offsite_conversion.fb_pixel_purchase,119.7,500,Daily,478.8,1724,1260,Ongoing,"7-day click, 1-day view or 1-day engaged view",277.726218,79.8,6,0,8,30,12,6,8.412698
2026-07-10,2026-07-10,JanviAika_Shopping_Ad_Campaign,active,5,actions:offsite_conversion.fb_pixel_purchase,206.102,"Using ad set budget",0,1030.51,4680,3460,Ongoing,"7-day click, 1-day view or 1-day engaged view",220.194444,17.175167,60,0,76,305,116,59,4.913295
2026-07-10,2026-07-10,"Anarkali Set Whatsapp campaign",inactive,,,,500,Daily,0,0,0,Ongoing,"7-day click or 1-day view",0,,,0,,,,,0
2026-07-10,2026-07-10,"Trendy Green Bridal Couture Whatsapp campaign",archived,,,,500,Daily,0,0,0,2026-06-03,"7-day click or 1-day view",0,,,0,,,,,0
2026-07-10,2026-07-10,Dark-Pink-Lehenga-Whatsapp-campaign,archived,,,,500,Daily,0,0,0,2026-06-03,"7-day click or 1-day view",0,,,0,,,,,0
2026-07-10,2026-07-10,"Lehenga Set Whatsapp campaign",inactive,,,,500,Daily,0,0,0,Ongoing,"7-day click or 1-day view",0,,,0,,,,,0
2026-07-10,2026-07-10,"Red Anarkali Engagement campaign",inactive,9388,video_thruplay_watched_actions,0.03063485,300,Daily,287.6,51285,50351,Ongoing,"7-day click or 1-day view",5.607878,0.030635,9388,1,4201,50379,10437,2119,0.440905
2026-07-10,2026-07-10,"Post: ""Who said lehengas are only for brides? ✨ """,inactive,,,,300,Daily,0,0,0,2026-05-28,"7-day click or 1-day view",0,,,0,,,,,0
2026-07-10,2026-07-10,"Post: ""Made for summer days, yet wrapped in  elegance 🌿✨ """,completed,,,,300,Daily,0,0,0,2026-05-28,"7-day click or 1-day view",0,,,0,,,,,0
2026-07-10,2026-07-10,"Black Half Saree Dress Campaign",inactive,,,,"Using ad set budget",0,0,0,0,Ongoing,"7-day click or 1-day view",0,,,0,,,,,0
2026-07-10,2026-07-10,"Lehenga post from Insta",inactive,5159,video_thruplay_watched_actions,0.05824966,"Using ad set budget",0,300.51,23872,23108,Ongoing,"7-day click or 1-day view",12.588388,0.05825,5159,0,4119,23650,6928,1977,0.627488
2026-07-10,2026-07-10,"FB Janviaika Video Campaign_English",inactive,,,,300,Daily,0,0,0,Ongoing,"7-day click or 1-day view",0,,,0,,,,,0
2026-07-10,2026-07-10,"Chudidhaar Advantage+ Shopping Campaign",inactive,,,,500,Daily,0,0,0,Ongoing,"7-day click, 1-day view or 1-day engaged view",0,,,0,,,,,0
2026-07-10,2026-07-10,"Advantage+ Shopping Campaign March",inactive,,,,500,Daily,0,0,0,Ongoing,"7-day click or 1-day view",0,,,0,,,,,0
2026-07-10,2026-07-10,"Model Engagement Video Campaign",inactive,,,,800,Daily,0,0,0,Ongoing,"Multiple attribution settings",0,,,0,,,,,0
2026-07-10,2026-07-10,"Launch Sales campaign",inactive,,,,1000,Daily,0,0,0,Ongoing,"7-day click, 1-day view or 1-day engaged view",0,,,0,,,,,0
2026-07-09,2026-07-09,"Retargeting Sales campaign",active,,,,500,Daily,0,0,0,Ongoing,"7-day click, 1-day view or 1-day engaged view",0,,,0,,,,,0
2026-07-09,2026-07-09,Anarkali-And-Half-saree-JanviAika_Shopping_Ad_Campaign,active,,,,2000,Daily,105.59,609,568,Ongoing,"7-day click, 1-day view or 1-day engaged view",173.382594,2.199792,48,0,69,274,108,48,3.873239
2026-07-09,2026-07-09,"Engagement campaign Janviaika Reels",active,5946,video_thruplay_watched_actions,0.04940969,"Using ad set budget",0,293.79,37313,36985,Ongoing,"7-day click or 1-day view",7.873663,0.04941,5946,0,2682,36407,5551,999,0.408274
2026-07-09,2026-07-09,"JanviAika_Shopping_Ad_Campaign – Lehenga_And_Long_Gowns",active,,,,1000,Daily,205.16,1306,1171,Ongoing,"7-day click, 1-day view or 1-day engaged view",157.090352,3.663571,56,0,70,334,102,55,1.964133
2026-07-09,2026-07-09,"Hot Campaign for Website Visitors",active,2,actions:offsite_conversion.fb_pixel_purchase,261.995,500,Daily,523.99,1822,1277,Ongoing,"7-day click, 1-day view or 1-day engaged view",287.59056,65.49875,8,0,9,39,12,8,8.613939
2026-07-09,2026-07-09,JanviAika_Shopping_Ad_Campaign,active,5,actions:offsite_conversion.fb_pixel_purchase,201.37,"Using ad set budget",0,1006.85,4688,3309,Ongoing,"7-day click, 1-day view or 1-day engaged view",214.771758,18.306364,55,1,65,277,95,56,5.983681
2026-07-09,2026-07-09,"Anarkali Set Whatsapp campaign",inactive,,,,500,Daily,0,0,0,Ongoing,"7-day click or 1-day view",0,,,0,,,,,0
2026-07-09,2026-07-09,"Trendy Green Bridal Couture Whatsapp campaign",archived,,,,500,Daily,0,0,0,2026-06-03,"7-day click or 1-day view",0,,,0,,,,,0
2026-07-09,2026-07-09,Dark-Pink-Lehenga-Whatsapp-campaign,archived,,,,500,Daily,0,0,0,2026-06-03,"7-day click or 1-day view",0,,,0,,,,,0
2026-07-09,2026-07-09,"Lehenga Set Whatsapp campaign",inactive,,,,500,Daily,0,0,0,Ongoing,"7-day click or 1-day view",0,,,0,,,,,0
2026-07-09,2026-07-09,"Red Anarkali Engagement campaign",inactive,9364,video_thruplay_watched_actions,0.03154742,300,Daily,295.41,53958,53958,Ongoing,"7-day click or 1-day view",5.474814,0.031547,9364,0,4195,53014,10473,2081,0.404018
2026-07-09,2026-07-09,"Post: ""Who said lehengas are only for brides? ✨ """,inactive,,,,300,Daily,0,0,0,2026-05-28,"7-day click or 1-day view",0,,,0,,,,,0
2026-07-09,2026-07-09,"Post: ""Made for summer days, yet wrapped in  elegance 🌿✨ """,completed,,,,300,Daily,0,0,0,2026-05-28,"7-day click or 1-day view",0,,,0,,,,,0
2026-07-09,2026-07-09,"Black Half Saree Dress Campaign",inactive,,,,"Using ad set budget",0,0,0,0,Ongoing,"7-day click or 1-day view",0,,,0,,,,,0
2026-07-09,2026-07-09,"Lehenga post from Insta",inactive,5111,video_thruplay_watched_actions,0.05873997,"Using ad set budget",0,300.22,23259,22029,Ongoing,"7-day click or 1-day view",12.907692,0.05874,5111,0,4162,23055,6898,1938,0.662763
2026-07-09,2026-07-09,"FB Janviaika Video Campaign_English",inactive,,,,300,Daily,0,0,0,Ongoing,"7-day click or 1-day view",0,,,0,,,,,0
2026-07-09,2026-07-09,"Chudidhaar Advantage+ Shopping Campaign",inactive,,,,500,Daily,0,0,0,Ongoing,"7-day click, 1-day view or 1-day engaged view",0,,,0,,,,,0
2026-07-09,2026-07-09,"Advantage+ Shopping Campaign March",inactive,,,,500,Daily,0,0,0,Ongoing,"7-day click or 1-day view",0,,,0,,,,,0
2026-07-09,2026-07-09,"Model Engagement Video Campaign",inactive,,,,800,Daily,0,0,0,Ongoing,"Multiple attribution settings",0,,,0,,,,,0
2026-07-09,2026-07-09,"Launch Sales campaign",inactive,,,,1000,Daily,0,0,0,Ongoing,"7-day click, 1-day view or 1-day engaged view",0,,,0,,,,,0
2026-07-08,2026-07-08,"Retargeting Sales campaign",active,,,,500,Daily,0,0,0,Ongoing,"7-day click, 1-day view or 1-day engaged view",0,,,0,,,,,0
2026-07-08,2026-07-08,Anarkali-And-Half-saree-JanviAika_Shopping_Ad_Campaign,active,,,,2000,Daily,0,0,0,Ongoing,"7-day click, 1-day view or 1-day engaged view",0,,,0,,,,,0
2026-07-08,2026-07-08,"Engagement campaign Janviaika Reels",active,6429,video_thruplay_watched_actions,0.04806346,"Using ad set budget",0,309,40752,39776,Ongoing,"7-day click or 1-day view",7.58245,0.048063,6429,0,2876,39559,6025,1045,0.407281
2026-07-08,2026-07-08,"JanviAika_Shopping_Ad_Campaign – Lehenga_And_Long_Gowns",active,,,,1000,Daily,0,0,0,Ongoing,"7-day click, 1-day view or 1-day engaged view",0,,,0,,,,,0
2026-07-08,2026-07-08,"Hot Campaign for Website Visitors",active,2,actions:offsite_conversion.fb_pixel_purchase,267.37,500,Daily,534.74,2008,1339,Ongoing,"7-day click, 1-day view or 1-day engaged view",266.304781,106.948,5,0,5,35,13,5,7.692308
2026-07-08,2026-07-08,JanviAika_Shopping_Ad_Campaign,active,1,actions:offsite_conversion.fb_pixel_purchase,1043.64,"Using ad set budget",0,1043.64,5458,3890,Ongoing,"7-day click, 1-day view or 1-day engaged view",191.212899,14.495,72,2,92,413,129,72,5.218509
2026-07-08,2026-07-08,"Anarkali Set Whatsapp campaign",inactive,,,,500,Daily,0,0,0,Ongoing,"7-day click or 1-day view",0,,,0,,,,,0
2026-07-08,2026-07-08,"Trendy Green Bridal Couture Whatsapp campaign",archived,,,,500,Daily,0,0,0,2026-06-03,"7-day click or 1-day view",0,,,0,,,,,0
2026-07-08,2026-07-08,Dark-Pink-Lehenga-Whatsapp-campaign,archived,,,,500,Daily,0,0,0,2026-06-03,"7-day click or 1-day view",0,,,0,,,,,0
2026-07-08,2026-07-08,"Lehenga Set Whatsapp campaign",inactive,,,,500,Daily,0,0,0,Ongoing,"7-day click or 1-day view",0,,,0,,,,,0
2026-07-08,2026-07-08,"Red Anarkali Engagement campaign",inactive,10421,video_thruplay_watched_actions,0.02933212,300,Daily,305.67,56492,56289,Ongoing,"7-day click or 1-day view",5.410855,0.029332,10421,0,4632,55584,11566,2232,0.413935
2026-07-08,2026-07-08,"Post: ""Who said lehengas are only for brides? ✨ """,inactive,,,,300,Daily,0,0,0,2026-05-28,"7-day click or 1-day view",0,,,0,,,,,0
2026-07-08,2026-07-08,"Post: ""Made for summer days, yet wrapped in  elegance 🌿✨ """,completed,,,,300,Daily,0,0,0,2026-05-28,"7-day click or 1-day view",0,,,0,,,,,0
2026-07-08,2026-07-08,"Black Half Saree Dress Campaign",inactive,,,,"Using ad set budget",0,0,0,0,Ongoing,"7-day click or 1-day view",0,,,0,,,,,0
2026-07-08,2026-07-08,"Lehenga post from Insta",inactive,4987,video_thruplay_watched_actions,0.05909565,"Using ad set budget",0,294.71,22562,22524,Ongoing,"7-day click or 1-day view",13.062229,0.059096,4987,0,4030,22358,6726,1873,0.572722
2026-07-08,2026-07-08,"FB Janviaika Video Campaign_English",inactive,,,,300,Daily,0,0,0,Ongoing,"7-day click or 1-day view",0,,,0,,,,,0
2026-07-08,2026-07-08,"Chudidhaar Advantage+ Shopping Campaign",inactive,,,,500,Daily,0,0,0,Ongoing,"7-day click, 1-day view or 1-day engaged view",0,,,0,,,,,0
2026-07-08,2026-07-08,"Advantage+ Shopping Campaign March",inactive,,,,500,Daily,0,0,0,Ongoing,"7-day click or 1-day view",0,,,0,,,,,0
2026-07-08,2026-07-08,"Model Engagement Video Campaign",inactive,,,,800,Daily,0,0,0,Ongoing,"Multiple attribution settings",0,,,0,,,,,0
2026-07-08,2026-07-08,"Launch Sales campaign",inactive,,,,1000,Daily,0,0,0,Ongoing,"7-day click, 1-day view or 1-day engaged view",0,,,0,,,,,0
2026-07-07,2026-07-07,"Retargeting Sales campaign",active,,,,500,Daily,0,0,0,Ongoing,"7-day click, 1-day view or 1-day engaged view",0,,,0,,,,,0
2026-07-07,2026-07-07,Anarkali-And-Half-saree-JanviAika_Shopping_Ad_Campaign,active,,,,2000,Daily,0,0,0,Ongoing,"7-day click, 1-day view or 1-day engaged view",0,,,0,,,,,0
2026-07-07,2026-07-07,"Engagement campaign Janviaika Reels",active,5875,video_thruplay_watched_actions,0.04958809,"Using ad set budget",0,291.33,35686,34473,Ongoing,"7-day click or 1-day view",8.163706,0.049588,5875,0,2758,34909,5513,1052,0.397412
2026-07-07,2026-07-07,"JanviAika_Shopping_Ad_Campaign – Lehenga_And_Long_Gowns",active,,,,1000,Daily,0,0,0,Ongoing,"7-day click, 1-day view or 1-day engaged view",0,,,0,,,,,0
2026-07-07,2026-07-07,"Hot Campaign for Website Visitors",active,,,,500,Daily,561.25,2283,1604,Ongoing,"7-day click, 1-day view or 1-day engaged view",245.838809,80.178571,7,0,12,47,16,7,6.795511
2026-07-07,2026-07-07,JanviAika_Shopping_Ad_Campaign,active,4,actions:offsite_conversion.fb_pixel_purchase,263.56,"Using ad set budget",0,1054.24,4272,2957,Ongoing,"7-day click, 1-day view or 1-day engaged view",246.779026,15.060571,70,0,91,406,129,72,5.478526
2026-07-07,2026-07-07,"Anarkali Set Whatsapp campaign",inactive,,,,500,Daily,0,0,0,Ongoing,"7-day click or 1-day view",0,,,0,,,,,0
2026-07-07,2026-07-07,"Trendy Green Bridal Couture Whatsapp campaign",archived,,,,500,Daily,0,0,0,2026-06-03,"7-day click or 1-day view",0,,,0,,,,,0
2026-07-07,2026-07-07,Dark-Pink-Lehenga-Whatsapp-campaign,archived,,,,500,Daily,0,0,0,2026-06-03,"7-day click or 1-day view",0,,,0,,,,,0
2026-07-07,2026-07-07,"Lehenga Set Whatsapp campaign",inactive,,,,500,Daily,0,0,0,Ongoing,"7-day click or 1-day view",0,,,0,,,,,0
2026-07-07,2026-07-07,"Red Anarkali Engagement campaign",inactive,9681,video_thruplay_watched_actions,0.03009297,300,Daily,291.33,53512,52629,Ongoing,"7-day click or 1-day view",5.444199,0.030093,9681,0,4369,52610,10804,2152,0.457922
2026-07-07,2026-07-07,"Post: ""Who said lehengas are only for brides? ✨ """,inactive,,,,300,Daily,0,0,0,2026-05-28,"7-day click or 1-day view",0,,,0,,,,,0
2026-07-07,2026-07-07,"Post: ""Made for summer days, yet wrapped in  elegance 🌿✨ """,completed,,,,300,Daily,0,0,0,2026-05-28,"7-day click or 1-day view",0,,,0,,,,,0
2026-07-07,2026-07-07,"Black Half Saree Dress Campaign",inactive,,,,"Using ad set budget",0,0,0,0,Ongoing,"7-day click or 1-day view",0,,,0,,,,,0
2026-07-07,2026-07-07,"Lehenga post from Insta",inactive,5116,video_thruplay_watched_actions,0.05976153,"Using ad set budget",0,305.74,22918,22463,Ongoing,"7-day click or 1-day view",13.340606,0.059762,5116,0,4173,22704,6806,1965,0.632151
2026-07-07,2026-07-07,"FB Janviaika Video Campaign_English",inactive,,,,300,Daily,0,0,0,Ongoing,"7-day click or 1-day view",0,,,0,,,,,0
2026-07-07,2026-07-07,"Chudidhaar Advantage+ Shopping Campaign",inactive,,,,500,Daily,0,0,0,Ongoing,"7-day click, 1-day view or 1-day engaged view",0,,,0,,,,,0
2026-07-07,2026-07-07,"Advantage+ Shopping Campaign March",inactive,,,,500,Daily,0,0,0,Ongoing,"7-day click or 1-day view",0,,,0,,,,,0
2026-07-07,2026-07-07,"Model Engagement Video Campaign",inactive,,,,800,Daily,0,0,0,Ongoing,"Multiple attribution settings",0,,,0,,,,,0
2026-07-07,2026-07-07,"Launch Sales campaign",inactive,,,,1000,Daily,0,0,0,Ongoing,"7-day click, 1-day view or 1-day engaged view",0,,,0,,,,,0
2026-07-06,2026-07-06,"Retargeting Sales campaign",active,,,,500,Daily,0,0,0,Ongoing,"7-day click, 1-day view or 1-day engaged view",0,,,0,,,,,0
2026-07-06,2026-07-06,Anarkali-And-Half-saree-JanviAika_Shopping_Ad_Campaign,active,,,,2000,Daily,0,0,0,Ongoing,"7-day click, 1-day view or 1-day engaged view",0,,,0,,,,,0
2026-07-06,2026-07-06,"Engagement campaign Janviaika Reels",active,5969,video_thruplay_watched_actions,0.05240744,"Using ad set budget",0,312.82,37864,36859,Ongoing,"7-day click or 1-day view",8.261673,0.052407,5969,0,2651,36957,5554,948,0.472069
2026-07-06,2026-07-06,"JanviAika_Shopping_Ad_Campaign – Lehenga_And_Long_Gowns",active,,,,1000,Daily,0,0,0,Ongoing,"7-day click, 1-day view or 1-day engaged view",0,,,0,,,,,0
2026-07-06,2026-07-06,"Hot Campaign for Website Visitors",active,1,actions:offsite_conversion.fb_pixel_purchase,528.68,500,Daily,528.68,2200,1522,Ongoing,"7-day click, 1-day view or 1-day engaged view",240.309091,35.245333,15,1,17,57,23,15,6.96452
2026-07-06,2026-07-06,JanviAika_Shopping_Ad_Campaign,active,3,actions:offsite_conversion.fb_pixel_purchase,345.04333333,"Using ad set budget",0,1035.13,5160,3673,Ongoing,"7-day click, 1-day view or 1-day engaged view",200.606589,10.049806,103,2,121,508,192,103,5.880751
2026-07-06,2026-07-06,"Anarkali Set Whatsapp campaign",inactive,,,,500,Daily,0,0,0,Ongoing,"7-day click or 1-day view",0,,,0,,,,,0
2026-07-06,2026-07-06,"Trendy Green Bridal Couture Whatsapp campaign",archived,,,,500,Daily,0,0,0,2026-06-03,"7-day click or 1-day view",0,,,0,,,,,0
2026-07-06,2026-07-06,Dark-Pink-Lehenga-Whatsapp-campaign,archived,,,,500,Daily,0,0,0,2026-06-03,"7-day click or 1-day view",0,,,0,,,,,0
2026-07-06,2026-07-06,"Lehenga Set Whatsapp campaign",inactive,,,,500,Daily,0,0,0,Ongoing,"7-day click or 1-day view",0,,,0,,,,,0
2026-07-06,2026-07-06,"Red Anarkali Engagement campaign",inactive,10058,video_thruplay_watched_actions,0.03171505,300,Daily,318.99,55084,54252,Ongoing,"7-day click or 1-day view",5.790974,0.031715,10058,1,4655,54167,11151,2344,0.499521
2026-07-06,2026-07-06,"Post: ""Who said lehengas are only for brides? ✨ """,inactive,,,,300,Daily,0,0,0,2026-05-28,"7-day click or 1-day view",0,,,0,,,,,0
2026-07-06,2026-07-06,"Post: ""Made for summer days, yet wrapped in  elegance 🌿✨ """,completed,,,,300,Daily,0,0,0,2026-05-28,"7-day click or 1-day view",0,,,0,,,,,0
2026-07-06,2026-07-06,"Black Half Saree Dress Campaign",inactive,,,,"Using ad set budget",0,0,0,0,Ongoing,"7-day click or 1-day view",0,,,0,,,,,0
2026-07-06,2026-07-06,"Lehenga post from Insta",inactive,4922,video_thruplay_watched_actions,0.06273872,"Using ad set budget",0,308.8,23488,22416,Ongoing,"7-day click or 1-day view",13.147139,0.062739,4922,0,3975,23296,6615,1815,0.571021
2026-07-06,2026-07-06,"FB Janviaika Video Campaign_English",inactive,,,,300,Daily,0,0,0,Ongoing,"7-day click or 1-day view",0,,,0,,,,,0
2026-07-06,2026-07-06,"Chudidhaar Advantage+ Shopping Campaign",inactive,,,,500,Daily,0,0,0,Ongoing,"7-day click, 1-day view or 1-day engaged view",0,,,0,,,,,0
2026-07-06,2026-07-06,"Advantage+ Shopping Campaign March",inactive,,,,500,Daily,0,0,0,Ongoing,"7-day click or 1-day view",0,,,0,,,,,0
2026-07-06,2026-07-06,"Model Engagement Video Campaign",inactive,,,,800,Daily,0,0,0,Ongoing,"Multiple attribution settings",0,,,0,,,,,0
2026-07-06,2026-07-06,"Launch Sales campaign",inactive,,,,1000,Daily,0,0,0,Ongoing,"7-day click, 1-day view or 1-day engaged view",0,,,0,,,,,0
2026-07-05,2026-07-05,"Retargeting Sales campaign",active,,,,500,Daily,0,0,0,Ongoing,"7-day click, 1-day view or 1-day engaged view",0,,,0,,,,,0
2026-07-05,2026-07-05,Anarkali-And-Half-saree-JanviAika_Shopping_Ad_Campaign,active,,,,2000,Daily,0,0,0,Ongoing,"7-day click, 1-day view or 1-day engaged view",0,,,0,,,,,0
2026-07-05,2026-07-05,"Engagement campaign Janviaika Reels",active,6328,video_thruplay_watched_actions,0.0539507,"Using ad set budget",0,341.4,38146,37792,Ongoing,"7-day click or 1-day view",8.949824,0.053951,6328,0,2814,37225,5863,1009,0.404848
2026-07-05,2026-07-05,"JanviAika_Shopping_Ad_Campaign – Lehenga_And_Long_Gowns",active,,,,1000,Daily,0,0,0,Ongoing,"7-day click, 1-day view or 1-day engaged view",0,,,0,,,,,0
2026-07-05,2026-07-05,"Hot Campaign for Website Visitors",active,3,actions:offsite_conversion.fb_pixel_purchase,158.91333333,500,Daily,476.74,1693,1164,Ongoing,"7-day click, 1-day view or 1-day engaged view",281.594802,28.043529,17,0,22,65,27,17,9.106529
2026-07-05,2026-07-05,JanviAika_Shopping_Ad_Campaign,active,1,actions:offsite_conversion.fb_pixel_purchase,943.57,"Using ad set budget",0,943.57,4824,3345,Ongoing,"7-day click, 1-day view or 1-day engaged view",195.599088,7.094511,133,1,173,784,274,134,5.710015
2026-07-05,2026-07-05,"Anarkali Set Whatsapp campaign",inactive,,,,500,Daily,0,0,0,Ongoing,"7-day click or 1-day view",0,,,0,,,,,0
2026-07-05,2026-07-05,"Trendy Green Bridal Couture Whatsapp campaign",archived,,,,500,Daily,0,0,0,2026-06-03,"7-day click or 1-day view",0,,,0,,,,,0
2026-07-05,2026-07-05,Dark-Pink-Lehenga-Whatsapp-campaign,archived,,,,500,Daily,0,0,0,2026-06-03,"7-day click or 1-day view",0,,,0,,,,,0
2026-07-05,2026-07-05,"Lehenga Set Whatsapp campaign",inactive,,,,500,Daily,0,0,0,Ongoing,"7-day click or 1-day view",0,,,0,,,,,0
2026-07-05,2026-07-05,"Red Anarkali Engagement campaign",inactive,9473,video_thruplay_watched_actions,0.03321229,300,Daily,314.62,53637,53248,Ongoing,"7-day click or 1-day view",5.865727,0.033212,9473,0,4151,52764,10514,2048,0.366211
2026-07-05,2026-07-05,"Post: ""Who said lehengas are only for brides? ✨ """,inactive,,,,300,Daily,0,0,0,2026-05-28,"7-day click or 1-day view",0,,,0,,,,,0
2026-07-05,2026-07-05,"Post: ""Made for summer days, yet wrapped in  elegance 🌿✨ """,completed,,,,300,Daily,0,0,0,2026-05-28,"7-day click or 1-day view",0,,,0,,,,,0
2026-07-05,2026-07-05,"Black Half Saree Dress Campaign",inactive,,,,"Using ad set budget",0,0,0,0,Ongoing,"7-day click or 1-day view",0,,,0,,,,,0
2026-07-05,2026-07-05,"Lehenga post from Insta",inactive,5090,video_thruplay_watched_actions,0.0636169,"Using ad set budget",0,323.81,23482,22885,Ongoing,"7-day click or 1-day view",13.789711,0.063617,5090,0,4095,23268,6725,1917,0.598645
2026-07-05,2026-07-05,"FB Janviaika Video Campaign_English",inactive,,,,300,Daily,0,0,0,Ongoing,"7-day click or 1-day view",0,,,0,,,,,0
2026-07-05,2026-07-05,"Chudidhaar Advantage+ Shopping Campaign",inactive,,,,500,Daily,0,0,0,Ongoing,"7-day click, 1-day view or 1-day engaged view",0,,,0,,,,,0
2026-07-05,2026-07-05,"Advantage+ Shopping Campaign March",inactive,,,,500,Daily,0,0,0,Ongoing,"7-day click or 1-day view",0,,,0,,,,,0
2026-07-05,2026-07-05,"Model Engagement Video Campaign",inactive,,,,800,Daily,0,0,0,Ongoing,"Multiple attribution settings",0,,,0,,,,,0
2026-07-05,2026-07-05,"Launch Sales campaign",inactive,,,,1000,Daily,0,0,0,Ongoing,"7-day click, 1-day view or 1-day engaged view",0,,,0,,,,,0
2026-07-04,2026-07-04,"Retargeting Sales campaign",active,,,,500,Daily,0,0,0,Ongoing,"7-day click, 1-day view or 1-day engaged view",0,,,0,,,,,0
2026-07-04,2026-07-04,Anarkali-And-Half-saree-JanviAika_Shopping_Ad_Campaign,active,,,,2000,Daily,0,0,0,Ongoing,"7-day click, 1-day view or 1-day engaged view",0,,,0,,,,,0
2026-07-04,2026-07-04,"Engagement campaign Janviaika Reels",active,4472,video_thruplay_watched_actions,0.05504696,"Using ad set budget",0,246.17,30963,30229,Ongoing,"7-day click or 1-day view",7.950457,0.055047,4472,0,2044,29931,4148,723,0.403586
2026-07-04,2026-07-04,"JanviAika_Shopping_Ad_Campaign – Lehenga_And_Long_Gowns",active,,,,1000,Daily,0,0,0,Ongoing,"7-day click, 1-day view or 1-day engaged view",0,,,0,,,,,0
2026-07-04,2026-07-04,"Hot Campaign for Website Visitors",active,3,actions:offsite_conversion.fb_pixel_purchase,209.16,500,Daily,627.48,3184,2264,Ongoing,"7-day click, 1-day view or 1-day engaged view",197.072864,89.64,7,0,12,66,21,7,6.978799
2026-07-04,2026-07-04,JanviAika_Shopping_Ad_Campaign,active,2,actions:offsite_conversion.fb_pixel_purchase,662.83,"Using ad set budget",0,1325.66,8339,6147,Ongoing,"7-day click, 1-day view or 1-day engaged view",158.9711,5.641106,235,2,301,1238,442,237,4.912966
2026-07-04,2026-07-04,"Anarkali Set Whatsapp campaign",inactive,,,,500,Daily,0,0,0,Ongoing,"7-day click or 1-day view",0,,,0,,,,,0
2026-07-04,2026-07-04,"Trendy Green Bridal Couture Whatsapp campaign",archived,,,,500,Daily,0,0,0,2026-06-03,"7-day click or 1-day view",0,,,0,,,,,0
2026-07-04,2026-07-04,Dark-Pink-Lehenga-Whatsapp-campaign,archived,,,,500,Daily,0,0,0,2026-06-03,"7-day click or 1-day view",0,,,0,,,,,0
2026-07-04,2026-07-04,"Lehenga Set Whatsapp campaign",inactive,,,,500,Daily,0,0,0,Ongoing,"7-day click or 1-day view",0,,,0,,,,,0
2026-07-04,2026-07-04,"Red Anarkali Engagement campaign",inactive,12144,video_thruplay_watched_actions,0.03514822,300,Daily,426.84,71523,69842,Ongoing,"7-day click or 1-day view",5.96787,0.035148,12144,0,5525,70255,13484,2674,0.462472
2026-07-04,2026-07-04,"Post: ""Who said lehengas are only for brides? ✨ """,inactive,,,,300,Daily,0,0,0,2026-05-28,"7-day click or 1-day view",0,,,0,,,,,0
2026-07-04,2026-07-04,"Post: ""Made for summer days, yet wrapped in  elegance 🌿✨ """,completed,,,,300,Daily,0,0,0,2026-05-28,"7-day click or 1-day view",0,,,0,,,,,0
2026-07-04,2026-07-04,"Black Half Saree Dress Campaign",inactive,,,,"Using ad set budget",0,0,0,0,Ongoing,"7-day click or 1-day view",0,,,0,,,,,0
2026-07-04,2026-07-04,"Lehenga post from Insta",inactive,6097,video_thruplay_watched_actions,0.0682516,"Using ad set budget",0,416.13,30109,29991,Ongoing,"7-day click or 1-day view",13.820784,0.068252,6097,0,4978,29852,8126,2291,0.580174
2026-07-04,2026-07-04,"FB Janviaika Video Campaign_English",inactive,,,,300,Daily,0,0,0,Ongoing,"7-day click or 1-day view",0,,,0,,,,,0
2026-07-04,2026-07-04,"Chudidhaar Advantage+ Shopping Campaign",inactive,,,,500,Daily,0,0,0,Ongoing,"7-day click, 1-day view or 1-day engaged view",0,,,0,,,,,0
2026-07-04,2026-07-04,"Advantage+ Shopping Campaign March",inactive,,,,500,Daily,0,0,0,Ongoing,"7-day click or 1-day view",0,,,0,,,,,0
2026-07-04,2026-07-04,"Model Engagement Video Campaign",inactive,,,,800,Daily,0,0,0,Ongoing,"Multiple attribution settings",0,,,0,,,,,0
2026-07-04,2026-07-04,"Launch Sales campaign",inactive,,,,1000,Daily,0,0,0,Ongoing,"7-day click, 1-day view or 1-day engaged view",0,,,0,,,,,0
2026-07-03,2026-07-03,"Retargeting Sales campaign",active,,,,500,Daily,0,0,0,Ongoing,"7-day click, 1-day view or 1-day engaged view",0,,,0,,,,,0
2026-07-03,2026-07-03,Anarkali-And-Half-saree-JanviAika_Shopping_Ad_Campaign,active,,,,2000,Daily,0,0,0,Ongoing,"7-day click, 1-day view or 1-day engaged view",0,,,0,,,,,0
2026-07-03,2026-07-03,"Engagement campaign Janviaika Reels",active,5608,video_thruplay_watched_actions,0.05232882,"Using ad set budget",0,293.46,35002,33393,Ongoing,"7-day click or 1-day view",8.384092,0.052329,5608,0,2563,34271,5254,921,0.431228
2026-07-03,2026-07-03,"JanviAika_Shopping_Ad_Campaign – Lehenga_And_Long_Gowns",active,,,,1000,Daily,0,0,0,Ongoing,"7-day click, 1-day view or 1-day engaged view",0,,,0,,,,,0
2026-07-03,2026-07-03,"Hot Campaign for Website Visitors",active,2,actions:offsite_conversion.fb_pixel_purchase,370.89,500,Daily,741.78,3204,2380,Ongoing,"7-day click, 1-day view or 1-day engaged view",231.516854,52.984286,14,1,15,69,23,14,7.563025
2026-07-03,2026-07-03,JanviAika_Shopping_Ad_Campaign,active,4,actions:offsite_conversion.fb_pixel_purchase,368.5525,"Using ad set budget",0,1474.21,10137,7996,Ongoing,"7-day click, 1-day view or 1-day engaged view",145.428628,7.678177,192,3,254,979,348,194,4.889945
2026-07-03,2026-07-03,"Anarkali Set Whatsapp campaign",inactive,,,,500,Daily,0,0,0,Ongoing,"7-day click or 1-day view",0,,,0,,,,,0
2026-07-03,2026-07-03,"Trendy Green Bridal Couture Whatsapp campaign",archived,,,,500,Daily,0,0,0,2026-06-03,"7-day click or 1-day view",0,,,0,,,,,0
2026-07-03,2026-07-03,Dark-Pink-Lehenga-Whatsapp-campaign,archived,,,,500,Daily,0,0,0,2026-06-03,"7-day click or 1-day view",0,,,0,,,,,0
2026-07-03,2026-07-03,"Lehenga Set Whatsapp campaign",inactive,,,,500,Daily,0,0,0,Ongoing,"7-day click or 1-day view",0,,,0,,,,,0
2026-07-03,2026-07-03,"Red Anarkali Engagement campaign",inactive,12164,video_thruplay_watched_actions,0.03358024,300,Daily,408.47,70780,69910,Ongoing,"7-day click or 1-day view",5.770981,0.03358,12164,0,5607,69330,13445,2793,0.443427
2026-07-03,2026-07-03,"Post: ""Who said lehengas are only for brides? ✨ """,inactive,,,,300,Daily,0,0,0,2026-05-28,"7-day click or 1-day view",0,,,0,,,,,0
2026-07-03,2026-07-03,"Post: ""Made for summer days, yet wrapped in  elegance 🌿✨ """,completed,,,,300,Daily,0,0,0,2026-05-28,"7-day click or 1-day view",0,,,0,,,,,0
2026-07-03,2026-07-03,"Black Half Saree Dress Campaign",inactive,,,,"Using ad set budget",0,0,0,0,Ongoing,"7-day click or 1-day view",0,,,0,,,,,0
2026-07-03,2026-07-03,"Lehenga post from Insta",inactive,6695,video_thruplay_watched_actions,0.0604705,"Using ad set budget",0,404.85,31032,30106,Ongoing,"7-day click or 1-day view",13.04621,0.060471,6695,0,5406,30683,8950,2566,0.548064
2026-07-03,2026-07-03,"FB Janviaika Video Campaign_English",inactive,,,,300,Daily,0,0,0,Ongoing,"7-day click or 1-day view",0,,,0,,,,,0
2026-07-03,2026-07-03,"Chudidhaar Advantage+ Shopping Campaign",inactive,,,,500,Daily,0,0,0,Ongoing,"7-day click, 1-day view or 1-day engaged view",0,,,0,,,,,0
2026-07-03,2026-07-03,"Advantage+ Shopping Campaign March",inactive,,,,500,Daily,0,0,0,Ongoing,"7-day click or 1-day view",0,,,0,,,,,0
2026-07-03,2026-07-03,"Model Engagement Video Campaign",inactive,,,,800,Daily,0,0,0,Ongoing,"Multiple attribution settings",0,,,0,,,,,0
2026-07-03,2026-07-03,"Launch Sales campaign",inactive,,,,1000,Daily,0,0,0,Ongoing,"7-day click, 1-day view or 1-day engaged view",0,,,0,,,,,0
2026-07-02,2026-07-02,"Retargeting Sales campaign",active,,,,500,Daily,0,0,0,Ongoing,"7-day click, 1-day view or 1-day engaged view",0,,,0,,,,,0
2026-07-02,2026-07-02,Anarkali-And-Half-saree-JanviAika_Shopping_Ad_Campaign,active,,,,2000,Daily,0,0,0,Ongoing,"7-day click, 1-day view or 1-day engaged view",0,,,0,,,,,0
2026-07-02,2026-07-02,"Engagement campaign Janviaika Reels",active,5764,video_thruplay_watched_actions,0.0580569,"Using ad set budget",0,334.64,39832,37284,Ongoing,"7-day click or 1-day view",8.401285,0.058057,5764,0,2662,38948,5370,1058,0.38086
2026-07-02,2026-07-02,"JanviAika_Shopping_Ad_Campaign – Lehenga_And_Long_Gowns",active,,,,1000,Daily,0,0,0,Ongoing,"7-day click, 1-day view or 1-day engaged view",0,,,0,,,,,0
2026-07-02,2026-07-02,"Hot Campaign for Website Visitors",active,5,actions:offsite_conversion.fb_pixel_purchase,140.296,500,Daily,701.48,4313,2997,Ongoing,"7-day click, 1-day view or 1-day engaged view",162.643172,50.105714,14,3,18,70,31,14,7.707708
2026-07-02,2026-07-02,JanviAika_Shopping_Ad_Campaign,active,7,actions:offsite_conversion.fb_pixel_purchase,191.84142857,"Using ad set budget",0,1342.89,11123,8596,Ongoing,"7-day click, 1-day view or 1-day engaged view",120.730918,9.135306,147,1,180,629,273,147,4.688227
2026-07-02,2026-07-02,"Anarkali Set Whatsapp campaign",inactive,,,,500,Daily,0,0,0,Ongoing,"7-day click or 1-day view",0,,,0,,,,,0
2026-07-02,2026-07-02,"Trendy Green Bridal Couture Whatsapp campaign",archived,,,,500,Daily,0,0,0,2026-06-03,"7-day click or 1-day view",0,,,0,,,,,0
2026-07-02,2026-07-02,Dark-Pink-Lehenga-Whatsapp-campaign,archived,,,,500,Daily,0,0,0,2026-06-03,"7-day click or 1-day view",0,,,0,,,,,0
2026-07-02,2026-07-02,"Lehenga Set Whatsapp campaign",inactive,,,,500,Daily,0,0,0,Ongoing,"7-day click or 1-day view",0,,,0,,,,,0
2026-07-02,2026-07-02,"Red Anarkali Engagement campaign",inactive,12919,video_thruplay_watched_actions,0.0322943,300,Daily,417.21,70987,69532,Ongoing,"7-day click or 1-day view",5.877273,0.032294,12919,0,5884,69126,14268,3071,0.438647
2026-07-02,2026-07-02,"Post: ""Who said lehengas are only for brides? ✨ """,inactive,,,,300,Daily,0,0,0,2026-05-28,"7-day click or 1-day view",0,,,0,,,,,0
2026-07-02,2026-07-02,"Post: ""Made for summer days, yet wrapped in  elegance 🌿✨ """,completed,,,,300,Daily,0,0,0,2026-05-28,"7-day click or 1-day view",0,,,0,,,,,0
2026-07-02,2026-07-02,"Black Half Saree Dress Campaign",inactive,,,,"Using ad set budget",0,0,0,0,Ongoing,"7-day click or 1-day view",0,,,0,,,,,0
2026-07-02,2026-07-02,"Lehenga post from Insta",inactive,6694,video_thruplay_watched_actions,0.06080819,"Using ad set budget",0,407.05,31709,29225,Ongoing,"7-day click or 1-day view",12.837049,0.060808,6694,0,5412,31327,8850,2512,0.615911
2026-07-02,2026-07-02,"FB Janviaika Video Campaign_English",inactive,,,,300,Daily,0,0,0,Ongoing,"7-day click or 1-day view",0,,,0,,,,,0
2026-07-02,2026-07-02,"Chudidhaar Advantage+ Shopping Campaign",inactive,,,,500,Daily,0,0,0,Ongoing,"7-day click, 1-day view or 1-day engaged view",0,,,0,,,,,0
2026-07-02,2026-07-02,"Advantage+ Shopping Campaign March",inactive,,,,500,Daily,0,0,0,Ongoing,"7-day click or 1-day view",0,,,0,,,,,0
2026-07-02,2026-07-02,"Model Engagement Video Campaign",inactive,,,,800,Daily,0,0,0,Ongoing,"Multiple attribution settings",0,,,0,,,,,0
2026-07-02,2026-07-02,"Launch Sales campaign",inactive,,,,1000,Daily,0,0,0,Ongoing,"7-day click, 1-day view or 1-day engaged view",0,,,0,,,,,0
2026-07-01,2026-07-01,"Retargeting Sales campaign",active,,,,500,Daily,0,0,0,Ongoing,"7-day click, 1-day view or 1-day engaged view",0,,,0,,,,,0
2026-07-01,2026-07-01,Anarkali-And-Half-saree-JanviAika_Shopping_Ad_Campaign,active,,,,2000,Daily,0,0,0,Ongoing,"7-day click, 1-day view or 1-day engaged view",0,,,0,,,,,0
2026-07-01,2026-07-01,"Engagement campaign Janviaika Reels",active,2629,video_thruplay_watched_actions,0.0626512,"Using ad set budget",0,164.71,18485,18485,Ongoing,"7-day click or 1-day view",8.910468,0.062651,2629,0,1256,18120,2393,511,0.313768
2026-07-01,2026-07-01,"JanviAika_Shopping_Ad_Campaign – Lehenga_And_Long_Gowns",active,,,,1000,Daily,0,0,0,Ongoing,"7-day click, 1-day view or 1-day engaged view",0,,,0,,,,,0
2026-07-01,2026-07-01,"Hot Campaign for Website Visitors",active,,,,500,Daily,264.91,1216,951,Ongoing,"7-day click, 1-day view or 1-day engaged view",217.853618,132.455,2,0,6,29,10,2,6.940063
2026-07-01,2026-07-01,JanviAika_Shopping_Ad_Campaign,active,3,actions:offsite_conversion.fb_pixel_purchase,187.36,"Using ad set budget",0,562.08,5008,4040,Ongoing,"7-day click, 1-day view or 1-day engaged view",112.236422,11.71,48,1,62,206,87,49,5.024752
2026-07-01,2026-07-01,"Anarkali Set Whatsapp campaign",inactive,,,,500,Daily,0,0,0,Ongoing,"7-day click or 1-day view",0,,,0,,,,,0
2026-07-01,2026-07-01,"Trendy Green Bridal Couture Whatsapp campaign",archived,,,,500,Daily,0,0,0,2026-06-03,"7-day click or 1-day view",0,,,0,,,,,0
2026-07-01,2026-07-01,Dark-Pink-Lehenga-Whatsapp-campaign,archived,,,,500,Daily,0,0,0,2026-06-03,"7-day click or 1-day view",0,,,0,,,,,0
2026-07-01,2026-07-01,"Lehenga Set Whatsapp campaign",inactive,,,,500,Daily,0,0,0,Ongoing,"7-day click or 1-day view",0,,,0,,,,,0
2026-07-01,2026-07-01,"Red Anarkali Engagement campaign",inactive,8182,video_thruplay_watched_actions,0.03128086,300,Daily,255.94,45216,45216,Ongoing,"7-day click or 1-day view",5.660386,0.031281,8182,0,3853,43839,8971,2087,0.460014
2026-07-01,2026-07-01,"Post: ""Who said lehengas are only for brides? ✨ """,inactive,,,,300,Daily,0,0,0,2026-05-28,"7-day click or 1-day view",0,,,0,,,,,0
2026-07-01,2026-07-01,"Post: ""Made for summer days, yet wrapped in  elegance 🌿✨ """,completed,,,,300,Daily,0,0,0,2026-05-28,"7-day click or 1-day view",0,,,0,,,,,0
2026-07-01,2026-07-01,"Black Half Saree Dress Campaign",inactive,,,,"Using ad set budget",0,0,0,0,Ongoing,"7-day click or 1-day view",0,,,0,,,,,0
2026-07-01,2026-07-01,"Lehenga post from Insta",inactive,4574,video_thruplay_watched_actions,0.05804329,"Using ad set budget",0,265.49,20469,19943,Ongoing,"7-day click or 1-day view",12.970345,0.058043,4574,0,3675,20195,6072,1687,0.611743
2026-07-01,2026-07-01,"FB Janviaika Video Campaign_English",inactive,,,,300,Daily,0,0,0,Ongoing,"7-day click or 1-day view",0,,,0,,,,,0
2026-07-01,2026-07-01,"Chudidhaar Advantage+ Shopping Campaign",inactive,,,,500,Daily,0,0,0,Ongoing,"7-day click, 1-day view or 1-day engaged view",0,,,0,,,,,0
2026-07-01,2026-07-01,"Advantage+ Shopping Campaign March",inactive,,,,500,Daily,0,0,0,Ongoing,"7-day click or 1-day view",0,,,0,,,,,0
2026-07-01,2026-07-01,"Model Engagement Video Campaign",inactive,,,,800,Daily,0,0,0,Ongoing,"Multiple attribution settings",0,,,0,,,,,0
2026-07-01,2026-07-01,"Launch Sales campaign",inactive,,,,1000,Daily,0,0,0,Ongoing,"7-day click, 1-day view or 1-day engaged view",0,,,0,,,,,0
2026-06-30,2026-06-30,"Retargeting Sales campaign",active,,,,500,Daily,0,0,0,Ongoing,"7-day click, 1-day view or 1-day engaged view",0,,,0,,,,,0
2026-06-30,2026-06-30,Anarkali-And-Half-saree-JanviAika_Shopping_Ad_Campaign,active,,,,2000,Daily,0,0,0,Ongoing,"7-day click, 1-day view or 1-day engaged view",0,,,0,,,,,0
2026-06-30,2026-06-30,"Engagement campaign Janviaika Reels",active,,,,"Using ad set budget",0,0,0,0,Ongoing,"7-day click or 1-day view",0,,,0,,,,,0
2026-06-30,2026-06-30,"JanviAika_Shopping_Ad_Campaign – Lehenga_And_Long_Gowns",active,,,,1000,Daily,0,0,0,Ongoing,"7-day click, 1-day view or 1-day engaged view",0,,,0,,,,,0
2026-06-30,2026-06-30,"Hot Campaign for Website Visitors",active,2,actions:offsite_conversion.fb_pixel_purchase,183.815,500,Daily,367.63,1686,1309,Ongoing,"7-day click, 1-day view or 1-day engaged view",218.048636,73.526,5,2,6,25,10,5,6.951872
2026-06-30,2026-06-30,JanviAika_Shopping_Ad_Campaign,active,2,actions:offsite_conversion.fb_pixel_purchase,442.92,"Using ad set budget",0,885.84,8100,6776,Ongoing,"7-day click, 1-day view or 1-day engaged view",109.362963,21.091429,42,2,61,206,88,43,4.456907
2026-06-30,2026-06-30,"Anarkali Set Whatsapp campaign",inactive,,,,500,Daily,0,0,0,Ongoing,"7-day click or 1-day view",0,,,0,,,,,0
2026-06-30,2026-06-30,"Trendy Green Bridal Couture Whatsapp campaign",archived,,,,500,Daily,0,0,0,2026-06-03,"7-day click or 1-day view",0,,,0,,,,,0
2026-06-30,2026-06-30,Dark-Pink-Lehenga-Whatsapp-campaign,archived,,,,500,Daily,0,0,0,2026-06-03,"7-day click or 1-day view",0,,,0,,,,,0
2026-06-30,2026-06-30,"Lehenga Set Whatsapp campaign",inactive,,,,500,Daily,0,0,0,Ongoing,"7-day click or 1-day view",0,,,0,,,,,0
2026-06-30,2026-06-30,"Red Anarkali Engagement campaign",inactive,5897,video_thruplay_watched_actions,0.03407495,300,Daily,200.94,32660,32002,Ongoing,"7-day click or 1-day view",6.15248,0.034075,5897,0,2603,32107,6525,1293,0.515593
2026-06-30,2026-06-30,"Post: ""Who said lehengas are only for brides? ✨ """,inactive,,,,300,Daily,0,0,0,2026-05-28,"7-day click or 1-day view",0,,,0,,,,,0
2026-06-30,2026-06-30,"Post: ""Made for summer days, yet wrapped in  elegance 🌿✨ """,completed,,,,300,Daily,0,0,0,2026-05-28,"7-day click or 1-day view",0,,,0,,,,,0
2026-06-30,2026-06-30,"Black Half Saree Dress Campaign",inactive,,,,"Using ad set budget",0,0,0,0,Ongoing,"7-day click or 1-day view",0,,,0,,,,,0
2026-06-30,2026-06-30,"Lehenga post from Insta",inactive,3049,video_thruplay_watched_actions,0.06688422,"Using ad set budget",0,203.93,15260,14999,Ongoing,"7-day click or 1-day view",13.363696,0.066884,3049,0,2465,15099,4030,1140,0.480032
2026-06-30,2026-06-30,"FB Janviaika Video Campaign_English",inactive,,,,300,Daily,0,0,0,Ongoing,"7-day click or 1-day view",0,,,0,,,,,0
2026-06-30,2026-06-30,"Chudidhaar Advantage+ Shopping Campaign",inactive,,,,500,Daily,0,0,0,Ongoing,"7-day click, 1-day view or 1-day engaged view",0,,,0,,,,,0
2026-06-30,2026-06-30,"Advantage+ Shopping Campaign March",inactive,,,,500,Daily,0,0,0,Ongoing,"7-day click or 1-day view",0,,,0,,,,,0
2026-06-30,2026-06-30,"Model Engagement Video Campaign",inactive,,,,800,Daily,0,0,0,Ongoing,"Multiple attribution settings",0,,,0,,,,,0
2026-06-30,2026-06-30,"Launch Sales campaign",inactive,,,,1000,Daily,0,0,0,Ongoing,"7-day click, 1-day view or 1-day engaged view",0,,,0,,,,,0
2026-06-29,2026-06-29,"Retargeting Sales campaign",active,,,,500,Daily,0,0,0,Ongoing,"7-day click, 1-day view or 1-day engaged view",0,,,0,,,,,0
2026-06-29,2026-06-29,Anarkali-And-Half-saree-JanviAika_Shopping_Ad_Campaign,active,,,,2000,Daily,0,0,0,Ongoing,"7-day click, 1-day view or 1-day engaged view",0,,,0,,,,,0
2026-06-29,2026-06-29,"Engagement campaign Janviaika Reels",active,,,,"Using ad set budget",0,0,0,0,Ongoing,"7-day click or 1-day view",0,,,0,,,,,0
2026-06-29,2026-06-29,"JanviAika_Shopping_Ad_Campaign – Lehenga_And_Long_Gowns",active,,,,1000,Daily,0,0,0,Ongoing,"7-day click, 1-day view or 1-day engaged view",0,,,0,,,,,0
2026-06-29,2026-06-29,"Hot Campaign for Website Visitors",active,1,actions:offsite_conversion.fb_pixel_purchase,525.91,500,Daily,525.91,2591,1923,Ongoing,"7-day click, 1-day view or 1-day engaged view",202.975685,35.060667,15,1,18,59,22,15,7.436297
2026-06-29,2026-06-29,JanviAika_Shopping_Ad_Campaign,active,5,actions:offsite_conversion.fb_pixel_purchase,235.984,"Using ad set budget",0,1179.92,10074,7692,Ongoing,"7-day click, 1-day view or 1-day engaged view",117.125273,14.749,80,3,102,354,151,80,5.291212
2026-06-29,2026-06-29,"Anarkali Set Whatsapp campaign",inactive,,,,500,Daily,0,0,0,Ongoing,"7-day click or 1-day view",0,,,0,,,,,0
2026-06-29,2026-06-29,"Trendy Green Bridal Couture Whatsapp campaign",archived,,,,500,Daily,0,0,0,2026-06-03,"7-day click or 1-day view",0,,,0,,,,,0
2026-06-29,2026-06-29,Dark-Pink-Lehenga-Whatsapp-campaign,archived,,,,500,Daily,0,0,0,2026-06-03,"7-day click or 1-day view",0,,,0,,,,,0
2026-06-29,2026-06-29,"Lehenga Set Whatsapp campaign",inactive,,,,500,Daily,0,0,0,Ongoing,"7-day click or 1-day view",0,,,0,,,,,0
2026-06-29,2026-06-29,"Red Anarkali Engagement campaign",inactive,9094,video_thruplay_watched_actions,0.03310205,300,Daily,301.03,50861,49964,Ongoing,"7-day click or 1-day view",5.91868,0.033102,9094,0,4200,49915,10139,2115,0.48635
2026-06-29,2026-06-29,"Post: ""Who said lehengas are only for brides? ✨ """,inactive,,,,300,Daily,0,0,0,2026-05-28,"7-day click or 1-day view",0,,,0,,,,,0
2026-06-29,2026-06-29,"Post: ""Made for summer days, yet wrapped in  elegance 🌿✨ """,completed,,,,300,Daily,0,0,0,2026-05-28,"7-day click or 1-day view",0,,,0,,,,,0
2026-06-29,2026-06-29,"Black Half Saree Dress Campaign",inactive,,,,"Using ad set budget",0,0,0,0,Ongoing,"7-day click or 1-day view",0,,,0,,,,,0
2026-06-29,2026-06-29,"Lehenga post from Insta",inactive,5269,video_thruplay_watched_actions,0.06154109,"Using ad set budget",0,324.26,23458,23166,Ongoing,"7-day click or 1-day view",13.823003,0.061541,5269,0,4264,23176,6971,1921,0.561167
2026-06-29,2026-06-29,"FB Janviaika Video Campaign_English",inactive,,,,300,Daily,0,0,0,Ongoing,"7-day click or 1-day view",0,,,0,,,,,0
2026-06-29,2026-06-29,"Chudidhaar Advantage+ Shopping Campaign",inactive,,,,500,Daily,0,0,0,Ongoing,"7-day click, 1-day view or 1-day engaged view",0,,,0,,,,,0
2026-06-29,2026-06-29,"Advantage+ Shopping Campaign March",inactive,,,,500,Daily,0,0,0,Ongoing,"7-day click or 1-day view",0,,,0,,,,,0
2026-06-29,2026-06-29,"Model Engagement Video Campaign",inactive,,,,800,Daily,0,0,0,Ongoing,"Multiple attribution settings",0,,,0,,,,,0
2026-06-29,2026-06-29,"Launch Sales campaign",inactive,,,,1000,Daily,0,0,0,Ongoing,"7-day click, 1-day view or 1-day engaged view",0,,,0,,,,,0
2026-06-28,2026-06-28,"Retargeting Sales campaign",active,,,,500,Daily,0,0,0,Ongoing,"7-day click, 1-day view or 1-day engaged view",0,,,0,,,,,0
2026-06-28,2026-06-28,Anarkali-And-Half-saree-JanviAika_Shopping_Ad_Campaign,active,,,,2000,Daily,0,0,0,Ongoing,"7-day click, 1-day view or 1-day engaged view",0,,,0,,,,,0
2026-06-28,2026-06-28,"Engagement campaign Janviaika Reels",active,,,,"Using ad set budget",0,0,0,0,Ongoing,"7-day click or 1-day view",0,,,0,,,,,0
2026-06-28,2026-06-28,"JanviAika_Shopping_Ad_Campaign – Lehenga_And_Long_Gowns",active,,,,1000,Daily,0,0,0,Ongoing,"7-day click, 1-day view or 1-day engaged view",0,,,0,,,,,0
2026-06-28,2026-06-28,"Hot Campaign for Website Visitors",active,,,,500,Daily,250.25,1524,1312,Ongoing,"7-day click, 1-day view or 1-day engaged view",164.206037,27.805556,9,0,10,31,17,9,7.469512
2026-06-28,2026-06-28,JanviAika_Shopping_Ad_Campaign,active,1,actions:offsite_conversion.fb_pixel_purchase,194.57,"Using ad set budget",0,194.57,1617,1450,Ongoing,"7-day click, 1-day view or 1-day engaged view",120.327767,10.240526,19,1,24,73,34,19,4.689655
2026-06-28,2026-06-28,"Anarkali Set Whatsapp campaign",inactive,,,,500,Daily,0,0,0,Ongoing,"7-day click or 1-day view",0,,,0,,,,,0
2026-06-28,2026-06-28,"Trendy Green Bridal Couture Whatsapp campaign",archived,,,,500,Daily,0,0,0,2026-06-03,"7-day click or 1-day view",0,,,0,,,,,0
2026-06-28,2026-06-28,Dark-Pink-Lehenga-Whatsapp-campaign,archived,,,,500,Daily,0,0,0,2026-06-03,"7-day click or 1-day view",0,,,0,,,,,0
2026-06-28,2026-06-28,"Lehenga Set Whatsapp campaign",inactive,,,,500,Daily,0,0,0,Ongoing,"7-day click or 1-day view",0,,,0,,,,,0
2026-06-28,2026-06-28,"Red Anarkali Engagement campaign",inactive,2350,video_thruplay_watched_actions,0.03467234,300,Daily,81.48,12775,12686,Ongoing,"7-day click or 1-day view",6.378082,0.034672,2350,0,1052,12547,2607,521,0.338956
2026-06-28,2026-06-28,"Post: ""Who said lehengas are only for brides? ✨ """,inactive,,,,300,Daily,0,0,0,2026-05-28,"7-day click or 1-day view",0,,,0,,,,,0
2026-06-28,2026-06-28,"Post: ""Made for summer days, yet wrapped in  elegance 🌿✨ """,completed,,,,300,Daily,0,0,0,2026-05-28,"7-day click or 1-day view",0,,,0,,,,,0
2026-06-28,2026-06-28,"Black Half Saree Dress Campaign",inactive,,,,"Using ad set budget",0,0,0,0,Ongoing,"7-day click or 1-day view",0,,,0,,,,,0
2026-06-28,2026-06-28,"Lehenga post from Insta",inactive,977,video_thruplay_watched_actions,0.07060389,"Using ad set budget",0,68.98,4919,4897,Ongoing,"7-day click or 1-day view",14.023175,0.070604,977,0,772,4855,1359,363,0.592199
2026-06-28,2026-06-28,"FB Janviaika Video Campaign_English",inactive,,,,300,Daily,0,0,0,Ongoing,"7-day click or 1-day view",0,,,0,,,,,0
2026-06-28,2026-06-28,"Chudidhaar Advantage+ Shopping Campaign",inactive,,,,500,Daily,0,0,0,Ongoing,"7-day click, 1-day view or 1-day engaged view",0,,,0,,,,,0
2026-06-28,2026-06-28,"Advantage+ Shopping Campaign March",inactive,,,,500,Daily,0,0,0,Ongoing,"7-day click or 1-day view",0,,,0,,,,,0
2026-06-28,2026-06-28,"Model Engagement Video Campaign",inactive,,,,800,Daily,0,0,0,Ongoing,"Multiple attribution settings",0,,,0,,,,,0
2026-06-28,2026-06-28,"Launch Sales campaign",inactive,,,,1000,Daily,0,0,0,Ongoing,"7-day click, 1-day view or 1-day engaged view",0,,,0,,,,,0
2026-06-27,2026-06-27,"Retargeting Sales campaign",active,,,,500,Daily,0,0,0,Ongoing,"7-day click, 1-day view or 1-day engaged view",0,,,0,,,,,0
2026-06-27,2026-06-27,Anarkali-And-Half-saree-JanviAika_Shopping_Ad_Campaign,active,,,,2000,Daily,0,0,0,Ongoing,"7-day click, 1-day view or 1-day engaged view",0,,,0,,,,,0
2026-06-27,2026-06-27,"Engagement campaign Janviaika Reels",active,,,,"Using ad set budget",0,0,0,0,Ongoing,"7-day click or 1-day view",0,,,0,,,,,0
2026-06-27,2026-06-27,"JanviAika_Shopping_Ad_Campaign – Lehenga_And_Long_Gowns",active,,,,1000,Daily,0,0,0,Ongoing,"7-day click, 1-day view or 1-day engaged view",0,,,0,,,,,0
2026-06-27,2026-06-27,"Hot Campaign for Website Visitors",active,6,actions:offsite_conversion.fb_pixel_purchase,137.00166667,500,Daily,822.01,3801,2929,Ongoing,"7-day click, 1-day view or 1-day engaged view",216.26151,34.250417,24,2,33,111,42,24,7.954933
2026-06-27,2026-06-27,JanviAika_Shopping_Ad_Campaign,active,5,actions:offsite_conversion.fb_pixel_purchase,315.994,"Using ad set budget",0,1579.97,13450,9646,Ongoing,"7-day click, 1-day view or 1-day engaged view",117.469888,19.505802,81,6,105,346,153,80,5.359735
2026-06-27,2026-06-27,"Anarkali Set Whatsapp campaign",inactive,,,,500,Daily,0,0,0,Ongoing,"7-day click or 1-day view",0,,,0,,,,,0
2026-06-27,2026-06-27,"Trendy Green Bridal Couture Whatsapp campaign",archived,,,,500,Daily,0,0,0,2026-06-03,"7-day click or 1-day view",0,,,0,,,,,0
2026-06-27,2026-06-27,Dark-Pink-Lehenga-Whatsapp-campaign,archived,,,,500,Daily,0,0,0,2026-06-03,"7-day click or 1-day view",0,,,0,,,,,0
2026-06-27,2026-06-27,"Lehenga Set Whatsapp campaign",inactive,,,,500,Daily,0,0,0,Ongoing,"7-day click or 1-day view",0,,,0,,,,,0
2026-06-27,2026-06-27,"Red Anarkali Engagement campaign",inactive,14892,video_thruplay_watched_actions,0.03440438,300,Daily,512.35,82982,80715,Ongoing,"7-day click or 1-day view",6.174231,0.034404,14892,0,6676,81381,16448,3305,0.520349
2026-06-27,2026-06-27,"Post: ""Who said lehengas are only for brides? ✨ """,inactive,,,,300,Daily,0,0,0,2026-05-28,"7-day click or 1-day view",0,,,0,,,,,0
2026-06-27,2026-06-27,"Post: ""Made for summer days, yet wrapped in  elegance 🌿✨ """,completed,,,,300,Daily,0,0,0,2026-05-28,"7-day click or 1-day view",0,,,0,,,,,0
2026-06-27,2026-06-27,"Black Half Saree Dress Campaign",inactive,,,,"Using ad set budget",0,0,0,0,Ongoing,"7-day click or 1-day view",0,,,0,,,,,0
2026-06-27,2026-06-27,"Lehenga post from Insta",inactive,7673,video_thruplay_watched_actions,0.06645119,"Using ad set budget",0,509.88,36065,34315,Ongoing,"7-day click or 1-day view",14.137807,0.066451,7673,2,6222,35741,10167,2917,0.501239
2026-06-27,2026-06-27,"FB Janviaika Video Campaign_English",inactive,,,,300,Daily,0,0,0,Ongoing,"7-day click or 1-day view",0,,,0,,,,,0
2026-06-27,2026-06-27,"Chudidhaar Advantage+ Shopping Campaign",inactive,,,,500,Daily,0,0,0,Ongoing,"7-day click, 1-day view or 1-day engaged view",0,,,0,,,,,0
2026-06-27,2026-06-27,"Advantage+ Shopping Campaign March",inactive,,,,500,Daily,0,0,0,Ongoing,"7-day click or 1-day view",0,,,0,,,,,0
2026-06-27,2026-06-27,"Model Engagement Video Campaign",inactive,,,,800,Daily,0,0,0,Ongoing,"Multiple attribution settings",0,,,0,,,,,0
2026-06-27,2026-06-27,"Launch Sales campaign",inactive,,,,1000,Daily,0,0,0,Ongoing,"7-day click, 1-day view or 1-day engaged view",0,,,0,,,,,0
2026-06-26,2026-06-26,"Retargeting Sales campaign",active,,,,500,Daily,0,0,0,Ongoing,"7-day click, 1-day view or 1-day engaged view",0,,,0,,,,,0
2026-06-26,2026-06-26,Anarkali-And-Half-saree-JanviAika_Shopping_Ad_Campaign,active,,,,2000,Daily,0,0,0,Ongoing,"7-day click, 1-day view or 1-day engaged view",0,,,0,,,,,0
2026-06-26,2026-06-26,"Engagement campaign Janviaika Reels",active,,,,"Using ad set budget",0,0,0,0,Ongoing,"7-day click or 1-day view",0,,,0,,,,,0
2026-06-26,2026-06-26,"JanviAika_Shopping_Ad_Campaign – Lehenga_And_Long_Gowns",active,,,,1000,Daily,0,0,0,Ongoing,"7-day click, 1-day view or 1-day engaged view",0,,,0,,,,,0
2026-06-26,2026-06-26,"Hot Campaign for Website Visitors",active,,,,500,Daily,54.43,239,217,Ongoing,"7-day click, 1-day view or 1-day engaged view",227.740586,,,0,1,5,2,,4.608295
2026-06-26,2026-06-26,JanviAika_Shopping_Ad_Campaign,active,,,,"Using ad set budget",0,32.72,279,261,Ongoing,"7-day click, 1-day view or 1-day engaged view",117.275986,32.72,1,0,1,2,1,1,2.298851
2026-06-26,2026-06-26,"Anarkali Set Whatsapp campaign",inactive,,,,500,Daily,0,0,0,Ongoing,"7-day click or 1-day view",0,,,0,,,,,0
2026-06-26,2026-06-26,"Trendy Green Bridal Couture Whatsapp campaign",archived,,,,500,Daily,0,0,0,2026-06-03,"7-day click or 1-day view",0,,,0,,,,,0
2026-06-26,2026-06-26,Dark-Pink-Lehenga-Whatsapp-campaign,archived,,,,500,Daily,0,0,0,2026-06-03,"7-day click or 1-day view",0,,,0,,,,,0
2026-06-26,2026-06-26,"Lehenga Set Whatsapp campaign",inactive,,,,500,Daily,0,0,0,Ongoing,"7-day click or 1-day view",0,,,0,,,,,0
2026-06-26,2026-06-26,"Red Anarkali Engagement campaign",inactive,500,video_thruplay_watched_actions,0.0335,300,Daily,16.75,2536,2457,Ongoing,"7-day click or 1-day view",6.60489,0.0335,500,0,208,2499,554,106,0.569801
2026-06-26,2026-06-26,"Post: ""Who said lehengas are only for brides? ✨ """,inactive,,,,300,Daily,0,0,0,2026-05-28,"7-day click or 1-day view",0,,,0,,,,,0
2026-06-26,2026-06-26,"Post: ""Made for summer days, yet wrapped in  elegance 🌿✨ """,completed,,,,300,Daily,0,0,0,2026-05-28,"7-day click or 1-day view",0,,,0,,,,,0
2026-06-26,2026-06-26,"Black Half Saree Dress Campaign",inactive,,,,"Using ad set budget",0,0,0,0,Ongoing,"7-day click or 1-day view",0,,,0,,,,,0
2026-06-26,2026-06-26,"Lehenga post from Insta",inactive,229,video_thruplay_watched_actions,0.07524017,"Using ad set budget",0,17.23,1345,1284,Ongoing,"7-day click or 1-day view",12.810409,0.07524,229,0,197,1332,304,93,0.46729
2026-06-26,2026-06-26,"FB Janviaika Video Campaign_English",inactive,,,,300,Daily,0,0,0,Ongoing,"7-day click or 1-day view",0,,,0,,,,,0
2026-06-26,2026-06-26,"Chudidhaar Advantage+ Shopping Campaign",inactive,,,,500,Daily,0,0,0,Ongoing,"7-day click, 1-day view or 1-day engaged view",0,,,0,,,,,0
2026-06-26,2026-06-26,"Advantage+ Shopping Campaign March",inactive,,,,500,Daily,0,0,0,Ongoing,"7-day click or 1-day view",0,,,0,,,,,0
2026-06-26,2026-06-26,"Model Engagement Video Campaign",inactive,,,,800,Daily,0,0,0,Ongoing,"Multiple attribution settings",0,,,0,,,,,0
2026-06-26,2026-06-26,"Launch Sales campaign",inactive,,,,1000,Daily,0,0,0,Ongoing,"7-day click, 1-day view or 1-day engaged view",0,,,0,,,,,0
2026-06-25,2026-06-25,"Retargeting Sales campaign",active,,,,500,Daily,0,0,0,Ongoing,"7-day click, 1-day view or 1-day engaged view",0,,,0,,,,,0
2026-06-25,2026-06-25,Anarkali-And-Half-saree-JanviAika_Shopping_Ad_Campaign,active,,,,2000,Daily,0,0,0,Ongoing,"7-day click, 1-day view or 1-day engaged view",0,,,0,,,,,0
2026-06-25,2026-06-25,"Engagement campaign Janviaika Reels",active,,,,"Using ad set budget",0,0,0,0,Ongoing,"7-day click or 1-day view",0,,,0,,,,,0
2026-06-25,2026-06-25,"JanviAika_Shopping_Ad_Campaign – Lehenga_And_Long_Gowns",active,,,,1000,Daily,0,0,0,Ongoing,"7-day click, 1-day view or 1-day engaged view",0,,,0,,,,,0
2026-06-25,2026-06-25,"Hot Campaign for Website Visitors",active,1,actions:offsite_conversion.fb_pixel_purchase,787.53,500,Daily,787.53,3128,2275,Ongoing,"7-day click, 1-day view or 1-day engaged view",251.767903,20.724474,38,0,47,168,77,38,6.065934
2026-06-25,2026-06-25,JanviAika_Shopping_Ad_Campaign,active,6,actions:offsite_conversion.fb_pixel_purchase,219.895,"Using ad set budget",0,1319.37,8321,6196,Ongoing,"7-day click, 1-day view or 1-day engaged view",158.559067,20.298,65,4,81,260,111,65,5.213041
2026-06-25,2026-06-25,"Anarkali Set Whatsapp campaign",inactive,,,,500,Daily,0,0,0,Ongoing,"7-day click or 1-day view",0,,,0,,,,,0
2026-06-25,2026-06-25,"Trendy Green Bridal Couture Whatsapp campaign",archived,,,,500,Daily,0,0,0,2026-06-03,"7-day click or 1-day view",0,,,0,,,,,0
2026-06-25,2026-06-25,Dark-Pink-Lehenga-Whatsapp-campaign,archived,,,,500,Daily,0,0,0,2026-06-03,"7-day click or 1-day view",0,,,0,,,,,0
2026-06-25,2026-06-25,"Lehenga Set Whatsapp campaign",inactive,,,,500,Daily,0,0,0,Ongoing,"7-day click or 1-day view",0,,,0,,,,,0
2026-06-25,2026-06-25,"Red Anarkali Engagement campaign",inactive,11708,video_thruplay_watched_actions,0.03313034,300,Daily,387.89,65293,64861,Ongoing,"7-day click or 1-day view",5.940759,0.03313,11708,1,5299,64245,12973,2589,0.402399
2026-06-25,2026-06-25,"Post: ""Who said lehengas are only for brides? ✨ """,inactive,,,,300,Daily,0,0,0,2026-05-28,"7-day click or 1-day view",0,,,0,,,,,0
2026-06-25,2026-06-25,"Post: ""Made for summer days, yet wrapped in  elegance 🌿✨ """,completed,,,,300,Daily,0,0,0,2026-05-28,"7-day click or 1-day view",0,,,0,,,,,0
2026-06-25,2026-06-25,"Black Half Saree Dress Campaign",inactive,,,,"Using ad set budget",0,0,0,0,Ongoing,"7-day click or 1-day view",0,,,0,,,,,0
2026-06-25,2026-06-25,"Lehenga post from Insta",inactive,5480,video_thruplay_watched_actions,0.06739964,"Using ad set budget",0,369.35,30179,29740,Ongoing,"7-day click or 1-day view",12.238643,0.0674,5480,0,4396,29762,7342,2048,0.534633
2026-06-25,2026-06-25,"FB Janviaika Video Campaign_English",inactive,,,,300,Daily,0,0,0,Ongoing,"7-day click or 1-day view",0,,,0,,,,,0
2026-06-25,2026-06-25,"Chudidhaar Advantage+ Shopping Campaign",inactive,,,,500,Daily,0,0,0,Ongoing,"7-day click, 1-day view or 1-day engaged view",0,,,0,,,,,0
2026-06-25,2026-06-25,"Advantage+ Shopping Campaign March",inactive,,,,500,Daily,0,0,0,Ongoing,"7-day click or 1-day view",0,,,0,,,,,0
2026-06-25,2026-06-25,"Model Engagement Video Campaign",inactive,,,,800,Daily,0,0,0,Ongoing,"Multiple attribution settings",0,,,0,,,,,0
2026-06-25,2026-06-25,"Launch Sales campaign",inactive,,,,1000,Daily,0,0,0,Ongoing,"7-day click, 1-day view or 1-day engaged view",0,,,0,,,,,0
2026-06-24,2026-06-24,"Retargeting Sales campaign",active,,,,500,Daily,0,0,0,Ongoing,"7-day click, 1-day view or 1-day engaged view",0,,,0,,,,,0
2026-06-24,2026-06-24,Anarkali-And-Half-saree-JanviAika_Shopping_Ad_Campaign,active,,,,2000,Daily,0,0,0,Ongoing,"7-day click, 1-day view or 1-day engaged view",0,,,0,,,,,0
2026-06-24,2026-06-24,"Engagement campaign Janviaika Reels",active,,,,"Using ad set budget",0,0,0,0,Ongoing,"7-day click or 1-day view",0,,,0,,,,,0
2026-06-24,2026-06-24,"JanviAika_Shopping_Ad_Campaign – Lehenga_And_Long_Gowns",active,,,,1000,Daily,0,0,0,Ongoing,"7-day click, 1-day view or 1-day engaged view",0,,,0,,,,,0
2026-06-24,2026-06-24,"Hot Campaign for Website Visitors",active,,,,500,Daily,277.51,688,584,Ongoing,"7-day click, 1-day view or 1-day engaged view",403.357558,6.032826,46,0,64,204,100,44,5.308219
2026-06-24,2026-06-24,JanviAika_Shopping_Ad_Campaign,active,5,actions:offsite_conversion.fb_pixel_purchase,113.804,"Using ad set budget",0,569.02,3834,3296,Ongoing,"7-day click, 1-day view or 1-day engaged view",148.414189,9.328197,61,5,74,332,117,61,4.065534
2026-06-24,2026-06-24,"Anarkali Set Whatsapp campaign",inactive,,,,500,Daily,0,0,0,Ongoing,"7-day click or 1-day view",0,,,0,,,,,0
2026-06-24,2026-06-24,"Trendy Green Bridal Couture Whatsapp campaign",archived,,,,500,Daily,0,0,0,2026-06-03,"7-day click or 1-day view",0,,,0,,,,,0
2026-06-24,2026-06-24,Dark-Pink-Lehenga-Whatsapp-campaign,archived,,,,500,Daily,0,0,0,2026-06-03,"7-day click or 1-day view",0,,,0,,,,,0
2026-06-24,2026-06-24,"Lehenga Set Whatsapp campaign",inactive,,,,500,Daily,0,0,0,Ongoing,"7-day click or 1-day view",0,,,0,,,,,0
2026-06-24,2026-06-24,"Red Anarkali Engagement campaign",inactive,2220,video_thruplay_watched_actions,0.03293694,300,Daily,73.12,13377,13014,Ongoing,"7-day click or 1-day view",5.466099,0.032937,2220,0,1055,12928,2443,574,0.484094
2026-06-24,2026-06-24,"Post: ""Who said lehengas are only for brides? ✨ """,inactive,,,,300,Daily,0,0,0,2026-05-28,"7-day click or 1-day view",0,,,0,,,,,0
2026-06-24,2026-06-24,"Post: ""Made for summer days, yet wrapped in  elegance 🌿✨ """,completed,,,,300,Daily,0,0,0,2026-05-28,"7-day click or 1-day view",0,,,0,,,,,0
2026-06-24,2026-06-24,"Black Half Saree Dress Campaign",inactive,,,,"Using ad set budget",0,0,0,0,Ongoing,"7-day click or 1-day view",0,,,0,,,,,0
2026-06-24,2026-06-24,"Lehenga post from Insta",inactive,1363,video_thruplay_watched_actions,0.07180484,"Using ad set budget",0,97.87,7440,7270,Ongoing,"7-day click or 1-day view",13.15457,0.071805,1363,0,1085,7296,1774,509,0.522696
2026-06-24,2026-06-24,"FB Janviaika Video Campaign_English",inactive,,,,300,Daily,0,0,0,Ongoing,"7-day click or 1-day view",0,,,0,,,,,0
2026-06-24,2026-06-24,"Chudidhaar Advantage+ Shopping Campaign",inactive,,,,500,Daily,0,0,0,Ongoing,"7-day click, 1-day view or 1-day engaged view",0,,,0,,,,,0
2026-06-24,2026-06-24,"Advantage+ Shopping Campaign March",inactive,,,,500,Daily,0,0,0,Ongoing,"7-day click or 1-day view",0,,,0,,,,,0
2026-06-24,2026-06-24,"Model Engagement Video Campaign",inactive,,,,800,Daily,0,0,0,Ongoing,"Multiple attribution settings",0,,,0,,,,,0
2026-06-24,2026-06-24,"Launch Sales campaign",inactive,,,,1000,Daily,0,0,0,Ongoing,"7-day click, 1-day view or 1-day engaged view",0,,,0,,,,,0
2026-06-23,2026-06-23,"Retargeting Sales campaign",active,,,,500,Daily,0,0,0,Ongoing,"7-day click, 1-day view or 1-day engaged view",0,,,0,,,,,0
2026-06-23,2026-06-23,Anarkali-And-Half-saree-JanviAika_Shopping_Ad_Campaign,active,,,,2000,Daily,0,0,0,Ongoing,"7-day click, 1-day view or 1-day engaged view",0,,,0,,,,,0
2026-06-23,2026-06-23,"Engagement campaign Janviaika Reels",active,,,,"Using ad set budget",0,0,0,0,Ongoing,"7-day click or 1-day view",0,,,0,,,,,0
2026-06-23,2026-06-23,"JanviAika_Shopping_Ad_Campaign – Lehenga_And_Long_Gowns",active,,,,1000,Daily,0,0,0,Ongoing,"7-day click, 1-day view or 1-day engaged view",0,,,0,,,,,0
2026-06-23,2026-06-23,"Hot Campaign for Website Visitors",active,,,,500,Daily,164.94,843,723,Ongoing,"7-day click, 1-day view or 1-day engaged view",195.658363,1.917907,86,1,107,422,162,87,3.181189
2026-06-23,2026-06-23,JanviAika_Shopping_Ad_Campaign,active,2,actions:offsite_conversion.fb_pixel_purchase,490.23,"Using ad set budget",0,980.46,5769,4598,Ongoing,"7-day click, 1-day view or 1-day engaged view",169.953198,2.700992,363,0,457,1984,675,361,4.327969
2026-06-23,2026-06-23,"Anarkali Set Whatsapp campaign",inactive,,,,500,Daily,0,0,0,Ongoing,"7-day click or 1-day view",0,,,0,,,,,0
2026-06-23,2026-06-23,"Trendy Green Bridal Couture Whatsapp campaign",archived,,,,500,Daily,0,0,0,2026-06-03,"7-day click or 1-day view",0,,,0,,,,,0
2026-06-23,2026-06-23,Dark-Pink-Lehenga-Whatsapp-campaign,archived,,,,500,Daily,0,0,0,2026-06-03,"7-day click or 1-day view",0,,,0,,,,,0
2026-06-23,2026-06-23,"Lehenga Set Whatsapp campaign",inactive,,,,500,Daily,0,0,0,Ongoing,"7-day click or 1-day view",0,,,0,,,,,0
2026-06-23,2026-06-23,"Red Anarkali Engagement campaign",inactive,9101,video_thruplay_watched_actions,0.03029777,300,Daily,275.74,51757,51137,Ongoing,"7-day click or 1-day view",5.327589,0.030298,9101,0,3939,50890,10066,1894,0.391106
2026-06-23,2026-06-23,"Post: ""Who said lehengas are only for brides? ✨ """,inactive,,,,300,Daily,0,0,0,2026-05-28,"7-day click or 1-day view",0,,,0,,,,,0
2026-06-23,2026-06-23,"Post: ""Made for summer days, yet wrapped in  elegance 🌿✨ """,completed,,,,300,Daily,0,0,0,2026-05-28,"7-day click or 1-day view",0,,,0,,,,,0
2026-06-23,2026-06-23,"Black Half Saree Dress Campaign",inactive,,,,"Using ad set budget",0,0,0,0,Ongoing,"7-day click or 1-day view",0,,,0,,,,,0
2026-06-23,2026-06-23,"Lehenga post from Insta",inactive,4243,video_thruplay_watched_actions,0.06561867,"Using ad set budget",0,278.42,23262,21965,Ongoing,"7-day click or 1-day view",11.968876,0.065619,4243,0,3444,22948,5690,1623,0.514455
2026-06-23,2026-06-23,"FB Janviaika Video Campaign_English",inactive,,,,300,Daily,0,0,0,Ongoing,"7-day click or 1-day view",0,,,0,,,,,0
2026-06-23,2026-06-23,"Chudidhaar Advantage+ Shopping Campaign",inactive,,,,500,Daily,0,0,0,Ongoing,"7-day click, 1-day view or 1-day engaged view",0,,,0,,,,,0
2026-06-23,2026-06-23,"Advantage+ Shopping Campaign March",inactive,,,,500,Daily,0,0,0,Ongoing,"7-day click or 1-day view",0,,,0,,,,,0
2026-06-23,2026-06-23,"Model Engagement Video Campaign",inactive,,,,800,Daily,0,0,0,Ongoing,"Multiple attribution settings",0,,,0,,,,,0
2026-06-23,2026-06-23,"Launch Sales campaign",inactive,,,,1000,Daily,0,0,0,Ongoing,"7-day click, 1-day view or 1-day engaged view",0,,,0,,,,,0
2026-06-22,2026-06-22,"Retargeting Sales campaign",active,,,,500,Daily,0,0,0,Ongoing,"7-day click, 1-day view or 1-day engaged view",0,,,0,,,,,0
2026-06-22,2026-06-22,Anarkali-And-Half-saree-JanviAika_Shopping_Ad_Campaign,active,,,,2000,Daily,0,0,0,Ongoing,"7-day click, 1-day view or 1-day engaged view",0,,,0,,,,,0
2026-06-22,2026-06-22,"Engagement campaign Janviaika Reels",active,,,,"Using ad set budget",0,0,0,0,Ongoing,"7-day click or 1-day view",0,,,0,,,,,0
2026-06-22,2026-06-22,"JanviAika_Shopping_Ad_Campaign – Lehenga_And_Long_Gowns",active,,,,1000,Daily,0,0,0,Ongoing,"7-day click, 1-day view or 1-day engaged view",0,,,0,,,,,0
2026-06-22,2026-06-22,"Hot Campaign for Website Visitors",active,,,,500,Daily,0,0,0,Ongoing,"7-day click, 1-day view or 1-day engaged view",0,,,0,,,,,0
2026-06-22,2026-06-22,JanviAika_Shopping_Ad_Campaign,active,2,actions:offsite_conversion.fb_pixel_purchase,438.555,"Using ad set budget",0,877.11,3770,2774,Ongoing,"7-day click, 1-day view or 1-day engaged view",232.655172,19.491333,45,1,67,170,93,43,5.046864
2026-06-22,2026-06-22,"Anarkali Set Whatsapp campaign",inactive,,,,500,Daily,0,0,0,Ongoing,"7-day click or 1-day view",0,,,0,,,,,0
2026-06-22,2026-06-22,"Trendy Green Bridal Couture Whatsapp campaign",archived,,,,500,Daily,0,0,0,2026-06-03,"7-day click or 1-day view",0,,,0,,,,,0
2026-06-22,2026-06-22,Dark-Pink-Lehenga-Whatsapp-campaign,archived,,,,500,Daily,0,0,0,2026-06-03,"7-day click or 1-day view",0,,,0,,,,,0
2026-06-22,2026-06-22,"Lehenga Set Whatsapp campaign",inactive,,,,500,Daily,0,0,0,Ongoing,"7-day click or 1-day view",0,,,0,,,,,0
2026-06-22,2026-06-22,"Red Anarkali Engagement campaign",inactive,11832,video_thruplay_watched_actions,0.02781778,300,Daily,329.14,64481,63150,Ongoing,"7-day click or 1-day view",5.104449,0.027818,11832,0,5411,62535,12943,2982,0.435471
2026-06-22,2026-06-22,"Post: ""Who said lehengas are only for brides? ✨ """,inactive,,,,300,Daily,0,0,0,2026-05-28,"7-day click or 1-day view",0,,,0,,,,,0
2026-06-22,2026-06-22,"Post: ""Made for summer days, yet wrapped in  elegance 🌿✨ """,completed,,,,300,Daily,0,0,0,2026-05-28,"7-day click or 1-day view",0,,,0,,,,,0
2026-06-22,2026-06-22,"Black Half Saree Dress Campaign",inactive,,,,"Using ad set budget",0,0,0,0,Ongoing,"7-day click or 1-day view",0,,,0,,,,,0
2026-06-22,2026-06-22,"Lehenga post from Insta",inactive,5062,video_thruplay_watched_actions,0.06335045,"Using ad set budget",0,320.68,26164,25685,Ongoing,"7-day click or 1-day view",12.256536,0.06335,5062,1,4115,25811,6671,1930,0.401012
2026-06-22,2026-06-22,"FB Janviaika Video Campaign_English",inactive,,,,300,Daily,0,0,0,Ongoing,"7-day click or 1-day view",0,,,0,,,,,0
2026-06-22,2026-06-22,"Chudidhaar Advantage+ Shopping Campaign",inactive,,,,500,Daily,0,0,0,Ongoing,"7-day click, 1-day view or 1-day engaged view",0,,,0,,,,,0
2026-06-22,2026-06-22,"Advantage+ Shopping Campaign March",inactive,,,,500,Daily,0,0,0,Ongoing,"7-day click or 1-day view",0,,,0,,,,,0
2026-06-22,2026-06-22,"Model Engagement Video Campaign",inactive,,,,800,Daily,0,0,0,Ongoing,"Multiple attribution settings",0,,,0,,,,,0
2026-06-22,2026-06-22,"Launch Sales campaign",inactive,,,,1000,Daily,0,0,0,Ongoing,"7-day click, 1-day view or 1-day engaged view",0,,,0,,,,,0
2026-06-21,2026-06-21,"Retargeting Sales campaign",active,,,,500,Daily,0,0,0,Ongoing,"7-day click, 1-day view or 1-day engaged view",0,,,0,,,,,0
2026-06-21,2026-06-21,Anarkali-And-Half-saree-JanviAika_Shopping_Ad_Campaign,active,,,,2000,Daily,0,0,0,Ongoing,"7-day click, 1-day view or 1-day engaged view",0,,,0,,,,,0
2026-06-21,2026-06-21,"Engagement campaign Janviaika Reels",active,,,,"Using ad set budget",0,0,0,0,Ongoing,"7-day click or 1-day view",0,,,0,,,,,0
2026-06-21,2026-06-21,"JanviAika_Shopping_Ad_Campaign – Lehenga_And_Long_Gowns",active,,,,1000,Daily,0,0,0,Ongoing,"7-day click, 1-day view or 1-day engaged view",0,,,0,,,,,0
2026-06-21,2026-06-21,"Hot Campaign for Website Visitors",active,,,,500,Daily,0,0,0,Ongoing,"7-day click, 1-day view or 1-day engaged view",0,,,0,,,,,0
2026-06-21,2026-06-21,JanviAika_Shopping_Ad_Campaign,active,1,actions:offsite_conversion.fb_pixel_purchase,774.66,"Using ad set budget",0,774.66,2825,2120,Ongoing,"7-day click, 1-day view or 1-day engaged view",274.215929,,,0,,,,,4.009434
2026-06-21,2026-06-21,"Anarkali Set Whatsapp campaign",inactive,,,,500,Daily,0,0,0,Ongoing,"7-day click or 1-day view",0,,,0,,,,,0
2026-06-21,2026-06-21,"Trendy Green Bridal Couture Whatsapp campaign",archived,,,,500,Daily,0,0,0,2026-06-03,"7-day click or 1-day view",0,,,0,,,,,0
2026-06-21,2026-06-21,Dark-Pink-Lehenga-Whatsapp-campaign,archived,,,,500,Daily,0,0,0,2026-06-03,"7-day click or 1-day view",0,,,0,,,,,0
2026-06-21,2026-06-21,"Lehenga Set Whatsapp campaign",inactive,,,,500,Daily,0,0,0,Ongoing,"7-day click or 1-day view",0,,,0,,,,,0
2026-06-21,2026-06-21,"Red Anarkali Engagement campaign",inactive,8208,video_thruplay_watched_actions,0.02926657,300,Daily,240.22,52280,52280,Ongoing,"7-day click or 1-day view",4.594874,0.029267,8208,0,3869,49764,9044,2202,0.44759
2026-06-21,2026-06-21,"Post: ""Who said lehengas are only for brides? ✨ """,inactive,,,,300,Daily,0,0,0,2026-05-28,"7-day click or 1-day view",0,,,0,,,,,0
2026-06-21,2026-06-21,"Post: ""Made for summer days, yet wrapped in  elegance 🌿✨ """,completed,,,,300,Daily,0,0,0,2026-05-28,"7-day click or 1-day view",0,,,0,,,,,0
2026-06-21,2026-06-21,"Black Half Saree Dress Campaign",inactive,,,,"Using ad set budget",0,0,0,0,Ongoing,"7-day click or 1-day view",0,,,0,,,,,0
2026-06-21,2026-06-21,"Lehenga post from Insta",inactive,3855,video_thruplay_watched_actions,0.07165499,"Using ad set budget",0,276.23,21150,21150,Ongoing,"7-day click or 1-day view",13.06052,0.071655,3855,0,3156,20772,5087,1500,0.458629
2026-06-21,2026-06-21,"FB Janviaika Video Campaign_English",inactive,,,,300,Daily,0,0,0,Ongoing,"7-day click or 1-day view",0,,,0,,,,,0
2026-06-21,2026-06-21,"Chudidhaar Advantage+ Shopping Campaign",inactive,,,,500,Daily,0,0,0,Ongoing,"7-day click, 1-day view or 1-day engaged view",0,,,0,,,,,0
2026-06-21,2026-06-21,"Advantage+ Shopping Campaign March",inactive,,,,500,Daily,0,0,0,Ongoing,"7-day click or 1-day view",0,,,0,,,,,0
2026-06-21,2026-06-21,"Model Engagement Video Campaign",inactive,,,,800,Daily,0,0,0,Ongoing,"Multiple attribution settings",0,,,0,,,,,0
2026-06-21,2026-06-21,"Launch Sales campaign",inactive,,,,1000,Daily,0,0,0,Ongoing,"7-day click, 1-day view or 1-day engaged view",0,,,0,,,,,0
2026-06-20,2026-06-20,"Retargeting Sales campaign",active,,,,500,Daily,0,0,0,Ongoing,"7-day click, 1-day view or 1-day engaged view",0,,,0,,,,,0
2026-06-20,2026-06-20,Anarkali-And-Half-saree-JanviAika_Shopping_Ad_Campaign,active,,,,2000,Daily,0,0,0,Ongoing,"7-day click, 1-day view or 1-day engaged view",0,,,0,,,,,0
2026-06-20,2026-06-20,"Engagement campaign Janviaika Reels",active,,,,"Using ad set budget",0,0,0,0,Ongoing,"7-day click or 1-day view",0,,,0,,,,,0
2026-06-20,2026-06-20,"JanviAika_Shopping_Ad_Campaign – Lehenga_And_Long_Gowns",active,,,,1000,Daily,0,0,0,Ongoing,"7-day click, 1-day view or 1-day engaged view",0,,,0,,,,,0
2026-06-20,2026-06-20,"Hot Campaign for Website Visitors",active,,,,500,Daily,0,0,0,Ongoing,"7-day click, 1-day view or 1-day engaged view",0,,,0,,,,,0
2026-06-20,2026-06-20,JanviAika_Shopping_Ad_Campaign,active,,,,"Using ad set budget",0,460.64,2475,1994,Ongoing,"7-day click, 1-day view or 1-day engaged view",186.117172,,,0,,,,,3.460381
2026-06-20,2026-06-20,"Anarkali Set Whatsapp campaign",inactive,,,,500,Daily,0,0,0,Ongoing,"7-day click or 1-day view",0,,,0,,,,,0
2026-06-20,2026-06-20,"Trendy Green Bridal Couture Whatsapp campaign",archived,,,,500,Daily,0,0,0,2026-06-03,"7-day click or 1-day view",0,,,0,,,,,0
2026-06-20,2026-06-20,Dark-Pink-Lehenga-Whatsapp-campaign,archived,,,,500,Daily,0,0,0,2026-06-03,"7-day click or 1-day view",0,,,0,,,,,0
2026-06-20,2026-06-20,"Lehenga Set Whatsapp campaign",inactive,,,,500,Daily,0,0,0,Ongoing,"7-day click or 1-day view",0,,,0,,,,,0
2026-06-20,2026-06-20,"Red Anarkali Engagement campaign",inactive,10219,video_thruplay_watched_actions,0.03072903,300,Daily,314.02,55985,55985,Ongoing,"7-day click or 1-day view",5.609002,0.030729,10219,0,4296,54818,11340,2158,0.466196
2026-06-20,2026-06-20,"Post: ""Who said lehengas are only for brides? ✨ """,inactive,,,,300,Daily,0,0,0,2026-05-28,"7-day click or 1-day view",0,,,0,,,,,0
2026-06-20,2026-06-20,"Post: ""Made for summer days, yet wrapped in  elegance 🌿✨ """,completed,,,,300,Daily,0,0,0,2026-05-28,"7-day click or 1-day view",0,,,0,,,,,0
2026-06-20,2026-06-20,"Black Half Saree Dress Campaign",inactive,,,,"Using ad set budget",0,0,0,0,Ongoing,"7-day click or 1-day view",0,,,0,,,,,0
2026-06-20,2026-06-20,"Lehenga post from Insta",inactive,4437,video_thruplay_watched_actions,0.07156863,"Using ad set budget",0,317.55,24149,23016,Ongoing,"7-day click or 1-day view",13.149613,0.071569,4437,0,3579,23680,5786,1743,0.460549
2026-06-20,2026-06-20,"FB Janviaika Video Campaign_English",inactive,,,,300,Daily,0,0,0,Ongoing,"7-day click or 1-day view",0,,,0,,,,,0
2026-06-20,2026-06-20,"Chudidhaar Advantage+ Shopping Campaign",inactive,,,,500,Daily,0,0,0,Ongoing,"7-day click, 1-day view or 1-day engaged view",0,,,0,,,,,0
2026-06-20,2026-06-20,"Advantage+ Shopping Campaign March",inactive,,,,500,Daily,0,0,0,Ongoing,"7-day click or 1-day view",0,,,0,,,,,0
2026-06-20,2026-06-20,"Model Engagement Video Campaign",inactive,,,,800,Daily,0,0,0,Ongoing,"Multiple attribution settings",0,,,0,,,,,0
2026-06-20,2026-06-20,"Launch Sales campaign",inactive,,,,1000,Daily,0,0,0,Ongoing,"7-day click, 1-day view or 1-day engaged view",0,,,0,,,,,0
2026-06-19,2026-06-19,"Retargeting Sales campaign",active,,,,500,Daily,0,0,0,Ongoing,"7-day click, 1-day view or 1-day engaged view",0,,,0,,,,,0
2026-06-19,2026-06-19,Anarkali-And-Half-saree-JanviAika_Shopping_Ad_Campaign,active,,,,2000,Daily,0,0,0,Ongoing,"7-day click, 1-day view or 1-day engaged view",0,,,0,,,,,0
2026-06-19,2026-06-19,"Engagement campaign Janviaika Reels",active,,,,"Using ad set budget",0,0,0,0,Ongoing,"7-day click or 1-day view",0,,,0,,,,,0
2026-06-19,2026-06-19,"JanviAika_Shopping_Ad_Campaign – Lehenga_And_Long_Gowns",active,,,,1000,Daily,0,0,0,Ongoing,"7-day click, 1-day view or 1-day engaged view",0,,,0,,,,,0
2026-06-19,2026-06-19,"Hot Campaign for Website Visitors",active,,,,500,Daily,0,0,0,Ongoing,"7-day click, 1-day view or 1-day engaged view",0,,,0,,,,,0
2026-06-19,2026-06-19,JanviAika_Shopping_Ad_Campaign,active,,,,"Using ad set budget",0,714.36,5076,4084,Ongoing,"7-day click, 1-day view or 1-day engaged view",140.732861,,,1,,,,,2.962782
2026-06-19,2026-06-19,"Anarkali Set Whatsapp campaign",inactive,,,,500,Daily,0,0,0,Ongoing,"7-day click or 1-day view",0,,,0,,,,,0
2026-06-19,2026-06-19,"Trendy Green Bridal Couture Whatsapp campaign",archived,,,,500,Daily,0,0,0,2026-06-03,"7-day click or 1-day view",0,,,0,,,,,0
2026-06-19,2026-06-19,Dark-Pink-Lehenga-Whatsapp-campaign,archived,,,,500,Daily,0,0,0,2026-06-03,"7-day click or 1-day view",0,,,0,,,,,0
2026-06-19,2026-06-19,"Lehenga Set Whatsapp campaign",inactive,,,,500,Daily,0,0,0,Ongoing,"7-day click or 1-day view",0,,,0,,,,,0
2026-06-19,2026-06-19,"Red Anarkali Engagement campaign",inactive,11271,video_thruplay_watched_actions,0.02867447,300,Daily,323.19,59729,59729,Ongoing,"7-day click or 1-day view",5.410939,0.028674,11271,0,5003,58231,12466,2622,0.517337
2026-06-19,2026-06-19,"Post: ""Who said lehengas are only for brides? ✨ """,inactive,,,,300,Daily,0,0,0,2026-05-28,"7-day click or 1-day view",0,,,0,,,,,0
2026-06-19,2026-06-19,"Post: ""Made for summer days, yet wrapped in  elegance 🌿✨ """,completed,,,,300,Daily,0,0,0,2026-05-28,"7-day click or 1-day view",0,,,0,,,,,0
2026-06-19,2026-06-19,"Black Half Saree Dress Campaign",inactive,,,,"Using ad set budget",0,0,0,0,Ongoing,"7-day click or 1-day view",0,,,0,,,,,0
2026-06-19,2026-06-19,"Lehenga post from Insta",inactive,4708,video_thruplay_watched_actions,0.06492141,"Using ad set budget",0,305.65,23887,22640,Ongoing,"7-day click or 1-day view",12.795663,0.064921,4708,0,3843,23322,6207,1896,0.538869
2026-06-19,2026-06-19,"FB Janviaika Video Campaign_English",inactive,,,,300,Daily,0,0,0,Ongoing,"7-day click or 1-day view",0,,,0,,,,,0
2026-06-19,2026-06-19,"Chudidhaar Advantage+ Shopping Campaign",inactive,,,,500,Daily,0,0,0,Ongoing,"7-day click, 1-day view or 1-day engaged view",0,,,0,,,,,0
2026-06-19,2026-06-19,"Advantage+ Shopping Campaign March",inactive,,,,500,Daily,0,0,0,Ongoing,"7-day click or 1-day view",0,,,0,,,,,0
2026-06-19,2026-06-19,"Model Engagement Video Campaign",inactive,,,,800,Daily,0,0,0,Ongoing,"Multiple attribution settings",0,,,0,,,,,0
2026-06-19,2026-06-19,"Launch Sales campaign",inactive,,,,1000,Daily,0,0,0,Ongoing,"7-day click, 1-day view or 1-day engaged view",0,,,0,,,,,0
2026-06-18,2026-06-18,"Retargeting Sales campaign",active,,,,500,Daily,0,0,0,Ongoing,"7-day click, 1-day view or 1-day engaged view",0,,,0,,,,,0
2026-06-18,2026-06-18,Anarkali-And-Half-saree-JanviAika_Shopping_Ad_Campaign,active,,,,2000,Daily,0,0,0,Ongoing,"7-day click, 1-day view or 1-day engaged view",0,,,0,,,,,0
2026-06-18,2026-06-18,"Engagement campaign Janviaika Reels",active,,,,"Using ad set budget",0,0,0,0,Ongoing,"7-day click or 1-day view",0,,,0,,,,,0
2026-06-18,2026-06-18,"JanviAika_Shopping_Ad_Campaign – Lehenga_And_Long_Gowns",active,,,,1000,Daily,0,0,0,Ongoing,"7-day click, 1-day view or 1-day engaged view",0,,,0,,,,,0
2026-06-18,2026-06-18,"Hot Campaign for Website Visitors",active,,,,500,Daily,0,0,0,Ongoing,"7-day click, 1-day view or 1-day engaged view",0,,,0,,,,,0
2026-06-18,2026-06-18,JanviAika_Shopping_Ad_Campaign,active,,,,"Using ad set budget",0,746.2,11461,9994,Ongoing,"7-day click, 1-day view or 1-day engaged view",65.107757,,,0,,,,,2.381429
2026-06-18,2026-06-18,"Anarkali Set Whatsapp campaign",inactive,,,,500,Daily,0,0,0,Ongoing,"7-day click or 1-day view",0,,,0,,,,,0
2026-06-18,2026-06-18,"Trendy Green Bridal Couture Whatsapp campaign",archived,,,,500,Daily,0,0,0,2026-06-03,"7-day click or 1-day view",0,,,0,,,,,0
2026-06-18,2026-06-18,Dark-Pink-Lehenga-Whatsapp-campaign,archived,,,,500,Daily,0,0,0,2026-06-03,"7-day click or 1-day view",0,,,0,,,,,0
2026-06-18,2026-06-18,"Lehenga Set Whatsapp campaign",inactive,1,actions:onsite_conversion.messaging_conversation_started_7d,0,500,Daily,0,0,0,Ongoing,"7-day click or 1-day view",0,,,0,,,,,0
2026-06-18,2026-06-18,"Red Anarkali Engagement campaign",inactive,10987,video_thruplay_watched_actions,0.02776645,300,Daily,305.07,63069,61073,Ongoing,"7-day click or 1-day view",4.837083,0.027766,10987,1,5131,61405,12148,2843,0.445369
2026-06-18,2026-06-18,"Post: ""Who said lehengas are only for brides? ✨ """,inactive,,,,300,Daily,0,0,0,2026-05-28,"7-day click or 1-day view",0,,,0,,,,,0
2026-06-18,2026-06-18,"Post: ""Made for summer days, yet wrapped in  elegance 🌿✨ """,completed,,,,300,Daily,0,0,0,2026-05-28,"7-day click or 1-day view",0,,,0,,,,,0
2026-06-18,2026-06-18,"Black Half Saree Dress Campaign",inactive,,,,"Using ad set budget",0,0,0,0,Ongoing,"7-day click or 1-day view",0,,,0,,,,,0
2026-06-18,2026-06-18,"Lehenga post from Insta",inactive,4473,video_thruplay_watched_actions,0.06511737,"Using ad set budget",0,291.27,28959,28875,Ongoing,"7-day click or 1-day view",10.058013,0.065117,4473,0,3627,28126,5803,1834,0.301299
2026-06-18,2026-06-18,"FB Janviaika Video Campaign_English",inactive,,,,300,Daily,0,0,0,Ongoing,"7-day click or 1-day view",0,,,0,,,,,0
2026-06-18,2026-06-18,"Chudidhaar Advantage+ Shopping Campaign",inactive,,,,500,Daily,0,0,0,Ongoing,"7-day click, 1-day view or 1-day engaged view",0,,,0,,,,,0
2026-06-18,2026-06-18,"Advantage+ Shopping Campaign March",inactive,,,,500,Daily,0,0,0,Ongoing,"7-day click or 1-day view",0,,,0,,,,,0
2026-06-18,2026-06-18,"Model Engagement Video Campaign",inactive,,,,800,Daily,0,0,0,Ongoing,"Multiple attribution settings",0,,,0,,,,,0
2026-06-18,2026-06-18,"Launch Sales campaign",inactive,,,,1000,Daily,0,0,0,Ongoing,"7-day click, 1-day view or 1-day engaged view",0,,,0,,,,,0
2026-06-17,2026-06-17,"Retargeting Sales campaign",active,,,,500,Daily,0,0,0,Ongoing,"7-day click, 1-day view or 1-day engaged view",0,,,0,,,,,0
2026-06-17,2026-06-17,Anarkali-And-Half-saree-JanviAika_Shopping_Ad_Campaign,active,,,,2000,Daily,0,0,0,Ongoing,"7-day click, 1-day view or 1-day engaged view",0,,,0,,,,,0
2026-06-17,2026-06-17,"Engagement campaign Janviaika Reels",active,,,,"Using ad set budget",0,0,0,0,Ongoing,"7-day click or 1-day view",0,,,0,,,,,0
2026-06-17,2026-06-17,"JanviAika_Shopping_Ad_Campaign – Lehenga_And_Long_Gowns",active,,,,1000,Daily,0,0,0,Ongoing,"7-day click, 1-day view or 1-day engaged view",0,,,0,,,,,0
2026-06-17,2026-06-17,"Hot Campaign for Website Visitors",active,,,,500,Daily,0,0,0,Ongoing,"7-day click, 1-day view or 1-day engaged view",0,,,0,,,,,0
2026-06-17,2026-06-17,JanviAika_Shopping_Ad_Campaign,active,,,,"Using ad set budget",0,589.86,9723,8439,Ongoing,"7-day click, 1-day view or 1-day engaged view",60.666461,,,2,,,,,2.34625
2026-06-17,2026-06-17,"Anarkali Set Whatsapp campaign",inactive,,,,500,Daily,0,0,0,Ongoing,"7-day click or 1-day view",0,,,0,,,,,0
2026-06-17,2026-06-17,"Trendy Green Bridal Couture Whatsapp campaign",archived,,,,500,Daily,0,0,0,2026-06-03,"7-day click or 1-day view",0,,,0,,,,,0
2026-06-17,2026-06-17,Dark-Pink-Lehenga-Whatsapp-campaign,archived,,,,500,Daily,0,0,0,2026-06-03,"7-day click or 1-day view",0,,,0,,,,,0
2026-06-17,2026-06-17,"Lehenga Set Whatsapp campaign",inactive,1,actions:onsite_conversion.messaging_conversation_started_7d,0,500,Daily,0,0,0,Ongoing,"7-day click or 1-day view",0,,,0,,,,,0
2026-06-17,2026-06-17,"Red Anarkali Engagement campaign",inactive,9581,video_thruplay_watched_actions,0.02832898,300,Daily,271.42,56710,56710,Ongoing,"7-day click or 1-day view",4.786105,0.028329,9581,0,4476,55568,10658,2263,0.289191
2026-06-17,2026-06-17,"Post: ""Who said lehengas are only for brides? ✨ """,inactive,,,,300,Daily,0,0,0,2026-05-28,"7-day click or 1-day view",0,,,0,,,,,0
2026-06-17,2026-06-17,"Post: ""Made for summer days, yet wrapped in  elegance 🌿✨ """,completed,,,,300,Daily,0,0,0,2026-05-28,"7-day click or 1-day view",0,,,0,,,,,0
2026-06-17,2026-06-17,"Black Half Saree Dress Campaign",inactive,,,,"Using ad set budget",0,0,0,0,Ongoing,"7-day click or 1-day view",0,,,0,,,,,0
2026-06-17,2026-06-17,"Lehenga post from Insta",inactive,4437,video_thruplay_watched_actions,0.06342123,"Using ad set budget",0,281.4,30663,29678,Ongoing,"7-day click or 1-day view",9.177184,0.063421,4437,1,3563,30031,5783,1767,0.303255
2026-06-17,2026-06-17,"FB Janviaika Video Campaign_English",inactive,,,,300,Daily,0,0,0,Ongoing,"7-day click or 1-day view",0,,,0,,,,,0
2026-06-17,2026-06-17,"Chudidhaar Advantage+ Shopping Campaign",inactive,,,,500,Daily,0,0,0,Ongoing,"7-day click, 1-day view or 1-day engaged view",0,,,0,,,,,0
2026-06-17,2026-06-17,"Advantage+ Shopping Campaign March",inactive,,,,500,Daily,0,0,0,Ongoing,"7-day click or 1-day view",0,,,0,,,,,0
2026-06-17,2026-06-17,"Model Engagement Video Campaign",inactive,,,,800,Daily,0,0,0,Ongoing,"Multiple attribution settings",0,,,0,,,,,0
2026-06-17,2026-06-17,"Launch Sales campaign",inactive,,,,1000,Daily,0,0,0,Ongoing,"7-day click, 1-day view or 1-day engaged view",0,,,0,,,,,0
2026-06-16,2026-06-16,"Retargeting Sales campaign",active,,,,500,Daily,0,0,0,Ongoing,"7-day click, 1-day view or 1-day engaged view",0,,,0,,,,,0
2026-06-16,2026-06-16,Anarkali-And-Half-saree-JanviAika_Shopping_Ad_Campaign,active,,,,2000,Daily,0,0,0,Ongoing,"7-day click, 1-day view or 1-day engaged view",0,,,0,,,,,0
2026-06-16,2026-06-16,"Engagement campaign Janviaika Reels",active,,,,"Using ad set budget",0,0,0,0,Ongoing,"7-day click or 1-day view",0,,,0,,,,,0
2026-06-16,2026-06-16,"JanviAika_Shopping_Ad_Campaign – Lehenga_And_Long_Gowns",active,,,,1000,Daily,0,0,0,Ongoing,"7-day click, 1-day view or 1-day engaged view",0,,,0,,,,,0
2026-06-16,2026-06-16,"Hot Campaign for Website Visitors",active,,,,500,Daily,0,0,0,Ongoing,"7-day click, 1-day view or 1-day engaged view",0,,,0,,,,,0
2026-06-16,2026-06-16,JanviAika_Shopping_Ad_Campaign,active,,,,"Using ad set budget",0,87.93,7637,7468,Ongoing,"7-day click, 1-day view or 1-day engaged view",11.513683,,,0,,,,,1.606856
2026-06-16,2026-06-16,"Anarkali Set Whatsapp campaign",inactive,,,,500,Daily,0,0,0,Ongoing,"7-day click or 1-day view",0,,,0,,,,,0
2026-06-16,2026-06-16,"Trendy Green Bridal Couture Whatsapp campaign",archived,,,,500,Daily,0,0,0,2026-06-03,"7-day click or 1-day view",0,,,0,,,,,0
2026-06-16,2026-06-16,Dark-Pink-Lehenga-Whatsapp-campaign,archived,,,,500,Daily,0,0,0,2026-06-03,"7-day click or 1-day view",0,,,0,,,,,0
2026-06-16,2026-06-16,"Lehenga Set Whatsapp campaign",inactive,19,actions:onsite_conversion.messaging_conversation_started_7d,21.32842105,500,Daily,405.24,3165,2513,Ongoing,"7-day click or 1-day view",128.037915,4.941951,82,0,35,2835,74,19,2.188619
2026-06-16,2026-06-16,"Red Anarkali Engagement campaign",inactive,11810,video_thruplay_watched_actions,0.0242066,300,Daily,285.88,72239,72239,Ongoing,"7-day click or 1-day view",3.957419,0.024207,11810,0,7606,68300,12808,5184,0.467891
2026-06-16,2026-06-16,"Post: ""Who said lehengas are only for brides? ✨ """,inactive,,,,300,Daily,0,0,0,2026-05-28,"7-day click or 1-day view",0,,,0,,,,,0
2026-06-16,2026-06-16,"Post: ""Made for summer days, yet wrapped in  elegance 🌿✨ """,completed,,,,300,Daily,0,0,0,2026-05-28,"7-day click or 1-day view",0,,,0,,,,,0
2026-06-16,2026-06-16,"Black Half Saree Dress Campaign",inactive,,,,"Using ad set budget",0,0,0,0,Ongoing,"7-day click or 1-day view",0,,,0,,,,,0
2026-06-16,2026-06-16,"Lehenga post from Insta",inactive,6200,video_thruplay_watched_actions,0.04993548,"Using ad set budget",0,309.6,41519,40783,Ongoing,"7-day click or 1-day view",7.456827,0.049935,6200,0,5390,39342,7557,3727,0.338376
2026-06-16,2026-06-16,"FB Janviaika Video Campaign_English",inactive,,,,300,Daily,0,0,0,Ongoing,"7-day click or 1-day view",0,,,0,,,,,0
2026-06-16,2026-06-16,"Chudidhaar Advantage+ Shopping Campaign",inactive,,,,500,Daily,0,0,0,Ongoing,"7-day click, 1-day view or 1-day engaged view",0,,,0,,,,,0
2026-06-16,2026-06-16,"Advantage+ Shopping Campaign March",inactive,,,,500,Daily,0,0,0,Ongoing,"7-day click or 1-day view",0,,,0,,,,,0
2026-06-16,2026-06-16,"Model Engagement Video Campaign",inactive,,,,800,Daily,0,0,0,Ongoing,"Multiple attribution settings",0,,,0,,,,,0
2026-06-16,2026-06-16,"Launch Sales campaign",inactive,,,,1000,Daily,0,0,0,Ongoing,"7-day click, 1-day view or 1-day engaged view",0,,,0,,,,,0
2026-06-15,2026-06-15,"Retargeting Sales campaign",active,,,,500,Daily,0,0,0,Ongoing,"7-day click, 1-day view or 1-day engaged view",0,,,0,,,,,0
2026-06-15,2026-06-15,Anarkali-And-Half-saree-JanviAika_Shopping_Ad_Campaign,active,,,,2000,Daily,0,0,0,Ongoing,"7-day click, 1-day view or 1-day engaged view",0,,,0,,,,,0
2026-06-15,2026-06-15,"Engagement campaign Janviaika Reels",active,,,,"Using ad set budget",0,0,0,0,Ongoing,"7-day click or 1-day view",0,,,0,,,,,0
2026-06-15,2026-06-15,"JanviAika_Shopping_Ad_Campaign – Lehenga_And_Long_Gowns",active,,,,1000,Daily,0,0,0,Ongoing,"7-day click, 1-day view or 1-day engaged view",0,,,0,,,,,0
2026-06-15,2026-06-15,"Hot Campaign for Website Visitors",active,,,,500,Daily,0,0,0,Ongoing,"7-day click, 1-day view or 1-day engaged view",0,,,0,,,,,0
2026-06-15,2026-06-15,JanviAika_Shopping_Ad_Campaign,active,,,,"Using ad set budget",0,0,0,0,Ongoing,"7-day click, 1-day view or 1-day engaged view",0,,,0,,,,,0
2026-06-15,2026-06-15,"Anarkali Set Whatsapp campaign",inactive,,,,500,Daily,0,0,0,Ongoing,"7-day click or 1-day view",0,,,0,,,,,0
2026-06-15,2026-06-15,"Trendy Green Bridal Couture Whatsapp campaign",archived,,,,500,Daily,0,0,0,2026-06-03,"7-day click or 1-day view",0,,,0,,,,,0
2026-06-15,2026-06-15,Dark-Pink-Lehenga-Whatsapp-campaign,archived,,,,500,Daily,0,0,0,2026-06-03,"7-day click or 1-day view",0,,,0,,,,,0
2026-06-15,2026-06-15,"Lehenga Set Whatsapp campaign",inactive,18,actions:onsite_conversion.messaging_conversation_started_7d,34.35944444,500,Daily,618.47,11321,9634,Ongoing,"7-day click or 1-day view",54.630333,2.761027,224,1,151,10391,309,104,0.923812
2026-06-15,2026-06-15,"Red Anarkali Engagement campaign",inactive,15352,video_thruplay_watched_actions,0.02257686,300,Daily,346.6,108251,102640,Ongoing,"7-day click or 1-day view",3.201818,0.022577,15352,0,9765,101064,16675,6726,0.528059
2026-06-15,2026-06-15,"Post: ""Who said lehengas are only for brides? ✨ """,inactive,,,,300,Daily,0,0,0,2026-05-28,"7-day click or 1-day view",0,,,0,,,,,0
2026-06-15,2026-06-15,"Post: ""Made for summer days, yet wrapped in  elegance 🌿✨ """,completed,,,,300,Daily,0,0,0,2026-05-28,"7-day click or 1-day view",0,,,0,,,,,0
2026-06-15,2026-06-15,"Black Half Saree Dress Campaign",inactive,,,,"Using ad set budget",0,0,0,0,Ongoing,"7-day click or 1-day view",0,,,0,,,,,0
2026-06-15,2026-06-15,"Lehenga post from Insta",inactive,6155,video_thruplay_watched_actions,0.05276523,"Using ad set budget",0,324.77,48326,47875,Ongoing,"7-day click or 1-day view",6.720399,0.052765,6155,0,5244,45808,7762,3520,0.32376
2026-06-15,2026-06-15,"FB Janviaika Video Campaign_English",inactive,,,,300,Daily,0,0,0,Ongoing,"7-day click or 1-day view",0,,,0,,,,,0
2026-06-15,2026-06-15,"Chudidhaar Advantage+ Shopping Campaign",inactive,,,,500,Daily,0,0,0,Ongoing,"7-day click, 1-day view or 1-day engaged view",0,,,0,,,,,0
2026-06-15,2026-06-15,"Advantage+ Shopping Campaign March",inactive,,,,500,Daily,0,0,0,Ongoing,"7-day click or 1-day view",0,,,0,,,,,0
2026-06-15,2026-06-15,"Model Engagement Video Campaign",inactive,,,,800,Daily,0,0,0,Ongoing,"Multiple attribution settings",0,,,0,,,,,0
2026-06-15,2026-06-15,"Launch Sales campaign",inactive,,,,1000,Daily,0,0,0,Ongoing,"7-day click, 1-day view or 1-day engaged view",0,,,0,,,,,0
2026-06-14,2026-06-14,"Retargeting Sales campaign",active,,,,500,Daily,0,0,0,Ongoing,"7-day click, 1-day view or 1-day engaged view",0,,,0,,,,,0
2026-06-14,2026-06-14,Anarkali-And-Half-saree-JanviAika_Shopping_Ad_Campaign,active,,,,2000,Daily,0,0,0,Ongoing,"7-day click, 1-day view or 1-day engaged view",0,,,0,,,,,0
2026-06-14,2026-06-14,"Engagement campaign Janviaika Reels",active,,,,"Using ad set budget",0,0,0,0,Ongoing,"7-day click or 1-day view",0,,,0,,,,,0
2026-06-14,2026-06-14,"JanviAika_Shopping_Ad_Campaign – Lehenga_And_Long_Gowns",active,,,,1000,Daily,0,0,0,Ongoing,"7-day click, 1-day view or 1-day engaged view",0,,,0,,,,,0
2026-06-14,2026-06-14,"Hot Campaign for Website Visitors",active,,,,500,Daily,0,0,0,Ongoing,"7-day click, 1-day view or 1-day engaged view",0,,,0,,,,,0
2026-06-14,2026-06-14,JanviAika_Shopping_Ad_Campaign,active,,,,"Using ad set budget",0,0,0,0,Ongoing,"7-day click, 1-day view or 1-day engaged view",0,,,0,,,,,0
2026-06-14,2026-06-14,"Anarkali Set Whatsapp campaign",inactive,,,,500,Daily,0,0,0,Ongoing,"7-day click or 1-day view",0,,,0,,,,,0
2026-06-14,2026-06-14,"Trendy Green Bridal Couture Whatsapp campaign",archived,,,,500,Daily,0,0,0,2026-06-03,"7-day click or 1-day view",0,,,0,,,,,0
2026-06-14,2026-06-14,Dark-Pink-Lehenga-Whatsapp-campaign,archived,,,,500,Daily,0,0,0,2026-06-03,"7-day click or 1-day view",0,,,0,,,,,0
2026-06-14,2026-06-14,"Lehenga Set Whatsapp campaign",inactive,20,actions:onsite_conversion.messaging_conversation_started_7d,21.938,500,Daily,438.76,9851,8575,Ongoing,"7-day click or 1-day view",44.539641,1.713906,256,1,142,8544,263,36,0.96793
2026-06-14,2026-06-14,"Red Anarkali Engagement campaign",inactive,8504,video_thruplay_watched_actions,0.02931679,300,Daily,249.31,52811,51864,Ongoing,"7-day click or 1-day view",4.720797,0.029317,8504,0,4192,51040,9437,2338,0.416474
2026-06-14,2026-06-14,"Post: ""Who said lehengas are only for brides? ✨ """,inactive,,,,300,Daily,0,0,0,2026-05-28,"7-day click or 1-day view",0,,,0,,,,,0
2026-06-14,2026-06-14,"Post: ""Made for summer days, yet wrapped in  elegance 🌿✨ """,completed,,,,300,Daily,0,0,0,2026-05-28,"7-day click or 1-day view",0,,,0,,,,,0
2026-06-14,2026-06-14,"Black Half Saree Dress Campaign",inactive,,,,"Using ad set budget",0,0,0,0,Ongoing,"7-day click or 1-day view",0,,,0,,,,,0
2026-06-14,2026-06-14,"Lehenga post from Insta",inactive,3688,video_thruplay_watched_actions,0.07192245,"Using ad set budget",0,265.25,29580,29288,Ongoing,"7-day click or 1-day view",8.967208,0.071922,3688,0,2983,28845,4704,1649,0.310707
2026-06-14,2026-06-14,"FB Janviaika Video Campaign_English",inactive,,,,300,Daily,0,0,0,Ongoing,"7-day click or 1-day view",0,,,0,,,,,0
2026-06-14,2026-06-14,"Chudidhaar Advantage+ Shopping Campaign",inactive,,,,500,Daily,0,0,0,Ongoing,"7-day click, 1-day view or 1-day engaged view",0,,,0,,,,,0
2026-06-14,2026-06-14,"Advantage+ Shopping Campaign March",inactive,,,,500,Daily,0,0,0,Ongoing,"7-day click or 1-day view",0,,,0,,,,,0
2026-06-14,2026-06-14,"Model Engagement Video Campaign",inactive,,,,800,Daily,0,0,0,Ongoing,"Multiple attribution settings",0,,,0,,,,,0
2026-06-14,2026-06-14,"Launch Sales campaign",inactive,,,,1000,Daily,0,0,0,Ongoing,"7-day click, 1-day view or 1-day engaged view",0,,,0,,,,,0
2026-06-13,2026-06-13,"Retargeting Sales campaign",active,,,,500,Daily,0,0,0,Ongoing,"7-day click, 1-day view or 1-day engaged view",0,,,0,,,,,0
2026-06-13,2026-06-13,Anarkali-And-Half-saree-JanviAika_Shopping_Ad_Campaign,active,,,,2000,Daily,0,0,0,Ongoing,"7-day click, 1-day view or 1-day engaged view",0,,,0,,,,,0
2026-06-13,2026-06-13,"Engagement campaign Janviaika Reels",active,,,,"Using ad set budget",0,0,0,0,Ongoing,"7-day click or 1-day view",0,,,0,,,,,0
2026-06-13,2026-06-13,"JanviAika_Shopping_Ad_Campaign – Lehenga_And_Long_Gowns",active,,,,1000,Daily,0,0,0,Ongoing,"7-day click, 1-day view or 1-day engaged view",0,,,0,,,,,0
2026-06-13,2026-06-13,"Hot Campaign for Website Visitors",active,,,,500,Daily,0,0,0,Ongoing,"7-day click, 1-day view or 1-day engaged view",0,,,0,,,,,0
2026-06-13,2026-06-13,JanviAika_Shopping_Ad_Campaign,active,,,,"Using ad set budget",0,0,0,0,Ongoing,"7-day click, 1-day view or 1-day engaged view",0,,,0,,,,,0
2026-06-13,2026-06-13,"Anarkali Set Whatsapp campaign",inactive,1,actions:onsite_conversion.messaging_conversation_started_7d,0,500,Daily,0,0,0,Ongoing,"7-day click or 1-day view",0,,,0,,,,,0
2026-06-13,2026-06-13,"Trendy Green Bridal Couture Whatsapp campaign",archived,,,,500,Daily,0,0,0,2026-06-03,"7-day click or 1-day view",0,,,0,,,,,0
2026-06-13,2026-06-13,Dark-Pink-Lehenga-Whatsapp-campaign,archived,,,,500,Daily,0,0,0,2026-06-03,"7-day click or 1-day view",0,,,0,,,,,0
2026-06-13,2026-06-13,"Lehenga Set Whatsapp campaign",inactive,20,actions:onsite_conversion.messaging_conversation_started_7d,28.868,500,Daily,577.36,13830,12049,Ongoing,"7-day click or 1-day view",41.746927,1.654327,349,0,165,12074,311,30,0.788447
2026-06-13,2026-06-13,"Red Anarkali Engagement campaign",inactive,8833,video_thruplay_watched_actions,0.03049587,300,Daily,269.37,53905,53528,Ongoing,"7-day click or 1-day view",4.997125,0.030496,8833,0,4086,52737,9895,2099,0.325064
2026-06-13,2026-06-13,"Post: ""Who said lehengas are only for brides? ✨ """,inactive,,,,300,Daily,0,0,0,2026-05-28,"7-day click or 1-day view",0,,,0,,,,,0
2026-06-13,2026-06-13,"Post: ""Made for summer days, yet wrapped in  elegance 🌿✨ """,completed,,,,300,Daily,0,0,0,2026-05-28,"7-day click or 1-day view",0,,,0,,,,,0
2026-06-13,2026-06-13,"Black Half Saree Dress Campaign",inactive,,,,"Using ad set budget",0,0,0,0,Ongoing,"7-day click or 1-day view",0,,,0,,,,,0
2026-06-13,2026-06-13,"Lehenga post from Insta",inactive,4755,video_thruplay_watched_actions,0.0697224,"Using ad set budget",0,331.53,43519,41866,Ongoing,"7-day click or 1-day view",7.618052,0.069722,4755,0,3965,42229,6052,2190,0.269909
2026-06-13,2026-06-13,"FB Janviaika Video Campaign_English",inactive,,,,300,Daily,0,0,0,Ongoing,"7-day click or 1-day view",0,,,0,,,,,0
2026-06-13,2026-06-13,"Chudidhaar Advantage+ Shopping Campaign",inactive,,,,500,Daily,0,0,0,Ongoing,"7-day click, 1-day view or 1-day engaged view",0,,,0,,,,,0
2026-06-13,2026-06-13,"Advantage+ Shopping Campaign March",inactive,,,,500,Daily,0,0,0,Ongoing,"7-day click or 1-day view",0,,,0,,,,,0
2026-06-13,2026-06-13,"Model Engagement Video Campaign",inactive,,,,800,Daily,0,0,0,Ongoing,"Multiple attribution settings",0,,,0,,,,,0
2026-06-13,2026-06-13,"Launch Sales campaign",inactive,,,,1000,Daily,0,0,0,Ongoing,"7-day click, 1-day view or 1-day engaged view",0,,,0,,,,,0
2026-06-12,2026-06-12,"Retargeting Sales campaign",active,,,,500,Daily,0,0,0,Ongoing,"7-day click, 1-day view or 1-day engaged view",0,,,0,,,,,0
2026-06-12,2026-06-12,Anarkali-And-Half-saree-JanviAika_Shopping_Ad_Campaign,active,,,,2000,Daily,0,0,0,Ongoing,"7-day click, 1-day view or 1-day engaged view",0,,,0,,,,,0
2026-06-12,2026-06-12,"Engagement campaign Janviaika Reels",active,,,,"Using ad set budget",0,0,0,0,Ongoing,"7-day click or 1-day view",0,,,0,,,,,0
2026-06-12,2026-06-12,"JanviAika_Shopping_Ad_Campaign – Lehenga_And_Long_Gowns",active,,,,1000,Daily,0,0,0,Ongoing,"7-day click, 1-day view or 1-day engaged view",0,,,0,,,,,0
2026-06-12,2026-06-12,"Hot Campaign for Website Visitors",active,,,,500,Daily,0,0,0,Ongoing,"7-day click, 1-day view or 1-day engaged view",0,,,0,,,,,0
2026-06-12,2026-06-12,JanviAika_Shopping_Ad_Campaign,active,,,,"Using ad set budget",0,0,0,0,Ongoing,"7-day click, 1-day view or 1-day engaged view",0,,,0,,,,,0
2026-06-12,2026-06-12,"Anarkali Set Whatsapp campaign",inactive,5,actions:onsite_conversion.messaging_conversation_started_7d,55.362,500,Daily,276.81,19019,17630,Ongoing,"7-day click or 1-day view",14.554393,0.468376,591,0,316,17220,702,162,0.4481
2026-06-12,2026-06-12,"Trendy Green Bridal Couture Whatsapp campaign",archived,,,,500,Daily,0,0,0,2026-06-03,"7-day click or 1-day view",0,,,0,,,,,0
2026-06-12,2026-06-12,Dark-Pink-Lehenga-Whatsapp-campaign,archived,,,,500,Daily,0,0,0,2026-06-03,"7-day click or 1-day view",0,,,0,,,,,0
2026-06-12,2026-06-12,"Lehenga Set Whatsapp campaign",inactive,22,actions:onsite_conversion.messaging_conversation_started_7d,15.70090909,500,Daily,345.42,4597,3902,Ongoing,"7-day click or 1-day view",75.140309,3.598125,96,2,38,4169,104,18,1.460789
2026-06-12,2026-06-12,"Red Anarkali Engagement campaign",inactive,11522,video_thruplay_watched_actions,0.02923624,300,Daily,336.86,63598,62399,Ongoing,"7-day click or 1-day view",5.296707,0.029236,11522,0,5994,61610,12705,3349,0.347762
2026-06-12,2026-06-12,"Post: ""Who said lehengas are only for brides? ✨ """,inactive,,,,300,Daily,0,0,0,2026-05-28,"7-day click or 1-day view",0,,,0,,,,,0
2026-06-12,2026-06-12,"Post: ""Made for summer days, yet wrapped in  elegance 🌿✨ """,completed,,,,300,Daily,0,0,0,2026-05-28,"7-day click or 1-day view",0,,,0,,,,,0
2026-06-12,2026-06-12,"Black Half Saree Dress Campaign",inactive,,,,"Using ad set budget",0,0,0,0,Ongoing,"7-day click or 1-day view",0,,,0,,,,,0
2026-06-12,2026-06-12,"Lehenga post from Insta",inactive,6544,video_thruplay_watched_actions,0.0459673,"Using ad set budget",0,300.81,44350,44350,Ongoing,"7-day click or 1-day view",6.782638,0.045967,6544,0,5894,42691,8158,4159,0.184893
2026-06-12,2026-06-12,"FB Janviaika Video Campaign_English",inactive,,,,300,Daily,0,0,0,Ongoing,"7-day click or 1-day view",0,,,0,,,,,0
2026-06-12,2026-06-12,"Chudidhaar Advantage+ Shopping Campaign",inactive,,,,500,Daily,0,0,0,Ongoing,"7-day click, 1-day view or 1-day engaged view",0,,,0,,,,,0
2026-06-12,2026-06-12,"Advantage+ Shopping Campaign March",inactive,,,,500,Daily,0,0,0,Ongoing,"7-day click or 1-day view",0,,,0,,,,,0
2026-06-12,2026-06-12,"Model Engagement Video Campaign",inactive,,,,800,Daily,0,0,0,Ongoing,"Multiple attribution settings",0,,,0,,,,,0
2026-06-12,2026-06-12,"Launch Sales campaign",inactive,,,,1000,Daily,0,0,0,Ongoing,"7-day click, 1-day view or 1-day engaged view",0,,,0,,,,,0
2026-06-11,2026-06-11,"Retargeting Sales campaign",active,,,,500,Daily,0,0,0,Ongoing,"7-day click, 1-day view or 1-day engaged view",0,,,0,,,,,0
2026-06-11,2026-06-11,Anarkali-And-Half-saree-JanviAika_Shopping_Ad_Campaign,active,,,,2000,Daily,0,0,0,Ongoing,"7-day click, 1-day view or 1-day engaged view",0,,,0,,,,,0
2026-06-11,2026-06-11,"Engagement campaign Janviaika Reels",active,,,,"Using ad set budget",0,0,0,0,Ongoing,"7-day click or 1-day view",0,,,0,,,,,0
2026-06-11,2026-06-11,"JanviAika_Shopping_Ad_Campaign – Lehenga_And_Long_Gowns",active,,,,1000,Daily,0,0,0,Ongoing,"7-day click, 1-day view or 1-day engaged view",0,,,0,,,,,0
2026-06-11,2026-06-11,"Hot Campaign for Website Visitors",active,,,,500,Daily,0,0,0,Ongoing,"7-day click, 1-day view or 1-day engaged view",0,,,0,,,,,0
2026-06-11,2026-06-11,JanviAika_Shopping_Ad_Campaign,active,,,,"Using ad set budget",0,0,0,0,Ongoing,"7-day click, 1-day view or 1-day engaged view",0,,,0,,,,,0
2026-06-11,2026-06-11,"Anarkali Set Whatsapp campaign",inactive,,,,500,Daily,0,0,0,Ongoing,"7-day click or 1-day view",0,,,0,,,,,0
2026-06-11,2026-06-11,"Trendy Green Bridal Couture Whatsapp campaign",archived,,,,500,Daily,0,0,0,2026-06-03,"7-day click or 1-day view",0,,,0,,,,,0
2026-06-11,2026-06-11,Dark-Pink-Lehenga-Whatsapp-campaign,archived,,,,500,Daily,0,0,0,2026-06-03,"7-day click or 1-day view",0,,,0,,,,,0
2026-06-11,2026-06-11,"Lehenga Set Whatsapp campaign",inactive,28,actions:onsite_conversion.messaging_conversation_started_7d,18.24,500,Daily,510.72,4906,3848,Ongoing,"7-day click or 1-day view",104.101101,4.11871,124,2,47,4424,114,25,1.975052
2026-06-11,2026-06-11,"Red Anarkali Engagement campaign",inactive,12107,video_thruplay_watched_actions,0.02438341,300,Daily,295.21,53432,52300,Ongoing,"7-day click or 1-day view",5.524966,0.024383,12107,0,7426,52219,13049,5073,0.434034
2026-06-11,2026-06-11,"Post: ""Who said lehengas are only for brides? ✨ """,inactive,,,,300,Daily,0,0,0,2026-05-28,"7-day click or 1-day view",0,,,0,,,,,0
2026-06-11,2026-06-11,"Post: ""Made for summer days, yet wrapped in  elegance 🌿✨ """,completed,,,,300,Daily,0,0,0,2026-05-28,"7-day click or 1-day view",0,,,0,,,,,0
2026-06-11,2026-06-11,"Black Half Saree Dress Campaign",inactive,,,,"Using ad set budget",0,0,0,0,Ongoing,"7-day click or 1-day view",0,,,0,,,,,0
2026-06-11,2026-06-11,"Lehenga post from Insta",inactive,10463,video_thruplay_watched_actions,0.02693778,"Using ad set budget",0,281.85,43475,40588,Ongoing,"7-day click or 1-day view",6.483036,0.026938,10463,0,10063,42883,12393,7897,0.189711
2026-06-11,2026-06-11,"FB Janviaika Video Campaign_English",inactive,,,,300,Daily,0,0,0,Ongoing,"7-day click or 1-day view",0,,,0,,,,,0
2026-06-11,2026-06-11,"Chudidhaar Advantage+ Shopping Campaign",inactive,,,,500,Daily,0,0,0,Ongoing,"7-day click, 1-day view or 1-day engaged view",0,,,0,,,,,0
2026-06-11,2026-06-11,"Advantage+ Shopping Campaign March",inactive,,,,500,Daily,0,0,0,Ongoing,"7-day click or 1-day view",0,,,0,,,,,0
2026-06-11,2026-06-11,"Model Engagement Video Campaign",inactive,,,,800,Daily,0,0,0,Ongoing,"Multiple attribution settings",0,,,0,,,,,0
2026-06-11,2026-06-11,"Launch Sales campaign",inactive,,,,1000,Daily,0,0,0,Ongoing,"7-day click, 1-day view or 1-day engaged view",0,,,0,,,,,0
2026-06-10,2026-06-10,"Retargeting Sales campaign",active,,,,500,Daily,0,0,0,Ongoing,"7-day click, 1-day view or 1-day engaged view",0,,,0,,,,,0
2026-06-10,2026-06-10,Anarkali-And-Half-saree-JanviAika_Shopping_Ad_Campaign,active,,,,2000,Daily,0,0,0,Ongoing,"7-day click, 1-day view or 1-day engaged view",0,,,0,,,,,0
2026-06-10,2026-06-10,"Engagement campaign Janviaika Reels",active,,,,"Using ad set budget",0,0,0,0,Ongoing,"7-day click or 1-day view",0,,,0,,,,,0
2026-06-10,2026-06-10,"JanviAika_Shopping_Ad_Campaign – Lehenga_And_Long_Gowns",active,,,,1000,Daily,0,0,0,Ongoing,"7-day click, 1-day view or 1-day engaged view",0,,,0,,,,,0
2026-06-10,2026-06-10,"Hot Campaign for Website Visitors",active,,,,500,Daily,0,0,0,Ongoing,"7-day click, 1-day view or 1-day engaged view",0,,,0,,,,,0
2026-06-10,2026-06-10,JanviAika_Shopping_Ad_Campaign,active,,,,"Using ad set budget",0,0,0,0,Ongoing,"7-day click, 1-day view or 1-day engaged view",0,,,0,,,,,0
2026-06-10,2026-06-10,"Anarkali Set Whatsapp campaign",inactive,,,,500,Daily,0,0,0,Ongoing,"7-day click or 1-day view",0,,,0,,,,,0
2026-06-10,2026-06-10,"Trendy Green Bridal Couture Whatsapp campaign",archived,,,,500,Daily,0,0,0,2026-06-03,"7-day click or 1-day view",0,,,0,,,,,0
2026-06-10,2026-06-10,Dark-Pink-Lehenga-Whatsapp-campaign,archived,,,,500,Daily,0,0,0,2026-06-03,"7-day click or 1-day view",0,,,0,,,,,0
2026-06-10,2026-06-10,"Lehenga Set Whatsapp campaign",inactive,12,actions:onsite_conversion.messaging_conversation_started_7d,43.43666667,500,Daily,521.24,5367,4401,Ongoing,"7-day click or 1-day view",97.119434,3.619722,144,0,71,4793,143,39,1.431493
2026-06-10,2026-06-10,"Red Anarkali Engagement campaign",inactive,12154,video_thruplay_watched_actions,0.02462481,300,Daily,299.29,57690,55757,Ongoing,"7-day click or 1-day view",5.187901,0.024625,12154,0,7175,56310,13217,4811,0.475277
2026-06-10,2026-06-10,"Post: ""Who said lehengas are only for brides? ✨ """,inactive,,,,300,Daily,0,0,0,2026-05-28,"7-day click or 1-day view",0,,,0,,,,,0
2026-06-10,2026-06-10,"Post: ""Made for summer days, yet wrapped in  elegance 🌿✨ """,completed,,,,300,Daily,0,0,0,2026-05-28,"7-day click or 1-day view",0,,,0,,,,,0
2026-06-10,2026-06-10,"Black Half Saree Dress Campaign",inactive,,,,"Using ad set budget",0,0,0,0,Ongoing,"7-day click or 1-day view",0,,,0,,,,,0
2026-06-10,2026-06-10,"Lehenga post from Insta",inactive,12367,video_thruplay_watched_actions,0.02543867,"Using ad set budget",0,314.6,46929,42574,Ongoing,"7-day click or 1-day view",6.703744,0.025439,12367,0,11910,46403,14404,9541,0.213745
2026-06-10,2026-06-10,"FB Janviaika Video Campaign_English",inactive,,,,300,Daily,0,0,0,Ongoing,"7-day click or 1-day view",0,,,0,,,,,0
2026-06-10,2026-06-10,"Chudidhaar Advantage+ Shopping Campaign",inactive,,,,500,Daily,0,0,0,Ongoing,"7-day click, 1-day view or 1-day engaged view",0,,,0,,,,,0
2026-06-10,2026-06-10,"Advantage+ Shopping Campaign March",inactive,,,,500,Daily,0,0,0,Ongoing,"7-day click or 1-day view",0,,,0,,,,,0
2026-06-10,2026-06-10,"Model Engagement Video Campaign",inactive,,,,800,Daily,0,0,0,Ongoing,"Multiple attribution settings",0,,,0,,,,,0
2026-06-10,2026-06-10,"Launch Sales campaign",inactive,,,,1000,Daily,0,0,0,Ongoing,"7-day click, 1-day view or 1-day engaged view",0,,,0,,,,,0
2026-06-09,2026-06-09,"Retargeting Sales campaign",active,,,,500,Daily,0,0,0,Ongoing,"7-day click, 1-day view or 1-day engaged view",0,,,0,,,,,0
2026-06-09,2026-06-09,Anarkali-And-Half-saree-JanviAika_Shopping_Ad_Campaign,active,,,,2000,Daily,0,0,0,Ongoing,"7-day click, 1-day view or 1-day engaged view",0,,,0,,,,,0
2026-06-09,2026-06-09,"Engagement campaign Janviaika Reels",active,,,,"Using ad set budget",0,0,0,0,Ongoing,"7-day click or 1-day view",0,,,0,,,,,0
2026-06-09,2026-06-09,"JanviAika_Shopping_Ad_Campaign – Lehenga_And_Long_Gowns",active,,,,1000,Daily,0,0,0,Ongoing,"7-day click, 1-day view or 1-day engaged view",0,,,0,,,,,0
2026-06-09,2026-06-09,"Hot Campaign for Website Visitors",active,,,,500,Daily,0,0,0,Ongoing,"7-day click, 1-day view or 1-day engaged view",0,,,0,,,,,0
2026-06-09,2026-06-09,JanviAika_Shopping_Ad_Campaign,active,,,,"Using ad set budget",0,0,0,0,Ongoing,"7-day click, 1-day view or 1-day engaged view",0,,,0,,,,,0
2026-06-09,2026-06-09,"Anarkali Set Whatsapp campaign",inactive,,,,500,Daily,0,0,0,Ongoing,"7-day click or 1-day view",0,,,0,,,,,0
2026-06-09,2026-06-09,"Trendy Green Bridal Couture Whatsapp campaign",archived,,,,500,Daily,0,0,0,2026-06-03,"7-day click or 1-day view",0,,,0,,,,,0
2026-06-09,2026-06-09,Dark-Pink-Lehenga-Whatsapp-campaign,archived,,,,500,Daily,0,0,0,2026-06-03,"7-day click or 1-day view",0,,,0,,,,,0
2026-06-09,2026-06-09,"Lehenga Set Whatsapp campaign",inactive,20,actions:onsite_conversion.messaging_conversation_started_7d,21.901,500,Daily,438.02,3454,2968,Ongoing,"7-day click or 1-day view",126.815287,4.336832,101,0,45,3159,90,24,2.190027
2026-06-09,2026-06-09,"Red Anarkali Engagement campaign",inactive,11861,video_thruplay_watched_actions,0.02568839,300,Daily,304.69,62561,60493,Ongoing,"7-day click or 1-day view",4.870287,0.025688,11861,1,6388,61014,12972,3924,0.457904
2026-06-09,2026-06-09,"Post: ""Who said lehengas are only for brides? ✨ """,inactive,,,,300,Daily,0,0,0,2026-05-28,"7-day click or 1-day view",0,,,0,,,,,0
2026-06-09,2026-06-09,"Post: ""Made for summer days, yet wrapped in  elegance 🌿✨ """,completed,,,,300,Daily,0,0,0,2026-05-28,"7-day click or 1-day view",0,,,0,,,,,0
2026-06-09,2026-06-09,"Black Half Saree Dress Campaign",inactive,,,,"Using ad set budget",0,0,0,0,Ongoing,"7-day click or 1-day view",0,,,0,,,,,0
2026-06-09,2026-06-09,"Lehenga post from Insta",inactive,10475,video_thruplay_watched_actions,0.02777566,"Using ad set budget",0,290.95,35529,32822,Ongoing,"7-day click or 1-day view",8.189085,0.027776,10475,0,10048,35105,12062,8182,0.167571
2026-06-09,2026-06-09,"FB Janviaika Video Campaign_English",inactive,,,,300,Daily,0,0,0,Ongoing,"7-day click or 1-day view",0,,,0,,,,,0
2026-06-09,2026-06-09,"Chudidhaar Advantage+ Shopping Campaign",inactive,,,,500,Daily,0,0,0,Ongoing,"7-day click, 1-day view or 1-day engaged view",0,,,0,,,,,0
2026-06-09,2026-06-09,"Advantage+ Shopping Campaign March",inactive,,,,500,Daily,0,0,0,Ongoing,"7-day click or 1-day view",0,,,0,,,,,0
2026-06-09,2026-06-09,"Model Engagement Video Campaign",inactive,,,,800,Daily,0,0,0,Ongoing,"Multiple attribution settings",0,,,0,,,,,0
2026-06-09,2026-06-09,"Launch Sales campaign",inactive,,,,1000,Daily,0,0,0,Ongoing,"7-day click, 1-day view or 1-day engaged view",0,,,0,,,,,0
2026-06-08,2026-06-08,"Retargeting Sales campaign",active,,,,500,Daily,0,0,0,Ongoing,"7-day click, 1-day view or 1-day engaged view",0,,,0,,,,,0
2026-06-08,2026-06-08,Anarkali-And-Half-saree-JanviAika_Shopping_Ad_Campaign,active,,,,2000,Daily,0,0,0,Ongoing,"7-day click, 1-day view or 1-day engaged view",0,,,0,,,,,0
2026-06-08,2026-06-08,"Engagement campaign Janviaika Reels",active,,,,"Using ad set budget",0,0,0,0,Ongoing,"7-day click or 1-day view",0,,,0,,,,,0
2026-06-08,2026-06-08,"JanviAika_Shopping_Ad_Campaign – Lehenga_And_Long_Gowns",active,,,,1000,Daily,0,0,0,Ongoing,"7-day click, 1-day view or 1-day engaged view",0,,,0,,,,,0
2026-06-08,2026-06-08,"Hot Campaign for Website Visitors",active,,,,500,Daily,0,0,0,Ongoing,"7-day click, 1-day view or 1-day engaged view",0,,,0,,,,,0
2026-06-08,2026-06-08,JanviAika_Shopping_Ad_Campaign,active,,,,"Using ad set budget",0,0,0,0,Ongoing,"7-day click, 1-day view or 1-day engaged view",0,,,0,,,,,0
2026-06-08,2026-06-08,"Anarkali Set Whatsapp campaign",inactive,,,,500,Daily,0,0,0,Ongoing,"7-day click or 1-day view",0,,,0,,,,,0
2026-06-08,2026-06-08,"Trendy Green Bridal Couture Whatsapp campaign",archived,,,,500,Daily,0,0,0,2026-06-03,"7-day click or 1-day view",0,,,0,,,,,0
2026-06-08,2026-06-08,Dark-Pink-Lehenga-Whatsapp-campaign,archived,,,,500,Daily,0,0,0,2026-06-03,"7-day click or 1-day view",0,,,0,,,,,0
2026-06-08,2026-06-08,"Lehenga Set Whatsapp campaign",inactive,36,actions:onsite_conversion.messaging_conversation_started_7d,16.94388889,500,Daily,609.98,6024,4951,Ongoing,"7-day click or 1-day view",101.2583,4.235972,144,0,54,5490,130,29,2.181378
2026-06-08,2026-06-08,"Red Anarkali Engagement campaign",inactive,12322,video_thruplay_watched_actions,0.02723584,300,Daily,335.6,68420,68420,Ongoing,"7-day click or 1-day view",4.904999,0.027236,12322,0,6102,66948,13604,3425,0.435545
2026-06-08,2026-06-08,"Post: ""Who said lehengas are only for brides? ✨ """,inactive,,,,300,Daily,0,0,0,2026-05-28,"7-day click or 1-day view",0,,,0,,,,,0
2026-06-08,2026-06-08,"Post: ""Made for summer days, yet wrapped in  elegance 🌿✨ """,completed,,,,300,Daily,0,0,0,2026-05-28,"7-day click or 1-day view",0,,,0,,,,,0
2026-06-08,2026-06-08,"Black Half Saree Dress Campaign",inactive,,,,"Using ad set budget",0,0,0,0,Ongoing,"7-day click or 1-day view",0,,,0,,,,,0
2026-06-08,2026-06-08,"Lehenga post from Insta",inactive,10009,video_thruplay_watched_actions,0.03023779,"Using ad set budget",0,302.65,50991,45894,Ongoing,"7-day click or 1-day view",5.935361,0.030238,10009,0,9426,50322,12439,7020,0.228788
2026-06-08,2026-06-08,"FB Janviaika Video Campaign_English",inactive,,,,300,Daily,0,0,0,Ongoing,"7-day click or 1-day view",0,,,0,,,,,0
2026-06-08,2026-06-08,"Chudidhaar Advantage+ Shopping Campaign",inactive,,,,500,Daily,0,0,0,Ongoing,"7-day click, 1-day view or 1-day engaged view",0,,,0,,,,,0
2026-06-08,2026-06-08,"Advantage+ Shopping Campaign March",inactive,,,,500,Daily,0,0,0,Ongoing,"7-day click or 1-day view",0,,,0,,,,,0
2026-06-08,2026-06-08,"Model Engagement Video Campaign",inactive,,,,800,Daily,0,0,0,Ongoing,"Multiple attribution settings",0,,,0,,,,,0
2026-06-08,2026-06-08,"Launch Sales campaign",inactive,,,,1000,Daily,0,0,0,Ongoing,"7-day click, 1-day view or 1-day engaged view",0,,,0,,,,,0
2026-06-07,2026-06-07,"Retargeting Sales campaign",active,,,,500,Daily,0,0,0,Ongoing,"7-day click, 1-day view or 1-day engaged view",0,,,0,,,,,0
2026-06-07,2026-06-07,Anarkali-And-Half-saree-JanviAika_Shopping_Ad_Campaign,active,,,,2000,Daily,0,0,0,Ongoing,"7-day click, 1-day view or 1-day engaged view",0,,,0,,,,,0
2026-06-07,2026-06-07,"Engagement campaign Janviaika Reels",active,,,,"Using ad set budget",0,0,0,0,Ongoing,"7-day click or 1-day view",0,,,0,,,,,0
2026-06-07,2026-06-07,"JanviAika_Shopping_Ad_Campaign – Lehenga_And_Long_Gowns",active,,,,1000,Daily,0,0,0,Ongoing,"7-day click, 1-day view or 1-day engaged view",0,,,0,,,,,0
2026-06-07,2026-06-07,"Hot Campaign for Website Visitors",active,,,,500,Daily,0,0,0,Ongoing,"7-day click, 1-day view or 1-day engaged view",0,,,0,,,,,0
2026-06-07,2026-06-07,JanviAika_Shopping_Ad_Campaign,active,,,,"Using ad set budget",0,0,0,0,Ongoing,"7-day click, 1-day view or 1-day engaged view",0,,,0,,,,,0
2026-06-07,2026-06-07,"Anarkali Set Whatsapp campaign",inactive,,,,500,Daily,0,0,0,Ongoing,"7-day click or 1-day view",0,,,0,,,,,0
2026-06-07,2026-06-07,"Trendy Green Bridal Couture Whatsapp campaign",archived,,,,500,Daily,0,0,0,2026-06-03,"7-day click or 1-day view",0,,,0,,,,,0
2026-06-07,2026-06-07,Dark-Pink-Lehenga-Whatsapp-campaign,archived,,,,500,Daily,0,0,0,2026-06-03,"7-day click or 1-day view",0,,,0,,,,,0
2026-06-07,2026-06-07,"Lehenga Set Whatsapp campaign",inactive,20,actions:onsite_conversion.messaging_conversation_started_7d,23.884,500,Daily,477.68,4442,3770,Ongoing,"7-day click or 1-day view",107.537145,4.342545,110,0,39,4019,100,23,2.122016
2026-06-07,2026-06-07,"Red Anarkali Engagement campaign",inactive,8970,video_thruplay_watched_actions,0.0286845,300,Daily,257.3,48553,48553,Ongoing,"7-day click or 1-day view",5.299364,0.028685,8970,0,4668,47635,9880,2723,0.428398
2026-06-07,2026-06-07,"Post: ""Who said lehengas are only for brides? ✨ """,inactive,,,,300,Daily,0,0,0,2026-05-28,"7-day click or 1-day view",0,,,0,,,,,0
2026-06-07,2026-06-07,"Post: ""Made for summer days, yet wrapped in  elegance 🌿✨ """,completed,,,,300,Daily,0,0,0,2026-05-28,"7-day click or 1-day view",0,,,0,,,,,0
2026-06-07,2026-06-07,"Black Half Saree Dress Campaign",inactive,,,,"Using ad set budget",0,0,0,0,Ongoing,"7-day click or 1-day view",0,,,0,,,,,0
2026-06-07,2026-06-07,"Lehenga post from Insta",inactive,8439,video_thruplay_watched_actions,0.03271833,"Using ad set budget",0,276.11,39151,37165,Ongoing,"7-day click or 1-day view",7.052438,0.032718,8439,0,8025,38658,10273,6096,0.19104
2026-06-07,2026-06-07,"FB Janviaika Video Campaign_English",inactive,,,,300,Daily,0,0,0,Ongoing,"7-day click or 1-day view",0,,,0,,,,,0
2026-06-07,2026-06-07,"Chudidhaar Advantage+ Shopping Campaign",inactive,,,,500,Daily,0,0,0,Ongoing,"7-day click, 1-day view or 1-day engaged view",0,,,0,,,,,0
2026-06-07,2026-06-07,"Advantage+ Shopping Campaign March",inactive,,,,500,Daily,0,0,0,Ongoing,"7-day click or 1-day view",0,,,0,,,,,0
2026-06-07,2026-06-07,"Model Engagement Video Campaign",inactive,,,,800,Daily,0,0,0,Ongoing,"Multiple attribution settings",0,,,0,,,,,0
2026-06-07,2026-06-07,"Launch Sales campaign",inactive,,,,1000,Daily,0,0,0,Ongoing,"7-day click, 1-day view or 1-day engaged view",0,,,0,,,,,0
2026-06-06,2026-06-06,"Retargeting Sales campaign",active,,,,500,Daily,0,0,0,Ongoing,"7-day click, 1-day view or 1-day engaged view",0,,,0,,,,,0
2026-06-06,2026-06-06,Anarkali-And-Half-saree-JanviAika_Shopping_Ad_Campaign,active,,,,2000,Daily,0,0,0,Ongoing,"7-day click, 1-day view or 1-day engaged view",0,,,0,,,,,0
2026-06-06,2026-06-06,"Engagement campaign Janviaika Reels",active,,,,"Using ad set budget",0,0,0,0,Ongoing,"7-day click or 1-day view",0,,,0,,,,,0
2026-06-06,2026-06-06,"JanviAika_Shopping_Ad_Campaign – Lehenga_And_Long_Gowns",active,,,,1000,Daily,0,0,0,Ongoing,"7-day click, 1-day view or 1-day engaged view",0,,,0,,,,,0
2026-06-06,2026-06-06,"Hot Campaign for Website Visitors",active,,,,500,Daily,0,0,0,Ongoing,"7-day click, 1-day view or 1-day engaged view",0,,,0,,,,,0
2026-06-06,2026-06-06,JanviAika_Shopping_Ad_Campaign,active,,,,"Using ad set budget",0,0,0,0,Ongoing,"7-day click, 1-day view or 1-day engaged view",0,,,0,,,,,0
2026-06-06,2026-06-06,"Anarkali Set Whatsapp campaign",inactive,,,,500,Daily,0,0,0,Ongoing,"7-day click or 1-day view",0,,,0,,,,,0
2026-06-06,2026-06-06,"Trendy Green Bridal Couture Whatsapp campaign",archived,,,,500,Daily,0,0,0,2026-06-03,"7-day click or 1-day view",0,,,0,,,,,0
2026-06-06,2026-06-06,Dark-Pink-Lehenga-Whatsapp-campaign,archived,,,,500,Daily,0,0,0,2026-06-03,"7-day click or 1-day view",0,,,0,,,,,0
2026-06-06,2026-06-06,"Lehenga Set Whatsapp campaign",inactive,20,actions:onsite_conversion.messaging_conversation_started_7d,18.0105,500,Daily,360.21,2874,2565,Ongoing,"7-day click or 1-day view",125.334029,5.457727,66,0,20,2604,58,8,1.7154
2026-06-06,2026-06-06,"Red Anarkali Engagement campaign",inactive,12091,video_thruplay_watched_actions,0.02682987,300,Daily,324.4,51969,51969,Ongoing,"7-day click or 1-day view",6.242183,0.02683,12091,0,7574,50848,12957,5548,0.469511
2026-06-06,2026-06-06,"Post: ""Who said lehengas are only for brides? ✨ """,inactive,,,,300,Daily,0,0,0,2026-05-28,"7-day click or 1-day view",0,,,0,,,,,0
2026-06-06,2026-06-06,"Post: ""Made for summer days, yet wrapped in  elegance 🌿✨ """,completed,,,,300,Daily,0,0,0,2026-05-28,"7-day click or 1-day view",0,,,0,,,,,0
2026-06-06,2026-06-06,"Black Half Saree Dress Campaign",inactive,,,,"Using ad set budget",0,0,0,0,Ongoing,"7-day click or 1-day view",0,,,0,,,,,0
2026-06-06,2026-06-06,"Lehenga post from Insta",inactive,10775,video_thruplay_watched_actions,0.03051044,"Using ad set budget",0,328.75,34886,32298,Ongoing,"7-day click or 1-day view",9.423551,0.03051,10775,0,10433,34459,12181,8654,0.170289
2026-06-06,2026-06-06,"FB Janviaika Video Campaign_English",inactive,,,,300,Daily,0,0,0,Ongoing,"7-day click or 1-day view",0,,,0,,,,,0
2026-06-06,2026-06-06,"Chudidhaar Advantage+ Shopping Campaign",inactive,,,,500,Daily,0,0,0,Ongoing,"7-day click, 1-day view or 1-day engaged view",0,,,0,,,,,0
2026-06-06,2026-06-06,"Advantage+ Shopping Campaign March",inactive,,,,500,Daily,0,0,0,Ongoing,"7-day click or 1-day view",0,,,0,,,,,0
2026-06-06,2026-06-06,"Model Engagement Video Campaign",inactive,,,,800,Daily,0,0,0,Ongoing,"Multiple attribution settings",0,,,0,,,,,0
2026-06-06,2026-06-06,"Launch Sales campaign",inactive,,,,1000,Daily,0,0,0,Ongoing,"7-day click, 1-day view or 1-day engaged view",0,,,0,,,,,0
2026-06-05,2026-06-05,"Retargeting Sales campaign",active,,,,500,Daily,0,0,0,Ongoing,"7-day click, 1-day view or 1-day engaged view",0,,,0,,,,,0
2026-06-05,2026-06-05,Anarkali-And-Half-saree-JanviAika_Shopping_Ad_Campaign,active,,,,2000,Daily,0,0,0,Ongoing,"7-day click, 1-day view or 1-day engaged view",0,,,0,,,,,0
2026-06-05,2026-06-05,"Engagement campaign Janviaika Reels",active,,,,"Using ad set budget",0,0,0,0,Ongoing,"7-day click or 1-day view",0,,,0,,,,,0
2026-06-05,2026-06-05,"JanviAika_Shopping_Ad_Campaign – Lehenga_And_Long_Gowns",active,,,,1000,Daily,0,0,0,Ongoing,"7-day click, 1-day view or 1-day engaged view",0,,,0,,,,,0
2026-06-05,2026-06-05,"Hot Campaign for Website Visitors",active,,,,500,Daily,0,0,0,Ongoing,"7-day click, 1-day view or 1-day engaged view",0,,,0,,,,,0
2026-06-05,2026-06-05,JanviAika_Shopping_Ad_Campaign,active,,,,"Using ad set budget",0,0,0,0,Ongoing,"7-day click, 1-day view or 1-day engaged view",0,,,0,,,,,0
2026-06-05,2026-06-05,"Anarkali Set Whatsapp campaign",inactive,,,,500,Daily,0,0,0,Ongoing,"7-day click or 1-day view",0,,,0,,,,,0
2026-06-05,2026-06-05,"Trendy Green Bridal Couture Whatsapp campaign",archived,,,,500,Daily,0,0,0,2026-06-03,"7-day click or 1-day view",0,,,0,,,,,0
2026-06-05,2026-06-05,Dark-Pink-Lehenga-Whatsapp-campaign,archived,,,,500,Daily,0,0,0,2026-06-03,"7-day click or 1-day view",0,,,0,,,,,0
2026-06-05,2026-06-05,"Lehenga Set Whatsapp campaign",inactive,21,actions:onsite_conversion.messaging_conversation_started_7d,23.36,500,Daily,490.56,4536,3623,Ongoing,"7-day click or 1-day view",108.148148,4.9056,100,0,51,3971,102,26,1.987303
2026-06-05,2026-06-05,"Red Anarkali Engagement campaign",inactive,12062,video_thruplay_watched_actions,0.02690267,300,Daily,324.5,69868,69868,Ongoing,"7-day click or 1-day view",4.644472,0.026903,12062,0,5661,68278,13269,3067,0.400756
2026-06-05,2026-06-05,"Post: ""Who said lehengas are only for brides? ✨ """,inactive,,,,300,Daily,0,0,0,2026-05-28,"7-day click or 1-day view",0,,,0,,,,,0
2026-06-05,2026-06-05,"Post: ""Made for summer days, yet wrapped in  elegance 🌿✨ """,completed,,,,300,Daily,0,0,0,2026-05-28,"7-day click or 1-day view",0,,,0,,,,,0
2026-06-05,2026-06-05,"Black Half Saree Dress Campaign",inactive,,,,"Using ad set budget",0,0,0,0,Ongoing,"7-day click or 1-day view",0,,,0,,,,,0
2026-06-05,2026-06-05,"Lehenga post from Insta",inactive,9417,video_thruplay_watched_actions,0.03098333,"Using ad set budget",0,291.77,55377,53073,Ongoing,"7-day click or 1-day view",5.268794,0.030983,9417,0,8902,54632,11916,6355,0.163925
2026-06-05,2026-06-05,"FB Janviaika Video Campaign_English",inactive,,,,300,Daily,0,0,0,Ongoing,"7-day click or 1-day view",0,,,0,,,,,0
2026-06-05,2026-06-05,"Chudidhaar Advantage+ Shopping Campaign",inactive,,,,500,Daily,0,0,0,Ongoing,"7-day click, 1-day view or 1-day engaged view",0,,,0,,,,,0
2026-06-05,2026-06-05,"Advantage+ Shopping Campaign March",inactive,,,,500,Daily,0,0,0,Ongoing,"7-day click or 1-day view",0,,,0,,,,,0
2026-06-05,2026-06-05,"Model Engagement Video Campaign",inactive,,,,800,Daily,0,0,0,Ongoing,"Multiple attribution settings",0,,,0,,,,,0
2026-06-05,2026-06-05,"Launch Sales campaign",inactive,,,,1000,Daily,0,0,0,Ongoing,"7-day click, 1-day view or 1-day engaged view",0,,,0,,,,,0
2026-06-04,2026-06-04,"Retargeting Sales campaign",active,,,,500,Daily,0,0,0,Ongoing,"7-day click, 1-day view or 1-day engaged view",0,,,0,,,,,0
2026-06-04,2026-06-04,Anarkali-And-Half-saree-JanviAika_Shopping_Ad_Campaign,active,,,,2000,Daily,0,0,0,Ongoing,"7-day click, 1-day view or 1-day engaged view",0,,,0,,,,,0
2026-06-04,2026-06-04,"Engagement campaign Janviaika Reels",active,,,,"Using ad set budget",0,0,0,0,Ongoing,"7-day click or 1-day view",0,,,0,,,,,0
2026-06-04,2026-06-04,"JanviAika_Shopping_Ad_Campaign – Lehenga_And_Long_Gowns",active,,,,1000,Daily,0,0,0,Ongoing,"7-day click, 1-day view or 1-day engaged view",0,,,0,,,,,0
2026-06-04,2026-06-04,"Hot Campaign for Website Visitors",active,,,,500,Daily,0,0,0,Ongoing,"7-day click, 1-day view or 1-day engaged view",0,,,0,,,,,0
2026-06-04,2026-06-04,JanviAika_Shopping_Ad_Campaign,active,,,,"Using ad set budget",0,0,0,0,Ongoing,"7-day click, 1-day view or 1-day engaged view",0,,,0,,,,,0
2026-06-04,2026-06-04,"Anarkali Set Whatsapp campaign",inactive,,,,500,Daily,0,0,0,Ongoing,"7-day click or 1-day view",0,,,0,,,,,0
2026-06-04,2026-06-04,"Trendy Green Bridal Couture Whatsapp campaign",archived,,,,500,Daily,0,0,0,2026-06-03,"7-day click or 1-day view",0,,,0,,,,,0
2026-06-04,2026-06-04,Dark-Pink-Lehenga-Whatsapp-campaign,archived,,,,500,Daily,0,0,0,2026-06-03,"7-day click or 1-day view",0,,,0,,,,,0
2026-06-04,2026-06-04,"Lehenga Set Whatsapp campaign",inactive,36,actions:onsite_conversion.messaging_conversation_started_7d,15.32055556,500,Daily,551.54,9923,9206,Ongoing,"7-day click or 1-day view",55.581981,1.962776,281,0,224,8888,327,156,1.249185
2026-06-04,2026-06-04,"Red Anarkali Engagement campaign",inactive,11143,video_thruplay_watched_actions,0.02628287,300,Daily,292.87,65314,62904,Ongoing,"7-day click or 1-day view",4.484031,0.026283,11143,0,5353,63896,12294,2935,0.500763
2026-06-04,2026-06-04,"Post: ""Who said lehengas are only for brides? ✨ """,inactive,,,,300,Daily,0,0,0,2026-05-28,"7-day click or 1-day view",0,,,0,,,,,0
2026-06-04,2026-06-04,"Post: ""Made for summer days, yet wrapped in  elegance 🌿✨ """,completed,,,,300,Daily,0,0,0,2026-05-28,"7-day click or 1-day view",0,,,0,,,,,0
2026-06-04,2026-06-04,"Black Half Saree Dress Campaign",inactive,,,,"Using ad set budget",0,0,0,0,Ongoing,"7-day click or 1-day view",0,,,0,,,,,0
2026-06-04,2026-06-04,"Lehenga post from Insta",inactive,9414,video_thruplay_watched_actions,0.03060867,"Using ad set budget",0,288.15,48779,45481,Ongoing,"7-day click or 1-day view",5.907255,0.030609,9414,0,8891,48123,11502,6638,0.219872
2026-06-04,2026-06-04,"FB Janviaika Video Campaign_English",inactive,,,,300,Daily,0,0,0,Ongoing,"7-day click or 1-day view",0,,,0,,,,,0
2026-06-04,2026-06-04,"Chudidhaar Advantage+ Shopping Campaign",inactive,,,,500,Daily,0,0,0,Ongoing,"7-day click, 1-day view or 1-day engaged view",0,,,0,,,,,0
2026-06-04,2026-06-04,"Advantage+ Shopping Campaign March",inactive,,,,500,Daily,0,0,0,Ongoing,"7-day click or 1-day view",0,,,0,,,,,0
2026-06-04,2026-06-04,"Model Engagement Video Campaign",inactive,,,,800,Daily,0,0,0,Ongoing,"Multiple attribution settings",0,,,0,,,,,0
2026-06-04,2026-06-04,"Launch Sales campaign",inactive,,,,1000,Daily,0,0,0,Ongoing,"7-day click, 1-day view or 1-day engaged view",0,,,0,,,,,0
2026-06-03,2026-06-03,"Retargeting Sales campaign",active,,,,500,Daily,0,0,0,Ongoing,"7-day click, 1-day view or 1-day engaged view",0,,,0,,,,,0
2026-06-03,2026-06-03,Anarkali-And-Half-saree-JanviAika_Shopping_Ad_Campaign,active,,,,2000,Daily,0,0,0,Ongoing,"7-day click, 1-day view or 1-day engaged view",0,,,0,,,,,0
2026-06-03,2026-06-03,"Engagement campaign Janviaika Reels",active,,,,"Using ad set budget",0,0,0,0,Ongoing,"7-day click or 1-day view",0,,,0,,,,,0
2026-06-03,2026-06-03,"JanviAika_Shopping_Ad_Campaign – Lehenga_And_Long_Gowns",active,,,,1000,Daily,0,0,0,Ongoing,"7-day click, 1-day view or 1-day engaged view",0,,,0,,,,,0
2026-06-03,2026-06-03,"Hot Campaign for Website Visitors",active,,,,500,Daily,0,0,0,Ongoing,"7-day click, 1-day view or 1-day engaged view",0,,,0,,,,,0
2026-06-03,2026-06-03,JanviAika_Shopping_Ad_Campaign,active,,,,"Using ad set budget",0,0,0,0,Ongoing,"7-day click, 1-day view or 1-day engaged view",0,,,0,,,,,0
2026-06-03,2026-06-03,"Anarkali Set Whatsapp campaign",inactive,,,,500,Daily,0,0,0,Ongoing,"7-day click or 1-day view",0,,,0,,,,,0
2026-06-03,2026-06-03,"Trendy Green Bridal Couture Whatsapp campaign",archived,,,,500,Daily,7.26,97,96,2026-06-03,"7-day click or 1-day view",74.845361,7.26,1,0,1,93,1,1,2.083333
2026-06-03,2026-06-03,Dark-Pink-Lehenga-Whatsapp-campaign,archived,,,,500,Daily,0.03,6,6,2026-06-03,"7-day click or 1-day view",5,,,0,,6,,,0
2026-06-03,2026-06-03,"Lehenga Set Whatsapp campaign",inactive,20,actions:onsite_conversion.messaging_conversation_started_7d,26.574,500,Daily,531.48,6757,5738,Ongoing,"7-day click or 1-day view",78.656208,4.152188,128,1,102,6225,209,57,1.446497
2026-06-03,2026-06-03,"Red Anarkali Engagement campaign",inactive,14128,video_thruplay_watched_actions,0.02237472,300,Daily,316.11,77163,76469,Ongoing,"7-day click or 1-day view",4.096653,0.022375,14128,0,7590,74598,15375,4825,0.668245
2026-06-03,2026-06-03,"Post: ""Who said lehengas are only for brides? ✨ """,inactive,,,,300,Daily,0,0,0,2026-05-28,"7-day click or 1-day view",0,,,0,,,,,0
2026-06-03,2026-06-03,"Post: ""Made for summer days, yet wrapped in  elegance 🌿✨ """,completed,,,,300,Daily,0,0,0,2026-05-28,"7-day click or 1-day view",0,,,0,,,,,0
2026-06-03,2026-06-03,"Black Half Saree Dress Campaign",inactive,,,,"Using ad set budget",0,0,0,0,Ongoing,"7-day click or 1-day view",0,,,0,,,,,0
2026-06-03,2026-06-03,"Lehenga post from Insta",inactive,10506,video_thruplay_watched_actions,0.02717114,"Using ad set budget",0,285.46,68323,62738,Ongoing,"7-day click or 1-day view",4.178095,0.027171,10506,0,9815,67489,13565,6634,0.173738
2026-06-03,2026-06-03,"FB Janviaika Video Campaign_English",inactive,,,,300,Daily,0,0,0,Ongoing,"7-day click or 1-day view",0,,,0,,,,,0
2026-06-03,2026-06-03,"Chudidhaar Advantage+ Shopping Campaign",inactive,,,,500,Daily,0,0,0,Ongoing,"7-day click, 1-day view or 1-day engaged view",0,,,0,,,,,0
2026-06-03,2026-06-03,"Advantage+ Shopping Campaign March",inactive,,,,500,Daily,0,0,0,Ongoing,"7-day click or 1-day view",0,,,0,,,,,0
2026-06-03,2026-06-03,"Model Engagement Video Campaign",inactive,,,,800,Daily,0,0,0,Ongoing,"Multiple attribution settings",0,,,0,,,,,0
2026-06-03,2026-06-03,"Launch Sales campaign",inactive,,,,1000,Daily,0,0,0,Ongoing,"7-day click, 1-day view or 1-day engaged view",0,,,0,,,,,0
2026-06-02,2026-06-02,"Retargeting Sales campaign",active,,,,500,Daily,0,0,0,Ongoing,"7-day click, 1-day view or 1-day engaged view",0,,,0,,,,,0
2026-06-02,2026-06-02,Anarkali-And-Half-saree-JanviAika_Shopping_Ad_Campaign,active,,,,2000,Daily,0,0,0,Ongoing,"7-day click, 1-day view or 1-day engaged view",0,,,0,,,,,0
2026-06-02,2026-06-02,"Engagement campaign Janviaika Reels",active,,,,"Using ad set budget",0,0,0,0,Ongoing,"7-day click or 1-day view",0,,,0,,,,,0
2026-06-02,2026-06-02,"JanviAika_Shopping_Ad_Campaign – Lehenga_And_Long_Gowns",active,,,,1000,Daily,0,0,0,Ongoing,"7-day click, 1-day view or 1-day engaged view",0,,,0,,,,,0
2026-06-02,2026-06-02,"Hot Campaign for Website Visitors",active,,,,500,Daily,0,0,0,Ongoing,"7-day click, 1-day view or 1-day engaged view",0,,,0,,,,,0
2026-06-02,2026-06-02,JanviAika_Shopping_Ad_Campaign,active,,,,"Using ad set budget",0,0,0,0,Ongoing,"7-day click, 1-day view or 1-day engaged view",0,,,0,,,,,0
2026-06-02,2026-06-02,"Anarkali Set Whatsapp campaign",inactive,,,,500,Daily,0,0,0,Ongoing,"7-day click or 1-day view",0,,,0,,,,,0
2026-06-02,2026-06-02,"Trendy Green Bridal Couture Whatsapp campaign",archived,,,,500,Daily,0,0,0,2026-06-03,"7-day click or 1-day view",0,,,0,,,,,0
2026-06-02,2026-06-02,Dark-Pink-Lehenga-Whatsapp-campaign,archived,,,,500,Daily,0,0,0,2026-06-03,"7-day click or 1-day view",0,,,0,,,,,0
2026-06-02,2026-06-02,"Lehenga Set Whatsapp campaign",inactive,32,actions:onsite_conversion.messaging_conversation_started_7d,15.6575,500,Daily,501.04,5828,4751,Ongoing,"7-day click or 1-day view",85.971174,4.246102,118,1,110,5426,216,67,2.33635
2026-06-02,2026-06-02,"Red Anarkali Engagement campaign",inactive,13239,video_thruplay_watched_actions,0.02401088,300,Daily,317.88,75572,72131,Ongoing,"7-day click or 1-day view",4.20632,0.024011,13239,0,5672,74154,14689,2779,0.349364
2026-06-02,2026-06-02,"Post: ""Who said lehengas are only for brides? ✨ """,inactive,,,,300,Daily,0,0,0,2026-05-28,"7-day click or 1-day view",0,,,0,,,,,0
2026-06-02,2026-06-02,"Post: ""Made for summer days, yet wrapped in  elegance 🌿✨ """,completed,,,,300,Daily,0,0,0,2026-05-28,"7-day click or 1-day view",0,,,0,,,,,0
2026-06-02,2026-06-02,"Black Half Saree Dress Campaign",inactive,,,,"Using ad set budget",0,0,0,0,Ongoing,"7-day click or 1-day view",0,,,0,,,,,0
2026-06-02,2026-06-02,"Lehenga post from Insta",inactive,10480,video_thruplay_watched_actions,0.02810305,"Using ad set budget",0,294.52,74224,68305,Ongoing,"7-day click or 1-day view",3.967989,0.028103,10480,0,9639,73282,14089,6065,0.168362
2026-06-02,2026-06-02,"FB Janviaika Video Campaign_English",inactive,,,,300,Daily,0,0,0,Ongoing,"7-day click or 1-day view",0,,,0,,,,,0
2026-06-02,2026-06-02,"Chudidhaar Advantage+ Shopping Campaign",inactive,,,,500,Daily,0,0,0,Ongoing,"7-day click, 1-day view or 1-day engaged view",0,,,0,,,,,0
2026-06-02,2026-06-02,"Advantage+ Shopping Campaign March",inactive,,,,500,Daily,0,0,0,Ongoing,"7-day click or 1-day view",0,,,0,,,,,0
2026-06-02,2026-06-02,"Model Engagement Video Campaign",inactive,,,,800,Daily,0,0,0,Ongoing,"Multiple attribution settings",0,,,0,,,,,0
2026-06-02,2026-06-02,"Launch Sales campaign",inactive,,,,1000,Daily,0,0,0,Ongoing,"7-day click, 1-day view or 1-day engaged view",0,,,0,,,,,0
2026-06-01,2026-06-01,"Retargeting Sales campaign",active,,,,500,Daily,0,0,0,Ongoing,"7-day click, 1-day view or 1-day engaged view",0,,,0,,,,,0
2026-06-01,2026-06-01,Anarkali-And-Half-saree-JanviAika_Shopping_Ad_Campaign,active,,,,2000,Daily,0,0,0,Ongoing,"7-day click, 1-day view or 1-day engaged view",0,,,0,,,,,0
2026-06-01,2026-06-01,"Engagement campaign Janviaika Reels",active,,,,"Using ad set budget",0,0,0,0,Ongoing,"7-day click or 1-day view",0,,,0,,,,,0
2026-06-01,2026-06-01,"JanviAika_Shopping_Ad_Campaign – Lehenga_And_Long_Gowns",active,,,,1000,Daily,0,0,0,Ongoing,"7-day click, 1-day view or 1-day engaged view",0,,,0,,,,,0
2026-06-01,2026-06-01,"Hot Campaign for Website Visitors",active,,,,500,Daily,0,0,0,Ongoing,"7-day click, 1-day view or 1-day engaged view",0,,,0,,,,,0
2026-06-01,2026-06-01,JanviAika_Shopping_Ad_Campaign,active,,,,"Using ad set budget",0,0,0,0,Ongoing,"7-day click, 1-day view or 1-day engaged view",0,,,0,,,,,0
2026-06-01,2026-06-01,"Anarkali Set Whatsapp campaign",inactive,,,,500,Daily,0,0,0,Ongoing,"7-day click or 1-day view",0,,,0,,,,,0
2026-06-01,2026-06-01,"Trendy Green Bridal Couture Whatsapp campaign",archived,,,,500,Daily,0,0,0,2026-06-03,"7-day click or 1-day view",0,,,0,,,,,0
2026-06-01,2026-06-01,Dark-Pink-Lehenga-Whatsapp-campaign,archived,,,,500,Daily,0,0,0,2026-06-03,"7-day click or 1-day view",0,,,0,,,,,0
2026-06-01,2026-06-01,"Lehenga Set Whatsapp campaign",inactive,44,actions:onsite_conversion.messaging_conversation_started_7d,16.29704545,500,Daily,717.07,9679,8233,Ongoing,"7-day click or 1-day view",74.085133,4.293832,167,0,145,9031,327,91,1.639743
2026-06-01,2026-06-01,"Red Anarkali Engagement campaign",inactive,14291,video_thruplay_watched_actions,0.02506683,300,Daily,358.23,82809,78222,Ongoing,"7-day click or 1-day view",4.325979,0.025067,14291,0,6453,81490,15834,3213,0.337501
2026-06-01,2026-06-01,"Post: ""Who said lehengas are only for brides? ✨ """,inactive,,,,300,Daily,0,0,0,2026-05-28,"7-day click or 1-day view",0,,,0,,,,,0
2026-06-01,2026-06-01,"Post: ""Made for summer days, yet wrapped in  elegance 🌿✨ """,completed,,,,300,Daily,0,0,0,2026-05-28,"7-day click or 1-day view",0,,,0,,,,,0
2026-06-01,2026-06-01,"Black Half Saree Dress Campaign",inactive,,,,"Using ad set budget",0,0,0,0,Ongoing,"7-day click or 1-day view",0,,,0,,,,,0
2026-06-01,2026-06-01,"Lehenga post from Insta",inactive,10379,video_thruplay_watched_actions,0.02898545,"Using ad set budget",0,300.84,72208,62868,Ongoing,"7-day click or 1-day view",4.166297,0.028985,10379,0,9566,71425,13852,6148,0.202011
2026-06-01,2026-06-01,"FB Janviaika Video Campaign_English",inactive,,,,300,Daily,0,0,0,Ongoing,"7-day click or 1-day view",0,,,0,,,,,0
2026-06-01,2026-06-01,"Chudidhaar Advantage+ Shopping Campaign",inactive,,,,500,Daily,0,0,0,Ongoing,"7-day click, 1-day view or 1-day engaged view",0,,,0,,,,,0
2026-06-01,2026-06-01,"Advantage+ Shopping Campaign March",inactive,,,,500,Daily,0,0,0,Ongoing,"7-day click or 1-day view",0,,,0,,,,,0
2026-06-01,2026-06-01,"Model Engagement Video Campaign",inactive,,,,800,Daily,0,0,0,Ongoing,"Multiple attribution settings",0,,,0,,,,,0
2026-06-01,2026-06-01,"Launch Sales campaign",inactive,,,,1000,Daily,0,0,0,Ongoing,"7-day click, 1-day view or 1-day engaged view",0,,,0,,,,,0
2026-05-31,2026-05-31,"Retargeting Sales campaign",active,,,,500,Daily,0,0,0,Ongoing,"7-day click, 1-day view or 1-day engaged view",0,,,0,,,,,0
2026-05-31,2026-05-31,Anarkali-And-Half-saree-JanviAika_Shopping_Ad_Campaign,active,,,,2000,Daily,0,0,0,Ongoing,"7-day click, 1-day view or 1-day engaged view",0,,,0,,,,,0
2026-05-31,2026-05-31,"Engagement campaign Janviaika Reels",active,,,,"Using ad set budget",0,0,0,0,Ongoing,"7-day click or 1-day view",0,,,0,,,,,0
2026-05-31,2026-05-31,"JanviAika_Shopping_Ad_Campaign – Lehenga_And_Long_Gowns",active,,,,1000,Daily,0,0,0,Ongoing,"7-day click, 1-day view or 1-day engaged view",0,,,0,,,,,0
2026-05-31,2026-05-31,"Hot Campaign for Website Visitors",active,,,,500,Daily,0,0,0,Ongoing,"7-day click, 1-day view or 1-day engaged view",0,,,0,,,,,0
2026-05-31,2026-05-31,JanviAika_Shopping_Ad_Campaign,active,,,,"Using ad set budget",0,0,0,0,Ongoing,"7-day click, 1-day view or 1-day engaged view",0,,,0,,,,,0
2026-05-31,2026-05-31,"Anarkali Set Whatsapp campaign",inactive,,,,500,Daily,0,0,0,Ongoing,"7-day click or 1-day view",0,,,0,,,,,0
2026-05-31,2026-05-31,"Trendy Green Bridal Couture Whatsapp campaign",archived,,,,500,Daily,0,0,0,2026-06-03,"7-day click or 1-day view",0,,,0,,,,,0
2026-05-31,2026-05-31,Dark-Pink-Lehenga-Whatsapp-campaign,archived,,,,500,Daily,0,0,0,2026-06-03,"7-day click or 1-day view",0,,,0,,,,,0
2026-05-31,2026-05-31,"Lehenga Set Whatsapp campaign",inactive,21,actions:onsite_conversion.messaging_conversation_started_7d,15.95,500,Daily,334.95,5248,4573,Ongoing,"7-day click or 1-day view",63.824314,3.894767,86,0,83,4849,148,45,1.486989
2026-05-31,2026-05-31,"Red Anarkali Engagement campaign",inactive,5441,video_thruplay_watched_actions,0.03005514,300,Daily,163.53,33891,33406,Ongoing,"7-day click or 1-day view",4.825175,0.030055,5441,0,2443,33292,6054,1190,0.314315
2026-05-31,2026-05-31,"Post: ""Who said lehengas are only for brides? ✨ """,inactive,,,,300,Daily,0,0,0,2026-05-28,"7-day click or 1-day view",0,,,0,,,,,0
2026-05-31,2026-05-31,"Post: ""Made for summer days, yet wrapped in  elegance 🌿✨ """,completed,,,,300,Daily,0,0,0,2026-05-28,"7-day click or 1-day view",0,,,0,,,,,0
2026-05-31,2026-05-31,"Black Half Saree Dress Campaign",inactive,,,,"Using ad set budget",0,0,0,0,Ongoing,"7-day click or 1-day view",0,,,0,,,,,0
2026-05-31,2026-05-31,"Lehenga post from Insta",inactive,7489,video_thruplay_watched_actions,0.04045934,"Using ad set budget",0,303,50007,45624,Ongoing,"7-day click or 1-day view",6.059152,0.040459,7489,0,7072,48501,9474,5118,0.212607
2026-05-31,2026-05-31,"FB Janviaika Video Campaign_English",inactive,,,,300,Daily,0,0,0,Ongoing,"7-day click or 1-day view",0,,,0,,,,,0
2026-05-31,2026-05-31,"Chudidhaar Advantage+ Shopping Campaign",inactive,,,,500,Daily,0,0,0,Ongoing,"7-day click, 1-day view or 1-day engaged view",0,,,0,,,,,0
2026-05-31,2026-05-31,"Advantage+ Shopping Campaign March",inactive,,,,500,Daily,0,0,0,Ongoing,"7-day click or 1-day view",0,,,0,,,,,0
2026-05-31,2026-05-31,"Model Engagement Video Campaign",inactive,,,,800,Daily,0,0,0,Ongoing,"Multiple attribution settings",0,,,0,,,,,0
2026-05-31,2026-05-31,"Launch Sales campaign",inactive,,,,1000,Daily,0,0,0,Ongoing,"7-day click, 1-day view or 1-day engaged view",0,,,0,,,,,0
2026-05-30,2026-05-30,"Retargeting Sales campaign",active,,,,500,Daily,0,0,0,Ongoing,"7-day click, 1-day view or 1-day engaged view",0,,,0,,,,,0
2026-05-30,2026-05-30,Anarkali-And-Half-saree-JanviAika_Shopping_Ad_Campaign,active,,,,2000,Daily,0,0,0,Ongoing,"7-day click, 1-day view or 1-day engaged view",0,,,0,,,,,0
2026-05-30,2026-05-30,"Engagement campaign Janviaika Reels",active,,,,"Using ad set budget",0,0,0,0,Ongoing,"7-day click or 1-day view",0,,,0,,,,,0
2026-05-30,2026-05-30,"JanviAika_Shopping_Ad_Campaign – Lehenga_And_Long_Gowns",active,,,,1000,Daily,0,0,0,Ongoing,"7-day click, 1-day view or 1-day engaged view",0,,,0,,,,,0
2026-05-30,2026-05-30,"Hot Campaign for Website Visitors",active,,,,500,Daily,0,0,0,Ongoing,"7-day click, 1-day view or 1-day engaged view",0,,,0,,,,,0
2026-05-30,2026-05-30,JanviAika_Shopping_Ad_Campaign,active,,,,"Using ad set budget",0,0,0,0,Ongoing,"7-day click, 1-day view or 1-day engaged view",0,,,0,,,,,0
2026-05-30,2026-05-30,"Anarkali Set Whatsapp campaign",inactive,,,,500,Daily,0,0,0,Ongoing,"7-day click or 1-day view",0,,,0,,,,,0
2026-05-30,2026-05-30,"Trendy Green Bridal Couture Whatsapp campaign",archived,,,,500,Daily,0,0,0,2026-06-03,"7-day click or 1-day view",0,,,0,,,,,0
2026-05-30,2026-05-30,Dark-Pink-Lehenga-Whatsapp-campaign,archived,,,,500,Daily,0,0,0,2026-06-03,"7-day click or 1-day view",0,,,0,,,,,0
2026-05-30,2026-05-30,"Lehenga Set Whatsapp campaign",inactive,31,actions:onsite_conversion.messaging_conversation_started_7d,22.50709677,500,Daily,697.72,11042,8589,Ongoing,"7-day click or 1-day view",63.187828,3.919775,178,0,161,10166,350,84,1.315636
2026-05-30,2026-05-30,"Red Anarkali Engagement campaign",inactive,10415,video_thruplay_watched_actions,0.03030341,300,Daily,315.61,63101,62326,Ongoing,"7-day click or 1-day view",5.001664,0.030303,10415,0,4748,62205,11582,2319,0.308058
2026-05-30,2026-05-30,"Post: ""Who said lehengas are only for brides? ✨ """,inactive,,,,300,Daily,0,0,0,2026-05-28,"7-day click or 1-day view",0,,,0,,,,,0
2026-05-30,2026-05-30,"Post: ""Made for summer days, yet wrapped in  elegance 🌿✨ """,completed,,,,300,Daily,0,0,0,2026-05-28,"7-day click or 1-day view",0,,,0,,,,,0
2026-05-30,2026-05-30,"Black Half Saree Dress Campaign",inactive,,,,"Using ad set budget",0,0,0,0,Ongoing,"7-day click or 1-day view",0,,,0,,,,,0
2026-05-30,2026-05-30,"Lehenga post from Insta",inactive,10062,video_thruplay_watched_actions,0.03771815,"Using ad set budget",0,379.52,71849,63667,Ongoing,"7-day click or 1-day view",5.282189,0.037718,10062,0,9349,71014,13442,6092,0.191622
2026-05-30,2026-05-30,"FB Janviaika Video Campaign_English",inactive,,,,300,Daily,0,0,0,Ongoing,"7-day click or 1-day view",0,,,0,,,,,0
2026-05-30,2026-05-30,"Chudidhaar Advantage+ Shopping Campaign",inactive,,,,500,Daily,0,0,0,Ongoing,"7-day click, 1-day view or 1-day engaged view",0,,,0,,,,,0
2026-05-30,2026-05-30,"Advantage+ Shopping Campaign March",inactive,,,,500,Daily,0,0,0,Ongoing,"7-day click or 1-day view",0,,,0,,,,,0
2026-05-30,2026-05-30,"Model Engagement Video Campaign",inactive,,,,800,Daily,0,0,0,Ongoing,"Multiple attribution settings",0,,,0,,,,,0
2026-05-30,2026-05-30,"Launch Sales campaign",inactive,,,,1000,Daily,0,0,0,Ongoing,"7-day click, 1-day view or 1-day engaged view",0,,,0,,,,,0
2026-05-29,2026-05-29,"Retargeting Sales campaign",active,,,,500,Daily,0,0,0,Ongoing,"7-day click, 1-day view or 1-day engaged view",0,,,0,,,,,0
2026-05-29,2026-05-29,Anarkali-And-Half-saree-JanviAika_Shopping_Ad_Campaign,active,,,,2000,Daily,0,0,0,Ongoing,"7-day click, 1-day view or 1-day engaged view",0,,,0,,,,,0
2026-05-29,2026-05-29,"Engagement campaign Janviaika Reels",active,,,,"Using ad set budget",0,0,0,0,Ongoing,"7-day click or 1-day view",0,,,0,,,,,0
2026-05-29,2026-05-29,"JanviAika_Shopping_Ad_Campaign – Lehenga_And_Long_Gowns",active,,,,1000,Daily,0,0,0,Ongoing,"7-day click, 1-day view or 1-day engaged view",0,,,0,,,,,0
2026-05-29,2026-05-29,"Hot Campaign for Website Visitors",active,,,,500,Daily,0,0,0,Ongoing,"7-day click, 1-day view or 1-day engaged view",0,,,0,,,,,0
2026-05-29,2026-05-29,JanviAika_Shopping_Ad_Campaign,active,,,,"Using ad set budget",0,0,0,0,Ongoing,"7-day click, 1-day view or 1-day engaged view",0,,,0,,,,,0
2026-05-29,2026-05-29,"Anarkali Set Whatsapp campaign",inactive,,,,500,Daily,0,0,0,Ongoing,"7-day click or 1-day view",0,,,0,,,,,0
2026-05-29,2026-05-29,"Trendy Green Bridal Couture Whatsapp campaign",archived,,,,500,Daily,0,0,0,2026-06-03,"7-day click or 1-day view",0,,,0,,,,,0
2026-05-29,2026-05-29,Dark-Pink-Lehenga-Whatsapp-campaign,archived,,,,500,Daily,0,0,0,2026-06-03,"7-day click or 1-day view",0,,,0,,,,,0
2026-05-29,2026-05-29,"Lehenga Set Whatsapp campaign",inactive,16,actions:onsite_conversion.messaging_conversation_started_7d,27.86375,500,Daily,445.82,5939,4815,Ongoing,"7-day click or 1-day view",75.06651,3.778136,118,2,102,5544,207,58,1.661475
2026-05-29,2026-05-29,"Red Anarkali Engagement campaign",inactive,9891,video_thruplay_watched_actions,0.03041047,300,Daily,300.79,56434,56218,Ongoing,"7-day click or 1-day view",5.329943,0.03041,9891,0,4384,55782,11076,2138,0.247252
2026-05-29,2026-05-29,"Post: ""Who said lehengas are only for brides? ✨ """,inactive,,,,300,Daily,0,0,0,2026-05-28,"7-day click or 1-day view",0,,,0,,,,,0
2026-05-29,2026-05-29,"Post: ""Made for summer days, yet wrapped in  elegance 🌿✨ """,completed,,,,300,Daily,0,0,0,2026-05-28,"7-day click or 1-day view",0,,,0,,,,,0
2026-05-29,2026-05-29,"Black Half Saree Dress Campaign",inactive,,,,"Using ad set budget",0,0,0,0,Ongoing,"7-day click or 1-day view",0,,,0,,,,,0
2026-05-29,2026-05-29,"Lehenga post from Insta",inactive,9546,video_thruplay_watched_actions,0.0354955,"Using ad set budget",0,338.84,72336,64040,Ongoing,"7-day click or 1-day view",4.684251,0.035496,9546,0,8833,71477,12869,5543,0.198314
2026-05-29,2026-05-29,"FB Janviaika Video Campaign_English",inactive,,,,300,Daily,0,0,0,Ongoing,"7-day click or 1-day view",0,,,0,,,,,0
2026-05-29,2026-05-29,"Chudidhaar Advantage+ Shopping Campaign",inactive,,,,500,Daily,0,0,0,Ongoing,"7-day click, 1-day view or 1-day engaged view",0,,,0,,,,,0
2026-05-29,2026-05-29,"Advantage+ Shopping Campaign March",inactive,,,,500,Daily,0,0,0,Ongoing,"7-day click or 1-day view",0,,,0,,,,,0
2026-05-29,2026-05-29,"Model Engagement Video Campaign",inactive,,,,800,Daily,0,0,0,Ongoing,"Multiple attribution settings",0,,,0,,,,,0
2026-05-29,2026-05-29,"Launch Sales campaign",inactive,,,,1000,Daily,0,0,0,Ongoing,"7-day click, 1-day view or 1-day engaged view",0,,,0,,,,,0
2026-05-28,2026-05-28,"Retargeting Sales campaign",active,,,,500,Daily,0,0,0,Ongoing,"7-day click, 1-day view or 1-day engaged view",0,,,0,,,,,0
2026-05-28,2026-05-28,Anarkali-And-Half-saree-JanviAika_Shopping_Ad_Campaign,active,,,,2000,Daily,0,0,0,Ongoing,"7-day click, 1-day view or 1-day engaged view",0,,,0,,,,,0
2026-05-28,2026-05-28,"Engagement campaign Janviaika Reels",active,,,,"Using ad set budget",0,0,0,0,Ongoing,"7-day click or 1-day view",0,,,0,,,,,0
2026-05-28,2026-05-28,"JanviAika_Shopping_Ad_Campaign – Lehenga_And_Long_Gowns",active,,,,1000,Daily,0,0,0,Ongoing,"7-day click, 1-day view or 1-day engaged view",0,,,0,,,,,0
2026-05-28,2026-05-28,"Hot Campaign for Website Visitors",active,,,,500,Daily,0,0,0,Ongoing,"7-day click, 1-day view or 1-day engaged view",0,,,0,,,,,0
2026-05-28,2026-05-28,JanviAika_Shopping_Ad_Campaign,active,,,,"Using ad set budget",0,0,0,0,Ongoing,"7-day click, 1-day view or 1-day engaged view",0,,,0,,,,,0
2026-05-28,2026-05-28,"Anarkali Set Whatsapp campaign",inactive,,,,500,Daily,0,0,0,Ongoing,"7-day click or 1-day view",0,,,0,,,,,0
2026-05-28,2026-05-28,"Trendy Green Bridal Couture Whatsapp campaign",archived,,,,500,Daily,0,0,0,2026-06-03,"7-day click or 1-day view",0,,,0,,,,,0
2026-05-28,2026-05-28,Dark-Pink-Lehenga-Whatsapp-campaign,archived,,,,500,Daily,0,0,0,2026-06-03,"7-day click or 1-day view",0,,,0,,,,,0
2026-05-28,2026-05-28,"Lehenga Set Whatsapp campaign",inactive,19,actions:onsite_conversion.messaging_conversation_started_7d,16.83473684,500,Daily,319.86,3624,2907,Ongoing,"7-day click or 1-day view",88.261589,4.322432,74,0,64,3362,123,34,2.063983
2026-05-28,2026-05-28,"Red Anarkali Engagement campaign",inactive,9565,video_thruplay_watched_actions,0.02659592,300,Daily,254.39,55219,54522,Ongoing,"7-day click or 1-day view",4.606929,0.026596,9565,0,4384,54623,10663,2142,0.236602
2026-05-28,2026-05-28,"Post: ""Who said lehengas are only for brides? ✨ """,inactive,,,,300,Daily,0,0,0,2026-05-28,"7-day click or 1-day view",0,,,0,,,,,0
2026-05-28,2026-05-28,"Post: ""Made for summer days, yet wrapped in  elegance 🌿✨ """,completed,4663,video_thruplay_watched_actions,0.04702123,300,Daily,219.26,34763,32946,2026-05-28,"7-day click or 1-day view",6.307281,0.047021,4663,0,3133,34239,5907,1941,0.270139
2026-05-28,2026-05-28,"Black Half Saree Dress Campaign",inactive,2,actions:onsite_conversion.messaging_conversation_started_7d,0,"Using ad set budget",0,0,0,0,Ongoing,"7-day click or 1-day view",0,,,0,,,,,0
2026-05-28,2026-05-28,"Lehenga post from Insta",inactive,7218,video_thruplay_watched_actions,0.03809504,"Using ad set budget",0,274.97,53612,48146,Ongoing,"7-day click or 1-day view",5.128889,0.038095,7218,0,6616,52911,9721,4207,0.238857
2026-05-28,2026-05-28,"FB Janviaika Video Campaign_English",inactive,,,,300,Daily,0,0,0,Ongoing,"7-day click or 1-day view",0,,,0,,,,,0
2026-05-28,2026-05-28,"Chudidhaar Advantage+ Shopping Campaign",inactive,,,,500,Daily,0,0,0,Ongoing,"7-day click, 1-day view or 1-day engaged view",0,,,0,,,,,0
2026-05-28,2026-05-28,"Advantage+ Shopping Campaign March",inactive,,,,500,Daily,0,0,0,Ongoing,"7-day click or 1-day view",0,,,0,,,,,0
2026-05-28,2026-05-28,"Model Engagement Video Campaign",inactive,,,,800,Daily,0,0,0,Ongoing,"Multiple attribution settings",0,,,0,,,,,0
2026-05-28,2026-05-28,"Launch Sales campaign",inactive,,,,1000,Daily,0,0,0,Ongoing,"7-day click, 1-day view or 1-day engaged view",0,,,0,,,,,0
2026-05-27,2026-05-27,"Retargeting Sales campaign",active,,,,500,Daily,0,0,0,Ongoing,"7-day click, 1-day view or 1-day engaged view",0,,,0,,,,,0
2026-05-27,2026-05-27,Anarkali-And-Half-saree-JanviAika_Shopping_Ad_Campaign,active,,,,2000,Daily,0,0,0,Ongoing,"7-day click, 1-day view or 1-day engaged view",0,,,0,,,,,0
2026-05-27,2026-05-27,"Engagement campaign Janviaika Reels",active,,,,"Using ad set budget",0,0,0,0,Ongoing,"7-day click or 1-day view",0,,,0,,,,,0
2026-05-27,2026-05-27,"JanviAika_Shopping_Ad_Campaign – Lehenga_And_Long_Gowns",active,,,,1000,Daily,0,0,0,Ongoing,"7-day click, 1-day view or 1-day engaged view",0,,,0,,,,,0
2026-05-27,2026-05-27,"Hot Campaign for Website Visitors",active,,,,500,Daily,0,0,0,Ongoing,"7-day click, 1-day view or 1-day engaged view",0,,,0,,,,,0
2026-05-27,2026-05-27,JanviAika_Shopping_Ad_Campaign,active,,,,"Using ad set budget",0,0,0,0,Ongoing,"7-day click, 1-day view or 1-day engaged view",0,,,0,,,,,0
2026-05-27,2026-05-27,"Anarkali Set Whatsapp campaign",inactive,,,,500,Daily,0,0,0,Ongoing,"7-day click or 1-day view",0,,,0,,,,,0
2026-05-27,2026-05-27,"Trendy Green Bridal Couture Whatsapp campaign",archived,,,,500,Daily,0,0,0,2026-06-03,"7-day click or 1-day view",0,,,0,,,,,0
2026-05-27,2026-05-27,Dark-Pink-Lehenga-Whatsapp-campaign,archived,,,,500,Daily,0,0,0,2026-06-03,"7-day click or 1-day view",0,,,0,,,,,0
2026-05-27,2026-05-27,"Lehenga Set Whatsapp campaign",inactive,24,actions:onsite_conversion.messaging_conversation_started_7d,18.53625,500,Daily,444.87,6164,4988,Ongoing,"7-day click or 1-day view",72.172291,3.802308,117,0,113,5766,202,63,1.403368
2026-05-27,2026-05-27,"Red Anarkali Engagement campaign",inactive,10654,video_thruplay_watched_actions,0.02949315,300,Daily,314.22,61512,59550,Ongoing,"7-day click or 1-day view",5.108272,0.029493,10654,0,4884,60714,11897,2402,0.236776
2026-05-27,2026-05-27,"Post: ""Who said lehengas are only for brides? ✨ """,inactive,,,,300,Daily,0,0,0,2026-05-28,"7-day click or 1-day view",0,,,0,,,,,0
2026-05-27,2026-05-27,"Post: ""Made for summer days, yet wrapped in  elegance 🌿✨ """,completed,7661,video_thruplay_watched_actions,0.04297742,300,Daily,329.25,55699,55699,2026-05-28,"7-day click or 1-day view",5.911237,0.042977,7661,0,5130,54671,9634,3125,0.249556
2026-05-27,2026-05-27,"Black Half Saree Dress Campaign",inactive,,,,"Using ad set budget",0,0,0,0,Ongoing,"7-day click or 1-day view",0,,,0,,,,,0
2026-05-27,2026-05-27,"Lehenga post from Insta",inactive,8503,video_thruplay_watched_actions,0.03520287,"Using ad set budget",0,299.33,61475,56266,Ongoing,"7-day click or 1-day view",4.869134,0.035203,8503,0,7871,60765,11336,5042,0.220382
2026-05-27,2026-05-27,"FB Janviaika Video Campaign_English",inactive,,,,300,Daily,0,0,0,Ongoing,"7-day click or 1-day view",0,,,0,,,,,0
2026-05-27,2026-05-27,"Chudidhaar Advantage+ Shopping Campaign",inactive,,,,500,Daily,0,0,0,Ongoing,"7-day click, 1-day view or 1-day engaged view",0,,,0,,,,,0
2026-05-27,2026-05-27,"Advantage+ Shopping Campaign March",inactive,,,,500,Daily,0,0,0,Ongoing,"7-day click or 1-day view",0,,,0,,,,,0
2026-05-27,2026-05-27,"Model Engagement Video Campaign",inactive,,,,800,Daily,0,0,0,Ongoing,"Multiple attribution settings",0,,,0,,,,,0
2026-05-27,2026-05-27,"Launch Sales campaign",inactive,,,,1000,Daily,0,0,0,Ongoing,"7-day click, 1-day view or 1-day engaged view",0,,,0,,,,,0
2026-05-26,2026-05-26,"Retargeting Sales campaign",active,,,,500,Daily,0,0,0,Ongoing,"7-day click, 1-day view or 1-day engaged view",0,,,0,,,,,0
2026-05-26,2026-05-26,Anarkali-And-Half-saree-JanviAika_Shopping_Ad_Campaign,active,,,,2000,Daily,0,0,0,Ongoing,"7-day click, 1-day view or 1-day engaged view",0,,,0,,,,,0
2026-05-26,2026-05-26,"Engagement campaign Janviaika Reels",active,,,,"Using ad set budget",0,0,0,0,Ongoing,"7-day click or 1-day view",0,,,0,,,,,0
2026-05-26,2026-05-26,"JanviAika_Shopping_Ad_Campaign – Lehenga_And_Long_Gowns",active,,,,1000,Daily,0,0,0,Ongoing,"7-day click, 1-day view or 1-day engaged view",0,,,0,,,,,0
2026-05-26,2026-05-26,"Hot Campaign for Website Visitors",active,,,,500,Daily,0,0,0,Ongoing,"7-day click, 1-day view or 1-day engaged view",0,,,0,,,,,0
2026-05-26,2026-05-26,JanviAika_Shopping_Ad_Campaign,active,,,,"Using ad set budget",0,0,0,0,Ongoing,"7-day click, 1-day view or 1-day engaged view",0,,,0,,,,,0
2026-05-26,2026-05-26,"Anarkali Set Whatsapp campaign",inactive,,,,500,Daily,0,0,0,Ongoing,"7-day click or 1-day view",0,,,0,,,,,0
2026-05-26,2026-05-26,"Trendy Green Bridal Couture Whatsapp campaign",archived,,,,500,Daily,0,0,0,2026-06-03,"7-day click or 1-day view",0,,,0,,,,,0
2026-05-26,2026-05-26,Dark-Pink-Lehenga-Whatsapp-campaign,archived,,,,500,Daily,0,0,0,2026-06-03,"7-day click or 1-day view",0,,,0,,,,,0
2026-05-26,2026-05-26,"Lehenga Set Whatsapp campaign",inactive,12,actions:onsite_conversion.messaging_conversation_started_7d,24.82833333,500,Daily,297.94,5292,4864,Ongoing,"7-day click or 1-day view",56.300076,4.196338,71,1,69,4968,137,38,0.801809
2026-05-26,2026-05-26,"Red Anarkali Engagement campaign",inactive,9975,video_thruplay_watched_actions,0.03195388,300,Daily,318.74,61238,60204,Ongoing,"7-day click or 1-day view",5.204938,0.031954,9975,0,4558,60364,11169,2306,0.21261
2026-05-26,2026-05-26,"Post: ""Who said lehengas are only for brides? ✨ """,inactive,,,,300,Daily,0,0,0,2026-05-28,"7-day click or 1-day view",0,,,0,,,,,0
2026-05-26,2026-05-26,"Post: ""Made for summer days, yet wrapped in  elegance 🌿✨ """,completed,7651,video_thruplay_watched_actions,0.04231212,300,Daily,323.73,55402,52304,2026-05-28,"7-day click or 1-day view",5.843291,0.042312,7651,1,5010,54323,9601,3035,0.227516
2026-05-26,2026-05-26,"Black Half Saree Dress Campaign",inactive,,,,"Using ad set budget",0,0,0,0,Ongoing,"7-day click or 1-day view",0,,,0,,,,,0
2026-05-26,2026-05-26,"Lehenga post from Insta",inactive,8962,video_thruplay_watched_actions,0.03393662,"Using ad set budget",0,304.14,64459,58302,Ongoing,"7-day click or 1-day view",4.718348,0.033937,8962,0,8322,63594,12008,5208,0.166375
2026-05-26,2026-05-26,"FB Janviaika Video Campaign_English",inactive,,,,300,Daily,0,0,0,Ongoing,"7-day click or 1-day view",0,,,0,,,,,0
2026-05-26,2026-05-26,"Chudidhaar Advantage+ Shopping Campaign",inactive,,,,500,Daily,0,0,0,Ongoing,"7-day click, 1-day view or 1-day engaged view",0,,,0,,,,,0
2026-05-26,2026-05-26,"Advantage+ Shopping Campaign March",inactive,,,,500,Daily,0,0,0,Ongoing,"7-day click or 1-day view",0,,,0,,,,,0
2026-05-26,2026-05-26,"Model Engagement Video Campaign",inactive,,,,800,Daily,0,0,0,Ongoing,"Multiple attribution settings",0,,,0,,,,,0
2026-05-26,2026-05-26,"Launch Sales campaign",inactive,,,,1000,Daily,0,0,0,Ongoing,"7-day click, 1-day view or 1-day engaged view",0,,,0,,,,,0
2026-05-25,2026-05-25,"Retargeting Sales campaign",active,,,,500,Daily,0,0,0,Ongoing,"7-day click, 1-day view or 1-day engaged view",0,,,0,,,,,0
2026-05-25,2026-05-25,Anarkali-And-Half-saree-JanviAika_Shopping_Ad_Campaign,active,,,,2000,Daily,0,0,0,Ongoing,"7-day click, 1-day view or 1-day engaged view",0,,,0,,,,,0
2026-05-25,2026-05-25,"Engagement campaign Janviaika Reels",active,,,,"Using ad set budget",0,0,0,0,Ongoing,"7-day click or 1-day view",0,,,0,,,,,0
2026-05-25,2026-05-25,"JanviAika_Shopping_Ad_Campaign – Lehenga_And_Long_Gowns",active,,,,1000,Daily,0,0,0,Ongoing,"7-day click, 1-day view or 1-day engaged view",0,,,0,,,,,0
2026-05-25,2026-05-25,"Hot Campaign for Website Visitors",active,,,,500,Daily,0,0,0,Ongoing,"7-day click, 1-day view or 1-day engaged view",0,,,0,,,,,0
2026-05-25,2026-05-25,JanviAika_Shopping_Ad_Campaign,active,,,,"Using ad set budget",0,0,0,0,Ongoing,"7-day click, 1-day view or 1-day engaged view",0,,,0,,,,,0
2026-05-25,2026-05-25,"Anarkali Set Whatsapp campaign",inactive,,,,500,Daily,0,0,0,Ongoing,"7-day click or 1-day view",0,,,0,,,,,0
2026-05-25,2026-05-25,"Trendy Green Bridal Couture Whatsapp campaign",archived,,,,500,Daily,0,0,0,2026-06-03,"7-day click or 1-day view",0,,,0,,,,,0
2026-05-25,2026-05-25,Dark-Pink-Lehenga-Whatsapp-campaign,archived,,,,500,Daily,0,0,0,2026-06-03,"7-day click or 1-day view",0,,,0,,,,,0
2026-05-25,2026-05-25,"Lehenga Set Whatsapp campaign",inactive,,,,500,Daily,0,0,0,Ongoing,"7-day click or 1-day view",0,,,0,,,,,0
2026-05-25,2026-05-25,"Red Anarkali Engagement campaign",inactive,1302,video_thruplay_watched_actions,0.03867127,300,Daily,50.35,10779,10672,Ongoing,"7-day click or 1-day view",4.67112,0.038671,1302,0,570,10612,1444,298,0.103073
2026-05-25,2026-05-25,"Post: ""Who said lehengas are only for brides? ✨ """,inactive,5643,video_thruplay_watched_actions,0.03388623,300,Daily,191.22,32167,32167,2026-05-28,"7-day click or 1-day view",5.944602,0.033886,5643,0,2756,31439,4324,667,0.220723
2026-05-25,2026-05-25,"Post: ""Made for summer days, yet wrapped in  elegance 🌿✨ """,completed,7519,video_thruplay_watched_actions,0.04110387,300,Daily,309.06,58110,54851,2026-05-28,"7-day click or 1-day view",5.318534,0.041104,7519,1,4957,56816,9577,3023,0.231536
2026-05-25,2026-05-25,"Black Half Saree Dress Campaign",inactive,21,actions:onsite_conversion.messaging_conversation_started_7d,18.01761905,"Using ad set budget",0,378.37,4935,4041,Ongoing,"7-day click or 1-day view",76.670719,3.076179,123,1,49,4540,153,26,2.350903
2026-05-25,2026-05-25,"Lehenga post from Insta",inactive,8975,video_thruplay_watched_actions,0.03109972,"Using ad set budget",0,279.12,63968,57683,Ongoing,"7-day click or 1-day view",4.363432,0.0311,8975,0,8276,63175,12016,5095,0.188964
2026-05-25,2026-05-25,"FB Janviaika Video Campaign_English",inactive,,,,300,Daily,0,0,0,Ongoing,"7-day click or 1-day view",0,,,0,,,,,0
2026-05-25,2026-05-25,"Chudidhaar Advantage+ Shopping Campaign",inactive,,,,500,Daily,0,0,0,Ongoing,"7-day click, 1-day view or 1-day engaged view",0,,,0,,,,,0
2026-05-25,2026-05-25,"Advantage+ Shopping Campaign March",inactive,,,,500,Daily,0,0,0,Ongoing,"7-day click or 1-day view",0,,,0,,,,,0
2026-05-25,2026-05-25,"Model Engagement Video Campaign",inactive,,,,800,Daily,0,0,0,Ongoing,"Multiple attribution settings",0,,,0,,,,,0
2026-05-25,2026-05-25,"Launch Sales campaign",inactive,,,,1000,Daily,0,0,0,Ongoing,"7-day click, 1-day view or 1-day engaged view",0,,,0,,,,,0
2026-05-24,2026-05-24,"Retargeting Sales campaign",active,,,,500,Daily,0,0,0,Ongoing,"7-day click, 1-day view or 1-day engaged view",0,,,0,,,,,0
2026-05-24,2026-05-24,Anarkali-And-Half-saree-JanviAika_Shopping_Ad_Campaign,active,,,,2000,Daily,0,0,0,Ongoing,"7-day click, 1-day view or 1-day engaged view",0,,,0,,,,,0
2026-05-24,2026-05-24,"Engagement campaign Janviaika Reels",active,,,,"Using ad set budget",0,0,0,0,Ongoing,"7-day click or 1-day view",0,,,0,,,,,0
2026-05-24,2026-05-24,"JanviAika_Shopping_Ad_Campaign – Lehenga_And_Long_Gowns",active,,,,1000,Daily,0,0,0,Ongoing,"7-day click, 1-day view or 1-day engaged view",0,,,0,,,,,0
2026-05-24,2026-05-24,"Hot Campaign for Website Visitors",active,,,,500,Daily,0,0,0,Ongoing,"7-day click, 1-day view or 1-day engaged view",0,,,0,,,,,0
2026-05-24,2026-05-24,JanviAika_Shopping_Ad_Campaign,active,,,,"Using ad set budget",0,0,0,0,Ongoing,"7-day click, 1-day view or 1-day engaged view",0,,,0,,,,,0
2026-05-24,2026-05-24,"Anarkali Set Whatsapp campaign",inactive,,,,500,Daily,0,0,0,Ongoing,"7-day click or 1-day view",0,,,0,,,,,0
2026-05-24,2026-05-24,"Trendy Green Bridal Couture Whatsapp campaign",archived,,,,500,Daily,0,0,0,2026-06-03,"7-day click or 1-day view",0,,,0,,,,,0
2026-05-24,2026-05-24,Dark-Pink-Lehenga-Whatsapp-campaign,archived,,,,500,Daily,0,0,0,2026-06-03,"7-day click or 1-day view",0,,,0,,,,,0
2026-05-24,2026-05-24,"Lehenga Set Whatsapp campaign",inactive,,,,500,Daily,0,0,0,Ongoing,"7-day click or 1-day view",0,,,0,,,,,0
2026-05-24,2026-05-24,"Red Anarkali Engagement campaign",inactive,,,,300,Daily,0,0,0,Ongoing,"7-day click or 1-day view",0,,,0,,,,,0
2026-05-24,2026-05-24,"Post: ""Who said lehengas are only for brides? ✨ """,inactive,7385,video_thruplay_watched_actions,0.03453622,300,Daily,255.05,38865,38865,2026-05-28,"7-day click or 1-day view",6.56246,0.034536,7385,0,3622,38221,5710,822,0.221279
2026-05-24,2026-05-24,"Post: ""Made for summer days, yet wrapped in  elegance 🌿✨ """,completed,5306,video_thruplay_watched_actions,0.04302865,300,Daily,228.31,38779,37641,2026-05-28,"7-day click or 1-day view",5.887465,0.043029,5306,0,3552,38100,6696,2248,0.268324
2026-05-24,2026-05-24,"Black Half Saree Dress Campaign",inactive,31,actions:onsite_conversion.messaging_conversation_started_7d,12.59129032,"Using ad set budget",0,390.33,5659,4312,Ongoing,"7-day click or 1-day view",68.975084,2.351386,166,2,91,5143,219,39,3.409091
2026-05-24,2026-05-24,"Lehenga post from Insta",inactive,6699,video_thruplay_watched_actions,0.03287655,"Using ad set budget",0,220.24,46926,43557,Ongoing,"7-day click or 1-day view",4.693347,0.032877,6699,0,6198,46338,8958,3836,0.211217
2026-05-24,2026-05-24,"FB Janviaika Video Campaign_English",inactive,,,,300,Daily,0,0,0,Ongoing,"7-day click or 1-day view",0,,,0,,,,,0
2026-05-24,2026-05-24,"Chudidhaar Advantage+ Shopping Campaign",inactive,,,,500,Daily,0,0,0,Ongoing,"7-day click, 1-day view or 1-day engaged view",0,,,0,,,,,0
2026-05-24,2026-05-24,"Advantage+ Shopping Campaign March",inactive,,,,500,Daily,0,0,0,Ongoing,"7-day click or 1-day view",0,,,0,,,,,0
2026-05-24,2026-05-24,"Model Engagement Video Campaign",inactive,,,,800,Daily,0,0,0,Ongoing,"Multiple attribution settings",0,,,0,,,,,0
2026-05-24,2026-05-24,"Launch Sales campaign",inactive,,,,1000,Daily,0,0,0,Ongoing,"7-day click, 1-day view or 1-day engaged view",0,,,0,,,,,0
2026-05-23,2026-05-23,"Retargeting Sales campaign",active,,,,500,Daily,0,0,0,Ongoing,"7-day click, 1-day view or 1-day engaged view",0,,,0,,,,,0
2026-05-23,2026-05-23,Anarkali-And-Half-saree-JanviAika_Shopping_Ad_Campaign,active,,,,2000,Daily,0,0,0,Ongoing,"7-day click, 1-day view or 1-day engaged view",0,,,0,,,,,0
2026-05-23,2026-05-23,"Engagement campaign Janviaika Reels",active,,,,"Using ad set budget",0,0,0,0,Ongoing,"7-day click or 1-day view",0,,,0,,,,,0
2026-05-23,2026-05-23,"JanviAika_Shopping_Ad_Campaign – Lehenga_And_Long_Gowns",active,,,,1000,Daily,0,0,0,Ongoing,"7-day click, 1-day view or 1-day engaged view",0,,,0,,,,,0
2026-05-23,2026-05-23,"Hot Campaign for Website Visitors",active,,,,500,Daily,0,0,0,Ongoing,"7-day click, 1-day view or 1-day engaged view",0,,,0,,,,,0
2026-05-23,2026-05-23,JanviAika_Shopping_Ad_Campaign,active,,,,"Using ad set budget",0,0,0,0,Ongoing,"7-day click, 1-day view or 1-day engaged view",0,,,0,,,,,0
2026-05-23,2026-05-23,"Anarkali Set Whatsapp campaign",inactive,,,,500,Daily,0,0,0,Ongoing,"7-day click or 1-day view",0,,,0,,,,,0
2026-05-23,2026-05-23,"Trendy Green Bridal Couture Whatsapp campaign",archived,,,,500,Daily,0,0,0,2026-06-03,"7-day click or 1-day view",0,,,0,,,,,0
2026-05-23,2026-05-23,Dark-Pink-Lehenga-Whatsapp-campaign,archived,,,,500,Daily,0,0,0,2026-06-03,"7-day click or 1-day view",0,,,0,,,,,0
2026-05-23,2026-05-23,"Lehenga Set Whatsapp campaign",inactive,,,,500,Daily,0,0,0,Ongoing,"7-day click or 1-day view",0,,,0,,,,,0
2026-05-23,2026-05-23,"Red Anarkali Engagement campaign",inactive,,,,300,Daily,0,0,0,Ongoing,"7-day click or 1-day view",0,,,0,,,,,0
2026-05-23,2026-05-23,"Post: ""Who said lehengas are only for brides? ✨ """,inactive,6096,video_thruplay_watched_actions,0.03632218,300,Daily,221.42,33521,33386,2026-05-28,"7-day click or 1-day view",6.605412,0.036322,6096,0,3137,33063,4741,674,0.215659
2026-05-23,2026-05-23,"Post: ""Made for summer days, yet wrapped in  elegance 🌿✨ """,completed,5604,video_thruplay_watched_actions,0.04171128,300,Daily,233.75,41927,39537,2026-05-28,"7-day click or 1-day view",5.575166,0.041711,5604,1,3677,41406,7214,2189,0.255457
2026-05-23,2026-05-23,"Black Half Saree Dress Campaign",inactive,50,actions:onsite_conversion.messaging_conversation_started_7d,9.2828,"Using ad set budget",0,464.14,8052,6258,Ongoing,"7-day click or 1-day view",57.642822,2.072054,224,1,105,7437,266,43,3.052093
2026-05-23,2026-05-23,"Lehenga post from Insta",inactive,8953,video_thruplay_watched_actions,0.03507204,"Using ad set budget",0,314,62621,59748,Ongoing,"7-day click or 1-day view",5.014292,0.035072,8953,0,8274,61900,12084,5153,0.165696
2026-05-23,2026-05-23,"FB Janviaika Video Campaign_English",inactive,,,,300,Daily,0,0,0,Ongoing,"7-day click or 1-day view",0,,,0,,,,,0
2026-05-23,2026-05-23,"Chudidhaar Advantage+ Shopping Campaign",inactive,,,,500,Daily,0,0,0,Ongoing,"7-day click, 1-day view or 1-day engaged view",0,,,0,,,,,0
2026-05-23,2026-05-23,"Advantage+ Shopping Campaign March",inactive,,,,500,Daily,0,0,0,Ongoing,"7-day click or 1-day view",0,,,0,,,,,0
2026-05-23,2026-05-23,"Model Engagement Video Campaign",inactive,,,,800,Daily,0,0,0,Ongoing,"Multiple attribution settings",0,,,0,,,,,0
2026-05-23,2026-05-23,"Launch Sales campaign",inactive,,,,1000,Daily,0,0,0,Ongoing,"7-day click, 1-day view or 1-day engaged view",0,,,0,,,,,0
2026-05-22,2026-05-22,"Retargeting Sales campaign",active,,,,500,Daily,0,0,0,Ongoing,"7-day click, 1-day view or 1-day engaged view",0,,,0,,,,,0
2026-05-22,2026-05-22,Anarkali-And-Half-saree-JanviAika_Shopping_Ad_Campaign,active,,,,2000,Daily,0,0,0,Ongoing,"7-day click, 1-day view or 1-day engaged view",0,,,0,,,,,0
2026-05-22,2026-05-22,"Engagement campaign Janviaika Reels",active,,,,"Using ad set budget",0,0,0,0,Ongoing,"7-day click or 1-day view",0,,,0,,,,,0
2026-05-22,2026-05-22,"JanviAika_Shopping_Ad_Campaign – Lehenga_And_Long_Gowns",active,,,,1000,Daily,0,0,0,Ongoing,"7-day click, 1-day view or 1-day engaged view",0,,,0,,,,,0
2026-05-22,2026-05-22,"Hot Campaign for Website Visitors",active,,,,500,Daily,0,0,0,Ongoing,"7-day click, 1-day view or 1-day engaged view",0,,,0,,,,,0
2026-05-22,2026-05-22,JanviAika_Shopping_Ad_Campaign,active,,,,"Using ad set budget",0,0,0,0,Ongoing,"7-day click, 1-day view or 1-day engaged view",0,,,0,,,,,0
2026-05-22,2026-05-22,"Anarkali Set Whatsapp campaign",inactive,,,,500,Daily,0,0,0,Ongoing,"7-day click or 1-day view",0,,,0,,,,,0
2026-05-22,2026-05-22,"Trendy Green Bridal Couture Whatsapp campaign",archived,,,,500,Daily,0,0,0,2026-06-03,"7-day click or 1-day view",0,,,0,,,,,0
2026-05-22,2026-05-22,Dark-Pink-Lehenga-Whatsapp-campaign,archived,,,,500,Daily,0,0,0,2026-06-03,"7-day click or 1-day view",0,,,0,,,,,0
2026-05-22,2026-05-22,"Lehenga Set Whatsapp campaign",inactive,,,,500,Daily,0,0,0,Ongoing,"7-day click or 1-day view",0,,,0,,,,,0
2026-05-22,2026-05-22,"Red Anarkali Engagement campaign",inactive,,,,300,Daily,0,0,0,Ongoing,"7-day click or 1-day view",0,,,0,,,,,0
2026-05-22,2026-05-22,"Post: ""Who said lehengas are only for brides? ✨ """,inactive,7606,video_thruplay_watched_actions,0.04223245,300,Daily,321.22,44364,44364,2026-05-28,"7-day click or 1-day view",7.240555,0.042232,7606,0,4099,43826,6044,1118,0.214138
2026-05-22,2026-05-22,"Post: ""Made for summer days, yet wrapped in  elegance 🌿✨ """,completed,7176,video_thruplay_watched_actions,0.04286093,300,Daily,307.57,51434,47316,2026-05-28,"7-day click or 1-day view",5.979897,0.042861,7176,0,4586,50789,9153,2802,0.207118
2026-05-22,2026-05-22,"Black Half Saree Dress Campaign",inactive,36,actions:onsite_conversion.messaging_conversation_started_7d,11.55972222,"Using ad set budget",0,416.15,7288,5829,Ongoing,"7-day click or 1-day view",57.100714,2.35113,177,2,74,6785,204,26,2.84783
2026-05-22,2026-05-22,"Lehenga post from Insta",inactive,8946,video_thruplay_watched_actions,0.03313436,"Using ad set budget",0,296.42,63612,58535,Ongoing,"7-day click or 1-day view",4.659813,0.033134,8946,0,8237,62748,12071,5161,0.164004
2026-05-22,2026-05-22,"FB Janviaika Video Campaign_English",inactive,,,,300,Daily,0,0,0,Ongoing,"7-day click or 1-day view",0,,,0,,,,,0
2026-05-22,2026-05-22,"Chudidhaar Advantage+ Shopping Campaign",inactive,,,,500,Daily,0,0,0,Ongoing,"7-day click, 1-day view or 1-day engaged view",0,,,0,,,,,0
2026-05-22,2026-05-22,"Advantage+ Shopping Campaign March",inactive,,,,500,Daily,0,0,0,Ongoing,"7-day click or 1-day view",0,,,0,,,,,0
2026-05-22,2026-05-22,"Model Engagement Video Campaign",inactive,,,,800,Daily,0,0,0,Ongoing,"Multiple attribution settings",0,,,0,,,,,0
2026-05-22,2026-05-22,"Launch Sales campaign",inactive,,,,1000,Daily,0,0,0,Ongoing,"7-day click, 1-day view or 1-day engaged view",0,,,0,,,,,0
2026-05-21,2026-05-21,"Retargeting Sales campaign",active,,,,500,Daily,0,0,0,Ongoing,"7-day click, 1-day view or 1-day engaged view",0,,,0,,,,,0
2026-05-21,2026-05-21,Anarkali-And-Half-saree-JanviAika_Shopping_Ad_Campaign,active,,,,2000,Daily,0,0,0,Ongoing,"7-day click, 1-day view or 1-day engaged view",0,,,0,,,,,0
2026-05-21,2026-05-21,"Engagement campaign Janviaika Reels",active,,,,"Using ad set budget",0,0,0,0,Ongoing,"7-day click or 1-day view",0,,,0,,,,,0
2026-05-21,2026-05-21,"JanviAika_Shopping_Ad_Campaign – Lehenga_And_Long_Gowns",active,,,,1000,Daily,0,0,0,Ongoing,"7-day click, 1-day view or 1-day engaged view",0,,,0,,,,,0
2026-05-21,2026-05-21,"Hot Campaign for Website Visitors",active,,,,500,Daily,0,0,0,Ongoing,"7-day click, 1-day view or 1-day engaged view",0,,,0,,,,,0
2026-05-21,2026-05-21,JanviAika_Shopping_Ad_Campaign,active,,,,"Using ad set budget",0,0,0,0,Ongoing,"7-day click, 1-day view or 1-day engaged view",0,,,0,,,,,0
2026-05-21,2026-05-21,"Anarkali Set Whatsapp campaign",inactive,,,,500,Daily,0,0,0,Ongoing,"7-day click or 1-day view",0,,,0,,,,,0
2026-05-21,2026-05-21,"Trendy Green Bridal Couture Whatsapp campaign",archived,,,,500,Daily,0,0,0,2026-06-03,"7-day click or 1-day view",0,,,0,,,,,0
2026-05-21,2026-05-21,Dark-Pink-Lehenga-Whatsapp-campaign,archived,,,,500,Daily,0,0,0,2026-06-03,"7-day click or 1-day view",0,,,0,,,,,0
2026-05-21,2026-05-21,"Lehenga Set Whatsapp campaign",inactive,,,,500,Daily,0,0,0,Ongoing,"7-day click or 1-day view",0,,,0,,,,,0
2026-05-21,2026-05-21,"Red Anarkali Engagement campaign",inactive,,,,300,Daily,0,0,0,Ongoing,"7-day click or 1-day view",0,,,0,,,,,0
2026-05-21,2026-05-21,"Post: ""Who said lehengas are only for brides? ✨ """,inactive,2154,video_thruplay_watched_actions,0.06378366,300,Daily,137.39,17997,17983,2026-05-28,"7-day click or 1-day view",7.63405,0.063784,2154,0,1174,17722,1722,410,0.189067
2026-05-21,2026-05-21,"Post: ""Made for summer days, yet wrapped in  elegance 🌿✨ """,completed,2232,video_thruplay_watched_actions,0.05951165,300,Daily,132.83,19219,18973,2026-05-28,"7-day click or 1-day view",6.91139,0.059512,2232,0,1423,18899,2910,814,0.137037
2026-05-21,2026-05-21,"Black Half Saree Dress Campaign",inactive,50,actions:onsite_conversion.messaging_conversation_started_7d,7.755,"Using ad set budget",0,387.75,6368,4757,Ongoing,"7-day click or 1-day view",60.890389,2.228448,174,1,76,5925,198,29,3.342443
2026-05-21,2026-05-21,"Lehenga post from Insta",inactive,8812,video_thruplay_watched_actions,0.03321493,"Using ad set budget",0,292.69,62719,55691,Ongoing,"7-day click or 1-day view",4.666688,0.033215,8812,0,8092,61968,11857,5125,0.174175
2026-05-21,2026-05-21,"FB Janviaika Video Campaign_English",inactive,,,,300,Daily,0,0,0,Ongoing,"7-day click or 1-day view",0,,,0,,,,,0
2026-05-21,2026-05-21,"Chudidhaar Advantage+ Shopping Campaign",inactive,,,,500,Daily,0,0,0,Ongoing,"7-day click, 1-day view or 1-day engaged view",0,,,0,,,,,0
2026-05-21,2026-05-21,"Advantage+ Shopping Campaign March",inactive,,,,500,Daily,0,0,0,Ongoing,"7-day click or 1-day view",0,,,0,,,,,0
2026-05-21,2026-05-21,"Model Engagement Video Campaign",inactive,,,,800,Daily,0,0,0,Ongoing,"Multiple attribution settings",0,,,0,,,,,0
2026-05-21,2026-05-21,"Launch Sales campaign",inactive,,,,1000,Daily,0,0,0,Ongoing,"7-day click, 1-day view or 1-day engaged view",0,,,0,,,,,0
2026-05-20,2026-05-20,"Retargeting Sales campaign",active,,,,500,Daily,0,0,0,Ongoing,"7-day click, 1-day view or 1-day engaged view",0,,,0,,,,,0
2026-05-20,2026-05-20,Anarkali-And-Half-saree-JanviAika_Shopping_Ad_Campaign,active,,,,2000,Daily,0,0,0,Ongoing,"7-day click, 1-day view or 1-day engaged view",0,,,0,,,,,0
2026-05-20,2026-05-20,"Engagement campaign Janviaika Reels",active,,,,"Using ad set budget",0,0,0,0,Ongoing,"7-day click or 1-day view",0,,,0,,,,,0
2026-05-20,2026-05-20,"JanviAika_Shopping_Ad_Campaign – Lehenga_And_Long_Gowns",active,,,,1000,Daily,0,0,0,Ongoing,"7-day click, 1-day view or 1-day engaged view",0,,,0,,,,,0
2026-05-20,2026-05-20,"Hot Campaign for Website Visitors",active,,,,500,Daily,0,0,0,Ongoing,"7-day click, 1-day view or 1-day engaged view",0,,,0,,,,,0
2026-05-20,2026-05-20,JanviAika_Shopping_Ad_Campaign,active,,,,"Using ad set budget",0,0,0,0,Ongoing,"7-day click, 1-day view or 1-day engaged view",0,,,0,,,,,0
2026-05-20,2026-05-20,"Anarkali Set Whatsapp campaign",inactive,,,,500,Daily,0,0,0,Ongoing,"7-day click or 1-day view",0,,,0,,,,,0
2026-05-20,2026-05-20,"Trendy Green Bridal Couture Whatsapp campaign",archived,,,,500,Daily,0,0,0,2026-06-03,"7-day click or 1-day view",0,,,0,,,,,0
2026-05-20,2026-05-20,Dark-Pink-Lehenga-Whatsapp-campaign,archived,,,,500,Daily,0,0,0,2026-06-03,"7-day click or 1-day view",0,,,0,,,,,0
2026-05-20,2026-05-20,"Lehenga Set Whatsapp campaign",inactive,,,,500,Daily,0,0,0,Ongoing,"7-day click or 1-day view",0,,,0,,,,,0
2026-05-20,2026-05-20,"Red Anarkali Engagement campaign",inactive,,,,300,Daily,0,0,0,Ongoing,"7-day click or 1-day view",0,,,0,,,,,0
2026-05-20,2026-05-20,"Post: ""Who said lehengas are only for brides? ✨ """,inactive,,,,300,Daily,0,0,0,2026-05-28,"7-day click or 1-day view",0,,,0,,,,,0
2026-05-20,2026-05-20,"Post: ""Made for summer days, yet wrapped in  elegance 🌿✨ """,completed,,,,300,Daily,0,0,0,2026-05-28,"7-day click or 1-day view",0,,,0,,,,,0
2026-05-20,2026-05-20,"Black Half Saree Dress Campaign",inactive,288,actions:onsite_conversion.messaging_conversation_started_7d,2.429375,"Using ad set budget",0,699.66,217577,217577,Ongoing,"7-day click or 1-day view",3.215689,0.035369,19782,3,12558,203976,19195,99,0.112604
2026-05-20,2026-05-20,"Lehenga post from Insta",inactive,9504,video_thruplay_watched_actions,0.03142572,"Using ad set budget",0,298.67,63316,55776,Ongoing,"7-day click or 1-day view",4.717133,0.031426,9504,0,8741,62580,12682,5575,0.233075
2026-05-20,2026-05-20,"FB Janviaika Video Campaign_English",inactive,,,,300,Daily,0,0,0,Ongoing,"7-day click or 1-day view",0,,,0,,,,,0
2026-05-20,2026-05-20,"Chudidhaar Advantage+ Shopping Campaign",inactive,,,,500,Daily,0,0,0,Ongoing,"7-day click, 1-day view or 1-day engaged view",0,,,0,,,,,0
2026-05-20,2026-05-20,"Advantage+ Shopping Campaign March",inactive,,,,500,Daily,0,0,0,Ongoing,"7-day click or 1-day view",0,,,0,,,,,0
2026-05-20,2026-05-20,"Model Engagement Video Campaign",inactive,,,,800,Daily,0,0,0,Ongoing,"Multiple attribution settings",0,,,0,,,,,0
2026-05-20,2026-05-20,"Launch Sales campaign",inactive,,,,1000,Daily,0,0,0,Ongoing,"7-day click, 1-day view or 1-day engaged view",0,,,0,,,,,0
2026-05-19,2026-05-19,"Retargeting Sales campaign",active,,,,500,Daily,0,0,0,Ongoing,"7-day click, 1-day view or 1-day engaged view",0,,,0,,,,,0
2026-05-19,2026-05-19,Anarkali-And-Half-saree-JanviAika_Shopping_Ad_Campaign,active,,,,2000,Daily,0,0,0,Ongoing,"7-day click, 1-day view or 1-day engaged view",0,,,0,,,,,0
2026-05-19,2026-05-19,"Engagement campaign Janviaika Reels",active,,,,"Using ad set budget",0,0,0,0,Ongoing,"7-day click or 1-day view",0,,,0,,,,,0
2026-05-19,2026-05-19,"JanviAika_Shopping_Ad_Campaign – Lehenga_And_Long_Gowns",active,,,,1000,Daily,0,0,0,Ongoing,"7-day click, 1-day view or 1-day engaged view",0,,,0,,,,,0
2026-05-19,2026-05-19,"Hot Campaign for Website Visitors",active,,,,500,Daily,0,0,0,Ongoing,"7-day click, 1-day view or 1-day engaged view",0,,,0,,,,,0
2026-05-19,2026-05-19,JanviAika_Shopping_Ad_Campaign,active,,,,"Using ad set budget",0,0,0,0,Ongoing,"7-day click, 1-day view or 1-day engaged view",0,,,0,,,,,0
2026-05-19,2026-05-19,"Anarkali Set Whatsapp campaign",inactive,,,,500,Daily,0,0,0,Ongoing,"7-day click or 1-day view",0,,,0,,,,,0
2026-05-19,2026-05-19,"Trendy Green Bridal Couture Whatsapp campaign",archived,,,,500,Daily,0,0,0,2026-06-03,"7-day click or 1-day view",0,,,0,,,,,0
2026-05-19,2026-05-19,Dark-Pink-Lehenga-Whatsapp-campaign,archived,,,,500,Daily,0,0,0,2026-06-03,"7-day click or 1-day view",0,,,0,,,,,0
2026-05-19,2026-05-19,"Lehenga Set Whatsapp campaign",inactive,,,,500,Daily,0,0,0,Ongoing,"7-day click or 1-day view",0,,,0,,,,,0
2026-05-19,2026-05-19,"Red Anarkali Engagement campaign",inactive,,,,300,Daily,0,0,0,Ongoing,"7-day click or 1-day view",0,,,0,,,,,0
2026-05-19,2026-05-19,"Post: ""Who said lehengas are only for brides? ✨ """,inactive,,,,300,Daily,0,0,0,2026-05-28,"7-day click or 1-day view",0,,,0,,,,,0
2026-05-19,2026-05-19,"Post: ""Made for summer days, yet wrapped in  elegance 🌿✨ """,completed,,,,300,Daily,0,0,0,2026-05-28,"7-day click or 1-day view",0,,,0,,,,,0
2026-05-19,2026-05-19,"Black Half Saree Dress Campaign",inactive,44,actions:onsite_conversion.messaging_conversation_started_7d,12.20045455,"Using ad set budget",0,536.82,8201,6410,Ongoing,"7-day click or 1-day view",65.457871,2.354474,228,0,97,7634,228,45,3.151326
2026-05-19,2026-05-19,"Lehenga post from Insta",inactive,9223,video_thruplay_watched_actions,0.03220861,"Using ad set budget",0,297.06,66972,61743,Ongoing,"7-day click or 1-day view",4.435585,0.032209,9223,0,8484,66128,12486,5315,0.179777
2026-05-19,2026-05-19,"FB Janviaika Video Campaign_English",inactive,,,,300,Daily,0,0,0,Ongoing,"7-day click or 1-day view",0,,,0,,,,,0
2026-05-19,2026-05-19,"Chudidhaar Advantage+ Shopping Campaign",inactive,,,,500,Daily,0,0,0,Ongoing,"7-day click, 1-day view or 1-day engaged view",0,,,0,,,,,0
2026-05-19,2026-05-19,"Advantage+ Shopping Campaign March",inactive,,,,500,Daily,0,0,0,Ongoing,"7-day click or 1-day view",0,,,0,,,,,0
2026-05-19,2026-05-19,"Model Engagement Video Campaign",inactive,,,,800,Daily,0,0,0,Ongoing,"Multiple attribution settings",0,,,0,,,,,0
2026-05-19,2026-05-19,"Launch Sales campaign",inactive,,,,1000,Daily,0,0,0,Ongoing,"7-day click, 1-day view or 1-day engaged view",0,,,0,,,,,0
2026-05-18,2026-05-18,"Retargeting Sales campaign",active,,,,500,Daily,0,0,0,Ongoing,"7-day click, 1-day view or 1-day engaged view",0,,,0,,,,,0
2026-05-18,2026-05-18,Anarkali-And-Half-saree-JanviAika_Shopping_Ad_Campaign,active,,,,2000,Daily,0,0,0,Ongoing,"7-day click, 1-day view or 1-day engaged view",0,,,0,,,,,0
2026-05-18,2026-05-18,"Engagement campaign Janviaika Reels",active,,,,"Using ad set budget",0,0,0,0,Ongoing,"7-day click or 1-day view",0,,,0,,,,,0
2026-05-18,2026-05-18,"JanviAika_Shopping_Ad_Campaign – Lehenga_And_Long_Gowns",active,,,,1000,Daily,0,0,0,Ongoing,"7-day click, 1-day view or 1-day engaged view",0,,,0,,,,,0
2026-05-18,2026-05-18,"Hot Campaign for Website Visitors",active,,,,500,Daily,0,0,0,Ongoing,"7-day click, 1-day view or 1-day engaged view",0,,,0,,,,,0
2026-05-18,2026-05-18,JanviAika_Shopping_Ad_Campaign,active,,,,"Using ad set budget",0,0,0,0,Ongoing,"7-day click, 1-day view or 1-day engaged view",0,,,0,,,,,0
2026-05-18,2026-05-18,"Anarkali Set Whatsapp campaign",inactive,,,,500,Daily,0,0,0,Ongoing,"7-day click or 1-day view",0,,,0,,,,,0
2026-05-18,2026-05-18,"Trendy Green Bridal Couture Whatsapp campaign",archived,,,,500,Daily,0,0,0,2026-06-03,"7-day click or 1-day view",0,,,0,,,,,0
2026-05-18,2026-05-18,Dark-Pink-Lehenga-Whatsapp-campaign,archived,,,,500,Daily,0,0,0,2026-06-03,"7-day click or 1-day view",0,,,0,,,,,0
2026-05-18,2026-05-18,"Lehenga Set Whatsapp campaign",inactive,,,,500,Daily,0,0,0,Ongoing,"7-day click or 1-day view",0,,,0,,,,,0
2026-05-18,2026-05-18,"Red Anarkali Engagement campaign",inactive,,,,300,Daily,0,0,0,Ongoing,"7-day click or 1-day view",0,,,0,,,,,0
2026-05-18,2026-05-18,"Post: ""Who said lehengas are only for brides? ✨ """,inactive,,,,300,Daily,0,0,0,2026-05-28,"7-day click or 1-day view",0,,,0,,,,,0
2026-05-18,2026-05-18,"Post: ""Made for summer days, yet wrapped in  elegance 🌿✨ """,completed,,,,300,Daily,0,0,0,2026-05-28,"7-day click or 1-day view",0,,,0,,,,,0
2026-05-18,2026-05-18,"Black Half Saree Dress Campaign",inactive,45,actions:onsite_conversion.messaging_conversation_started_7d,10.67111111,"Using ad set budget",0,480.2,10069,7621,Ongoing,"7-day click or 1-day view",47.690933,1.708897,281,0,124,9466,307,46,2.296287
2026-05-18,2026-05-18,"Lehenga post from Insta",inactive,9384,video_thruplay_watched_actions,0.03085571,"Using ad set budget",0,289.55,60958,56103,Ongoing,"7-day click or 1-day view",4.749992,0.030856,9384,0,8616,60294,12645,5574,0.199633
2026-05-18,2026-05-18,"FB Janviaika Video Campaign_English",inactive,,,,300,Daily,0,0,0,Ongoing,"7-day click or 1-day view",0,,,0,,,,,0
2026-05-18,2026-05-18,"Chudidhaar Advantage+ Shopping Campaign",inactive,,,,500,Daily,0,0,0,Ongoing,"7-day click, 1-day view or 1-day engaged view",0,,,0,,,,,0
2026-05-18,2026-05-18,"Advantage+ Shopping Campaign March",inactive,,,,500,Daily,0,0,0,Ongoing,"7-day click or 1-day view",0,,,0,,,,,0
2026-05-18,2026-05-18,"Model Engagement Video Campaign",inactive,,,,800,Daily,0,0,0,Ongoing,"Multiple attribution settings",0,,,0,,,,,0
2026-05-18,2026-05-18,"Launch Sales campaign",inactive,,,,1000,Daily,0,0,0,Ongoing,"7-day click, 1-day view or 1-day engaged view",0,,,0,,,,,0
2026-05-17,2026-05-17,"Retargeting Sales campaign",active,,,,500,Daily,0,0,0,Ongoing,"7-day click, 1-day view or 1-day engaged view",0,,,0,,,,,0
2026-05-17,2026-05-17,Anarkali-And-Half-saree-JanviAika_Shopping_Ad_Campaign,active,,,,2000,Daily,0,0,0,Ongoing,"7-day click, 1-day view or 1-day engaged view",0,,,0,,,,,0
2026-05-17,2026-05-17,"Engagement campaign Janviaika Reels",active,,,,"Using ad set budget",0,0,0,0,Ongoing,"7-day click or 1-day view",0,,,0,,,,,0
2026-05-17,2026-05-17,"JanviAika_Shopping_Ad_Campaign – Lehenga_And_Long_Gowns",active,,,,1000,Daily,0,0,0,Ongoing,"7-day click, 1-day view or 1-day engaged view",0,,,0,,,,,0
2026-05-17,2026-05-17,"Hot Campaign for Website Visitors",active,,,,500,Daily,0,0,0,Ongoing,"7-day click, 1-day view or 1-day engaged view",0,,,0,,,,,0
2026-05-17,2026-05-17,JanviAika_Shopping_Ad_Campaign,active,,,,"Using ad set budget",0,0,0,0,Ongoing,"7-day click, 1-day view or 1-day engaged view",0,,,0,,,,,0
2026-05-17,2026-05-17,"Anarkali Set Whatsapp campaign",inactive,,,,500,Daily,0,0,0,Ongoing,"7-day click or 1-day view",0,,,0,,,,,0
2026-05-17,2026-05-17,"Trendy Green Bridal Couture Whatsapp campaign",archived,,,,500,Daily,0,0,0,2026-06-03,"7-day click or 1-day view",0,,,0,,,,,0
2026-05-17,2026-05-17,Dark-Pink-Lehenga-Whatsapp-campaign,archived,,,,500,Daily,0,0,0,2026-06-03,"7-day click or 1-day view",0,,,0,,,,,0
2026-05-17,2026-05-17,"Lehenga Set Whatsapp campaign",inactive,,,,500,Daily,0,0,0,Ongoing,"7-day click or 1-day view",0,,,0,,,,,0
2026-05-17,2026-05-17,"Red Anarkali Engagement campaign",inactive,,,,300,Daily,0,0,0,Ongoing,"7-day click or 1-day view",0,,,0,,,,,0
2026-05-17,2026-05-17,"Post: ""Who said lehengas are only for brides? ✨ """,inactive,,,,300,Daily,0,0,0,2026-05-28,"7-day click or 1-day view",0,,,0,,,,,0
2026-05-17,2026-05-17,"Post: ""Made for summer days, yet wrapped in  elegance 🌿✨ """,completed,,,,300,Daily,0,0,0,2026-05-28,"7-day click or 1-day view",0,,,0,,,,,0
2026-05-17,2026-05-17,"Black Half Saree Dress Campaign",inactive,45,actions:onsite_conversion.messaging_conversation_started_7d,10.71311111,"Using ad set budget",0,482.09,23356,20118,Ongoing,"7-day click or 1-day view",20.640949,0.34435,1400,0,823,21854,1351,40,0.835073
2026-05-17,2026-05-17,"Lehenga post from Insta",inactive,9234,video_thruplay_watched_actions,0.03278428,"Using ad set budget",0,302.73,63993,58165,Ongoing,"7-day click or 1-day view",4.730674,0.032784,9234,0,8511,63204,12517,5337,0.20459
2026-05-17,2026-05-17,"FB Janviaika Video Campaign_English",inactive,,,,300,Daily,0,0,0,Ongoing,"7-day click or 1-day view",0,,,0,,,,,0
2026-05-17,2026-05-17,"Chudidhaar Advantage+ Shopping Campaign",inactive,,,,500,Daily,0,0,0,Ongoing,"7-day click, 1-day view or 1-day engaged view",0,,,0,,,,,0
2026-05-17,2026-05-17,"Advantage+ Shopping Campaign March",inactive,,,,500,Daily,0,0,0,Ongoing,"7-day click or 1-day view",0,,,0,,,,,0
2026-05-17,2026-05-17,"Model Engagement Video Campaign",inactive,,,,800,Daily,0,0,0,Ongoing,"Multiple attribution settings",0,,,0,,,,,0
2026-05-17,2026-05-17,"Launch Sales campaign",inactive,,,,1000,Daily,0,0,0,Ongoing,"7-day click, 1-day view or 1-day engaged view",0,,,0,,,,,0
2026-05-16,2026-05-16,"Retargeting Sales campaign",active,,,,500,Daily,0,0,0,Ongoing,"7-day click, 1-day view or 1-day engaged view",0,,,0,,,,,0
2026-05-16,2026-05-16,Anarkali-And-Half-saree-JanviAika_Shopping_Ad_Campaign,active,,,,2000,Daily,0,0,0,Ongoing,"7-day click, 1-day view or 1-day engaged view",0,,,0,,,,,0
2026-05-16,2026-05-16,"Engagement campaign Janviaika Reels",active,,,,"Using ad set budget",0,0,0,0,Ongoing,"7-day click or 1-day view",0,,,0,,,,,0
2026-05-16,2026-05-16,"JanviAika_Shopping_Ad_Campaign – Lehenga_And_Long_Gowns",active,,,,1000,Daily,0,0,0,Ongoing,"7-day click, 1-day view or 1-day engaged view",0,,,0,,,,,0
2026-05-16,2026-05-16,"Hot Campaign for Website Visitors",active,,,,500,Daily,0,0,0,Ongoing,"7-day click, 1-day view or 1-day engaged view",0,,,0,,,,,0
2026-05-16,2026-05-16,JanviAika_Shopping_Ad_Campaign,active,,,,"Using ad set budget",0,0,0,0,Ongoing,"7-day click, 1-day view or 1-day engaged view",0,,,0,,,,,0
2026-05-16,2026-05-16,"Anarkali Set Whatsapp campaign",inactive,,,,500,Daily,0,0,0,Ongoing,"7-day click or 1-day view",0,,,0,,,,,0
2026-05-16,2026-05-16,"Trendy Green Bridal Couture Whatsapp campaign",archived,,,,500,Daily,0,0,0,2026-06-03,"7-day click or 1-day view",0,,,0,,,,,0
2026-05-16,2026-05-16,Dark-Pink-Lehenga-Whatsapp-campaign,archived,,,,500,Daily,0,0,0,2026-06-03,"7-day click or 1-day view",0,,,0,,,,,0
2026-05-16,2026-05-16,"Lehenga Set Whatsapp campaign",inactive,,,,500,Daily,0,0,0,Ongoing,"7-day click or 1-day view",0,,,0,,,,,0
2026-05-16,2026-05-16,"Red Anarkali Engagement campaign",inactive,,,,300,Daily,0,0,0,Ongoing,"7-day click or 1-day view",0,,,0,,,,,0
2026-05-16,2026-05-16,"Post: ""Who said lehengas are only for brides? ✨ """,inactive,,,,300,Daily,0,0,0,2026-05-28,"7-day click or 1-day view",0,,,0,,,,,0
2026-05-16,2026-05-16,"Post: ""Made for summer days, yet wrapped in  elegance 🌿✨ """,completed,,,,300,Daily,0,0,0,2026-05-28,"7-day click or 1-day view",0,,,0,,,,,0
2026-05-16,2026-05-16,"Black Half Saree Dress Campaign",inactive,80,actions:onsite_conversion.messaging_conversation_started_7d,4.75125,"Using ad set budget",0,380.1,61531,61531,Ongoing,"7-day click or 1-day view",6.177374,0.06583,5774,0,3590,57826,5622,49,0.216151
2026-05-16,2026-05-16,"Lehenga post from Insta",inactive,14020,video_thruplay_watched_actions,0.03214265,"Using ad set budget",0,450.64,67302,61611,Ongoing,"7-day click or 1-day view",6.695789,0.032143,14020,0,13296,66508,17159,10000,0.206132
2026-05-16,2026-05-16,"FB Janviaika Video Campaign_English",inactive,,,,300,Daily,0,0,0,Ongoing,"7-day click or 1-day view",0,,,0,,,,,0
2026-05-16,2026-05-16,"Chudidhaar Advantage+ Shopping Campaign",inactive,,,,500,Daily,0,0,0,Ongoing,"7-day click, 1-day view or 1-day engaged view",0,,,0,,,,,0
2026-05-16,2026-05-16,"Advantage+ Shopping Campaign March",inactive,,,,500,Daily,0,0,0,Ongoing,"7-day click or 1-day view",0,,,0,,,,,0
2026-05-16,2026-05-16,"Model Engagement Video Campaign",inactive,,,,800,Daily,0,0,0,Ongoing,"Multiple attribution settings",0,,,0,,,,,0
2026-05-16,2026-05-16,"Launch Sales campaign",inactive,,,,1000,Daily,0,0,0,Ongoing,"7-day click, 1-day view or 1-day engaged view",0,,,0,,,,,0
2026-05-15,2026-05-15,"Retargeting Sales campaign",active,,,,500,Daily,0,0,0,Ongoing,"7-day click, 1-day view or 1-day engaged view",0,,,0,,,,,0
2026-05-15,2026-05-15,Anarkali-And-Half-saree-JanviAika_Shopping_Ad_Campaign,active,,,,2000,Daily,0,0,0,Ongoing,"7-day click, 1-day view or 1-day engaged view",0,,,0,,,,,0
2026-05-15,2026-05-15,"Engagement campaign Janviaika Reels",active,,,,"Using ad set budget",0,0,0,0,Ongoing,"7-day click or 1-day view",0,,,0,,,,,0
2026-05-15,2026-05-15,"JanviAika_Shopping_Ad_Campaign – Lehenga_And_Long_Gowns",active,,,,1000,Daily,0,0,0,Ongoing,"7-day click, 1-day view or 1-day engaged view",0,,,0,,,,,0
2026-05-15,2026-05-15,"Hot Campaign for Website Visitors",active,,,,500,Daily,0,0,0,Ongoing,"7-day click, 1-day view or 1-day engaged view",0,,,0,,,,,0
2026-05-15,2026-05-15,JanviAika_Shopping_Ad_Campaign,active,,,,"Using ad set budget",0,0,0,0,Ongoing,"7-day click, 1-day view or 1-day engaged view",0,,,0,,,,,0
2026-05-15,2026-05-15,"Anarkali Set Whatsapp campaign",inactive,,,,500,Daily,0,0,0,Ongoing,"7-day click or 1-day view",0,,,0,,,,,0
2026-05-15,2026-05-15,"Trendy Green Bridal Couture Whatsapp campaign",archived,,,,500,Daily,0,0,0,2026-06-03,"7-day click or 1-day view",0,,,0,,,,,0
2026-05-15,2026-05-15,Dark-Pink-Lehenga-Whatsapp-campaign,archived,,,,500,Daily,0,0,0,2026-06-03,"7-day click or 1-day view",0,,,0,,,,,0
2026-05-15,2026-05-15,"Lehenga Set Whatsapp campaign",inactive,,,,500,Daily,0,0,0,Ongoing,"7-day click or 1-day view",0,,,0,,,,,0
2026-05-15,2026-05-15,"Red Anarkali Engagement campaign",inactive,,,,300,Daily,0,0,0,Ongoing,"7-day click or 1-day view",0,,,0,,,,,0
2026-05-15,2026-05-15,"Post: ""Who said lehengas are only for brides? ✨ """,inactive,,,,300,Daily,0,0,0,2026-05-28,"7-day click or 1-day view",0,,,0,,,,,0
2026-05-15,2026-05-15,"Post: ""Made for summer days, yet wrapped in  elegance 🌿✨ """,completed,,,,300,Daily,0,0,0,2026-05-28,"7-day click or 1-day view",0,,,0,,,,,0
2026-05-15,2026-05-15,"Black Half Saree Dress Campaign",inactive,57,actions:onsite_conversion.messaging_conversation_started_7d,10.04017544,"Using ad set budget",0,572.29,14419,11405,Ongoing,"7-day click or 1-day view",39.689992,1.315609,435,0,179,13292,430,81,1.902674
2026-05-15,2026-05-15,"Lehenga post from Insta",inactive,13729,video_thruplay_watched_actions,0.03260835,"Using ad set budget",0,447.68,77167,70654,Ongoing,"7-day click or 1-day view",5.801444,0.032608,13729,0,12806,76136,17385,9037,0.196733
2026-05-15,2026-05-15,"FB Janviaika Video Campaign_English",inactive,,,,300,Daily,0,0,0,Ongoing,"7-day click or 1-day view",0,,,0,,,,,0
2026-05-15,2026-05-15,"Chudidhaar Advantage+ Shopping Campaign",inactive,,,,500,Daily,0,0,0,Ongoing,"7-day click, 1-day view or 1-day engaged view",0,,,0,,,,,0
2026-05-15,2026-05-15,"Advantage+ Shopping Campaign March",inactive,,,,500,Daily,0,0,0,Ongoing,"7-day click or 1-day view",0,,,0,,,,,0
2026-05-15,2026-05-15,"Model Engagement Video Campaign",inactive,,,,800,Daily,0,0,0,Ongoing,"Multiple attribution settings",0,,,0,,,,,0
2026-05-15,2026-05-15,"Launch Sales campaign",inactive,,,,1000,Daily,0,0,0,Ongoing,"7-day click, 1-day view or 1-day engaged view",0,,,0,,,,,0
2026-05-14,2026-05-14,"Retargeting Sales campaign",active,,,,500,Daily,0,0,0,Ongoing,"7-day click, 1-day view or 1-day engaged view",0,,,0,,,,,0
2026-05-14,2026-05-14,Anarkali-And-Half-saree-JanviAika_Shopping_Ad_Campaign,active,,,,2000,Daily,0,0,0,Ongoing,"7-day click, 1-day view or 1-day engaged view",0,,,0,,,,,0
2026-05-14,2026-05-14,"Engagement campaign Janviaika Reels",active,,,,"Using ad set budget",0,0,0,0,Ongoing,"7-day click or 1-day view",0,,,0,,,,,0
2026-05-14,2026-05-14,"JanviAika_Shopping_Ad_Campaign – Lehenga_And_Long_Gowns",active,,,,1000,Daily,0,0,0,Ongoing,"7-day click, 1-day view or 1-day engaged view",0,,,0,,,,,0
2026-05-14,2026-05-14,"Hot Campaign for Website Visitors",active,,,,500,Daily,0,0,0,Ongoing,"7-day click, 1-day view or 1-day engaged view",0,,,0,,,,,0
2026-05-14,2026-05-14,JanviAika_Shopping_Ad_Campaign,active,,,,"Using ad set budget",0,0,0,0,Ongoing,"7-day click, 1-day view or 1-day engaged view",0,,,0,,,,,0
2026-05-14,2026-05-14,"Anarkali Set Whatsapp campaign",inactive,,,,500,Daily,0,0,0,Ongoing,"7-day click or 1-day view",0,,,0,,,,,0
2026-05-14,2026-05-14,"Trendy Green Bridal Couture Whatsapp campaign",archived,,,,500,Daily,0,0,0,2026-06-03,"7-day click or 1-day view",0,,,0,,,,,0
2026-05-14,2026-05-14,Dark-Pink-Lehenga-Whatsapp-campaign,archived,,,,500,Daily,0,0,0,2026-06-03,"7-day click or 1-day view",0,,,0,,,,,0
2026-05-14,2026-05-14,"Lehenga Set Whatsapp campaign",inactive,,,,500,Daily,0,0,0,Ongoing,"7-day click or 1-day view",0,,,0,,,,,0
2026-05-14,2026-05-14,"Red Anarkali Engagement campaign",inactive,,,,300,Daily,0,0,0,Ongoing,"7-day click or 1-day view",0,,,0,,,,,0
2026-05-14,2026-05-14,"Post: ""Who said lehengas are only for brides? ✨ """,inactive,,,,300,Daily,0,0,0,2026-05-28,"7-day click or 1-day view",0,,,0,,,,,0
2026-05-14,2026-05-14,"Post: ""Made for summer days, yet wrapped in  elegance 🌿✨ """,completed,,,,300,Daily,0,0,0,2026-05-28,"7-day click or 1-day view",0,,,0,,,,,0
2026-05-14,2026-05-14,"Black Half Saree Dress Campaign",inactive,44,actions:onsite_conversion.messaging_conversation_started_7d,13.57840909,"Using ad set budget",0,597.45,17298,13461,Ongoing,"7-day click or 1-day view",34.538675,1.216802,491,0,185,15981,471,75,1.463487
2026-05-14,2026-05-14,"Lehenga post from Insta",inactive,12597,video_thruplay_watched_actions,0.03282289,"Using ad set budget",0,413.47,87156,77754,Ongoing,"7-day click or 1-day view",4.744022,0.032823,12597,0,11615,84942,16824,7692,0.172338
2026-05-14,2026-05-14,"FB Janviaika Video Campaign_English",inactive,,,,300,Daily,0,0,0,Ongoing,"7-day click or 1-day view",0,,,0,,,,,0
2026-05-14,2026-05-14,"Chudidhaar Advantage+ Shopping Campaign",inactive,,,,500,Daily,0,0,0,Ongoing,"7-day click, 1-day view or 1-day engaged view",0,,,0,,,,,0
2026-05-14,2026-05-14,"Advantage+ Shopping Campaign March",inactive,,,,500,Daily,0,0,0,Ongoing,"7-day click or 1-day view",0,,,0,,,,,0
2026-05-14,2026-05-14,"Model Engagement Video Campaign",inactive,,,,800,Daily,0,0,0,Ongoing,"Multiple attribution settings",0,,,0,,,,,0
2026-05-14,2026-05-14,"Launch Sales campaign",inactive,,,,1000,Daily,0,0,0,Ongoing,"7-day click, 1-day view or 1-day engaged view",0,,,0,,,,,0
2026-05-13,2026-05-13,"Retargeting Sales campaign",active,,,,500,Daily,0,0,0,Ongoing,"7-day click, 1-day view or 1-day engaged view",0,,,0,,,,,0
2026-05-13,2026-05-13,Anarkali-And-Half-saree-JanviAika_Shopping_Ad_Campaign,active,,,,2000,Daily,0,0,0,Ongoing,"7-day click, 1-day view or 1-day engaged view",0,,,0,,,,,0
2026-05-13,2026-05-13,"Engagement campaign Janviaika Reels",active,,,,"Using ad set budget",0,0,0,0,Ongoing,"7-day click or 1-day view",0,,,0,,,,,0
2026-05-13,2026-05-13,"JanviAika_Shopping_Ad_Campaign – Lehenga_And_Long_Gowns",active,,,,1000,Daily,0,0,0,Ongoing,"7-day click, 1-day view or 1-day engaged view",0,,,0,,,,,0
2026-05-13,2026-05-13,"Hot Campaign for Website Visitors",active,,,,500,Daily,0,0,0,Ongoing,"7-day click, 1-day view or 1-day engaged view",0,,,0,,,,,0
2026-05-13,2026-05-13,JanviAika_Shopping_Ad_Campaign,active,,,,"Using ad set budget",0,0,0,0,Ongoing,"7-day click, 1-day view or 1-day engaged view",0,,,0,,,,,0
2026-05-13,2026-05-13,"Anarkali Set Whatsapp campaign",inactive,,,,500,Daily,0,0,0,Ongoing,"7-day click or 1-day view",0,,,0,,,,,0
2026-05-13,2026-05-13,"Trendy Green Bridal Couture Whatsapp campaign",archived,,,,500,Daily,0,0,0,2026-06-03,"7-day click or 1-day view",0,,,0,,,,,0
2026-05-13,2026-05-13,Dark-Pink-Lehenga-Whatsapp-campaign,archived,,,,500,Daily,0,0,0,2026-06-03,"7-day click or 1-day view",0,,,0,,,,,0
2026-05-13,2026-05-13,"Lehenga Set Whatsapp campaign",inactive,,,,500,Daily,0,0,0,Ongoing,"7-day click or 1-day view",0,,,0,,,,,0
2026-05-13,2026-05-13,"Red Anarkali Engagement campaign",inactive,,,,300,Daily,0,0,0,Ongoing,"7-day click or 1-day view",0,,,0,,,,,0
2026-05-13,2026-05-13,"Post: ""Who said lehengas are only for brides? ✨ """,inactive,,,,300,Daily,0,0,0,2026-05-28,"7-day click or 1-day view",0,,,0,,,,,0
2026-05-13,2026-05-13,"Post: ""Made for summer days, yet wrapped in  elegance 🌿✨ """,completed,,,,300,Daily,0,0,0,2026-05-28,"7-day click or 1-day view",0,,,0,,,,,0
2026-05-13,2026-05-13,"Black Half Saree Dress Campaign",inactive,30,actions:onsite_conversion.messaging_conversation_started_7d,16.425,"Using ad set budget",0,492.75,17993,14099,Ongoing,"7-day click or 1-day view",27.38565,0.962402,512,2,204,16664,497,84,1.539116
2026-05-13,2026-05-13,"Lehenga post from Insta",inactive,9819,video_thruplay_watched_actions,0.03313372,"Using ad set budget",0,325.34,73508,71782,Ongoing,"7-day click or 1-day view",4.425913,0.033134,9819,0,8931,72222,13499,5536,0.147669
2026-05-13,2026-05-13,"FB Janviaika Video Campaign_English",inactive,,,,300,Daily,0,0,0,Ongoing,"7-day click or 1-day view",0,,,0,,,,,0
2026-05-13,2026-05-13,"Chudidhaar Advantage+ Shopping Campaign",inactive,,,,500,Daily,0,0,0,Ongoing,"7-day click, 1-day view or 1-day engaged view",0,,,0,,,,,0
2026-05-13,2026-05-13,"Advantage+ Shopping Campaign March",inactive,,,,500,Daily,0,0,0,Ongoing,"7-day click or 1-day view",0,,,0,,,,,0
2026-05-13,2026-05-13,"Model Engagement Video Campaign",inactive,,,,800,Daily,0,0,0,Ongoing,"Multiple attribution settings",0,,,0,,,,,0
2026-05-13,2026-05-13,"Launch Sales campaign",inactive,,,,1000,Daily,0,0,0,Ongoing,"7-day click, 1-day view or 1-day engaged view",0,,,0,,,,,0
2026-05-12,2026-05-12,"Retargeting Sales campaign",active,,,,500,Daily,0,0,0,Ongoing,"7-day click, 1-day view or 1-day engaged view",0,,,0,,,,,0
2026-05-12,2026-05-12,Anarkali-And-Half-saree-JanviAika_Shopping_Ad_Campaign,active,,,,2000,Daily,0,0,0,Ongoing,"7-day click, 1-day view or 1-day engaged view",0,,,0,,,,,0
2026-05-12,2026-05-12,"Engagement campaign Janviaika Reels",active,,,,"Using ad set budget",0,0,0,0,Ongoing,"7-day click or 1-day view",0,,,0,,,,,0
2026-05-12,2026-05-12,"JanviAika_Shopping_Ad_Campaign – Lehenga_And_Long_Gowns",active,,,,1000,Daily,0,0,0,Ongoing,"7-day click, 1-day view or 1-day engaged view",0,,,0,,,,,0
2026-05-12,2026-05-12,"Hot Campaign for Website Visitors",active,,,,500,Daily,0,0,0,Ongoing,"7-day click, 1-day view or 1-day engaged view",0,,,0,,,,,0
2026-05-12,2026-05-12,JanviAika_Shopping_Ad_Campaign,active,,,,"Using ad set budget",0,0,0,0,Ongoing,"7-day click, 1-day view or 1-day engaged view",0,,,0,,,,,0
2026-05-12,2026-05-12,"Anarkali Set Whatsapp campaign",inactive,,,,500,Daily,0,0,0,Ongoing,"7-day click or 1-day view",0,,,0,,,,,0
2026-05-12,2026-05-12,"Trendy Green Bridal Couture Whatsapp campaign",archived,,,,500,Daily,0,0,0,2026-06-03,"7-day click or 1-day view",0,,,0,,,,,0
2026-05-12,2026-05-12,Dark-Pink-Lehenga-Whatsapp-campaign,archived,,,,500,Daily,0,0,0,2026-06-03,"7-day click or 1-day view",0,,,0,,,,,0
2026-05-12,2026-05-12,"Lehenga Set Whatsapp campaign",inactive,,,,500,Daily,0,0,0,Ongoing,"7-day click or 1-day view",0,,,0,,,,,0
2026-05-12,2026-05-12,"Red Anarkali Engagement campaign",inactive,,,,300,Daily,0,0,0,Ongoing,"7-day click or 1-day view",0,,,0,,,,,0
2026-05-12,2026-05-12,"Post: ""Who said lehengas are only for brides? ✨ """,inactive,,,,300,Daily,0,0,0,2026-05-28,"7-day click or 1-day view",0,,,0,,,,,0
2026-05-12,2026-05-12,"Post: ""Made for summer days, yet wrapped in  elegance 🌿✨ """,completed,,,,300,Daily,0,0,0,2026-05-28,"7-day click or 1-day view",0,,,0,,,,,0
2026-05-12,2026-05-12,"Black Half Saree Dress Campaign",inactive,,,,"Using ad set budget",0,0,0,0,Ongoing,"7-day click or 1-day view",0,,,0,,,,,0
2026-05-12,2026-05-12,"Lehenga post from Insta",inactive,7137,video_thruplay_watched_actions,0.0346378,"Using ad set budget",0,247.21,45532,41954,Ongoing,"7-day click or 1-day view",5.429368,0.034638,7137,0,6655,44783,9440,4460,0.200219
2026-05-12,2026-05-12,"FB Janviaika Video Campaign_English",inactive,,,,300,Daily,0,0,0,Ongoing,"7-day click or 1-day view",0,,,0,,,,,0
2026-05-12,2026-05-12,"Chudidhaar Advantage+ Shopping Campaign",inactive,,,,500,Daily,0,0,0,Ongoing,"7-day click, 1-day view or 1-day engaged view",0,,,0,,,,,0
2026-05-12,2026-05-12,"Advantage+ Shopping Campaign March",inactive,,,,500,Daily,0,0,0,Ongoing,"7-day click or 1-day view",0,,,0,,,,,0
2026-05-12,2026-05-12,"Model Engagement Video Campaign",inactive,,,,800,Daily,0,0,0,Ongoing,"Multiple attribution settings",0,,,0,,,,,0
2026-05-12,2026-05-12,"Launch Sales campaign",inactive,,,,1000,Daily,0,0,0,Ongoing,"7-day click, 1-day view or 1-day engaged view",0,,,0,,,,,0
2026-05-11,2026-05-11,"Retargeting Sales campaign",active,,,,500,Daily,0,0,0,Ongoing,"7-day click, 1-day view or 1-day engaged view",0,,,0,,,,,0
2026-05-11,2026-05-11,Anarkali-And-Half-saree-JanviAika_Shopping_Ad_Campaign,active,,,,2000,Daily,0,0,0,Ongoing,"7-day click, 1-day view or 1-day engaged view",0,,,0,,,,,0
2026-05-11,2026-05-11,"Engagement campaign Janviaika Reels",active,,,,"Using ad set budget",0,0,0,0,Ongoing,"7-day click or 1-day view",0,,,0,,,,,0
2026-05-11,2026-05-11,"JanviAika_Shopping_Ad_Campaign – Lehenga_And_Long_Gowns",active,,,,1000,Daily,0,0,0,Ongoing,"7-day click, 1-day view or 1-day engaged view",0,,,0,,,,,0
2026-05-11,2026-05-11,"Hot Campaign for Website Visitors",active,,,,500,Daily,0,0,0,Ongoing,"7-day click, 1-day view or 1-day engaged view",0,,,0,,,,,0
2026-05-11,2026-05-11,JanviAika_Shopping_Ad_Campaign,active,,,,"Using ad set budget",0,0,0,0,Ongoing,"7-day click, 1-day view or 1-day engaged view",0,,,0,,,,,0
2026-05-11,2026-05-11,"Anarkali Set Whatsapp campaign",inactive,,,,500,Daily,0,0,0,Ongoing,"7-day click or 1-day view",0,,,0,,,,,0
2026-05-11,2026-05-11,"Trendy Green Bridal Couture Whatsapp campaign",archived,,,,500,Daily,0,0,0,2026-06-03,"7-day click or 1-day view",0,,,0,,,,,0
2026-05-11,2026-05-11,Dark-Pink-Lehenga-Whatsapp-campaign,archived,,,,500,Daily,0,0,0,2026-06-03,"7-day click or 1-day view",0,,,0,,,,,0
2026-05-11,2026-05-11,"Lehenga Set Whatsapp campaign",inactive,,,,500,Daily,0,0,0,Ongoing,"7-day click or 1-day view",0,,,0,,,,,0
2026-05-11,2026-05-11,"Red Anarkali Engagement campaign",inactive,,,,300,Daily,0,0,0,Ongoing,"7-day click or 1-day view",0,,,0,,,,,0
2026-05-11,2026-05-11,"Post: ""Who said lehengas are only for brides? ✨ """,inactive,,,,300,Daily,0,0,0,2026-05-28,"7-day click or 1-day view",0,,,0,,,,,0
2026-05-11,2026-05-11,"Post: ""Made for summer days, yet wrapped in  elegance 🌿✨ """,completed,,,,300,Daily,0,0,0,2026-05-28,"7-day click or 1-day view",0,,,0,,,,,0
2026-05-11,2026-05-11,"Black Half Saree Dress Campaign",inactive,,,,"Using ad set budget",0,0,0,0,Ongoing,"7-day click or 1-day view",0,,,0,,,,,0
2026-05-11,2026-05-11,"Lehenga post from Insta",inactive,5635,video_thruplay_watched_actions,0.03805679,"Using ad set budget",0,214.45,65227,64423,Ongoing,"7-day click or 1-day view",3.287749,0.038057,5635,0,5141,60093,7712,3731,0.088478
2026-05-11,2026-05-11,"FB Janviaika Video Campaign_English",inactive,,,,300,Daily,0,0,0,Ongoing,"7-day click or 1-day view",0,,,0,,,,,0
2026-05-11,2026-05-11,"Chudidhaar Advantage+ Shopping Campaign",inactive,,,,500,Daily,0,0,0,Ongoing,"7-day click, 1-day view or 1-day engaged view",0,,,0,,,,,0
2026-05-11,2026-05-11,"Advantage+ Shopping Campaign March",inactive,,,,500,Daily,0,0,0,Ongoing,"7-day click or 1-day view",0,,,0,,,,,0
2026-05-11,2026-05-11,"Model Engagement Video Campaign",inactive,,,,800,Daily,0,0,0,Ongoing,"Multiple attribution settings",0,,,0,,,,,0
2026-05-11,2026-05-11,"Launch Sales campaign",inactive,,,,1000,Daily,0,0,0,Ongoing,"7-day click, 1-day view or 1-day engaged view",0,,,0,,,,,0
2026-05-10,2026-05-10,"Retargeting Sales campaign",active,,,,500,Daily,0,0,0,Ongoing,"7-day click, 1-day view or 1-day engaged view",0,,,0,,,,,0
2026-05-10,2026-05-10,Anarkali-And-Half-saree-JanviAika_Shopping_Ad_Campaign,active,,,,2000,Daily,0,0,0,Ongoing,"7-day click, 1-day view or 1-day engaged view",0,,,0,,,,,0
2026-05-10,2026-05-10,"Engagement campaign Janviaika Reels",active,,,,"Using ad set budget",0,0,0,0,Ongoing,"7-day click or 1-day view",0,,,0,,,,,0
2026-05-10,2026-05-10,"JanviAika_Shopping_Ad_Campaign – Lehenga_And_Long_Gowns",active,,,,1000,Daily,0,0,0,Ongoing,"7-day click, 1-day view or 1-day engaged view",0,,,0,,,,,0
2026-05-10,2026-05-10,"Hot Campaign for Website Visitors",active,,,,500,Daily,0,0,0,Ongoing,"7-day click, 1-day view or 1-day engaged view",0,,,0,,,,,0
2026-05-10,2026-05-10,JanviAika_Shopping_Ad_Campaign,active,,,,"Using ad set budget",0,0,0,0,Ongoing,"7-day click, 1-day view or 1-day engaged view",0,,,0,,,,,0
2026-05-10,2026-05-10,"Anarkali Set Whatsapp campaign",inactive,,,,500,Daily,0,0,0,Ongoing,"7-day click or 1-day view",0,,,0,,,,,0
2026-05-10,2026-05-10,"Trendy Green Bridal Couture Whatsapp campaign",archived,,,,500,Daily,0,0,0,2026-06-03,"7-day click or 1-day view",0,,,0,,,,,0
2026-05-10,2026-05-10,Dark-Pink-Lehenga-Whatsapp-campaign,archived,,,,500,Daily,0,0,0,2026-06-03,"7-day click or 1-day view",0,,,0,,,,,0
2026-05-10,2026-05-10,"Lehenga Set Whatsapp campaign",inactive,,,,500,Daily,0,0,0,Ongoing,"7-day click or 1-day view",0,,,0,,,,,0
2026-05-10,2026-05-10,"Red Anarkali Engagement campaign",inactive,,,,300,Daily,0,0,0,Ongoing,"7-day click or 1-day view",0,,,0,,,,,0
2026-05-10,2026-05-10,"Post: ""Who said lehengas are only for brides? ✨ """,inactive,,,,300,Daily,0,0,0,2026-05-28,"7-day click or 1-day view",0,,,0,,,,,0
2026-05-10,2026-05-10,"Post: ""Made for summer days, yet wrapped in  elegance 🌿✨ """,completed,,,,300,Daily,0,0,0,2026-05-28,"7-day click or 1-day view",0,,,0,,,,,0
2026-05-10,2026-05-10,"Black Half Saree Dress Campaign",inactive,,,,"Using ad set budget",0,0,0,0,Ongoing,"7-day click or 1-day view",0,,,0,,,,,0
2026-05-10,2026-05-10,"Lehenga post from Insta",inactive,,,,"Using ad set budget",0,0,0,0,Ongoing,"7-day click or 1-day view",0,,,0,,,,,0
2026-05-10,2026-05-10,"FB Janviaika Video Campaign_English",inactive,,,,300,Daily,0,0,0,Ongoing,"7-day click or 1-day view",0,,,0,,,,,0
2026-05-10,2026-05-10,"Chudidhaar Advantage+ Shopping Campaign",inactive,,,,500,Daily,0,0,0,Ongoing,"7-day click, 1-day view or 1-day engaged view",0,,,0,,,,,0
2026-05-10,2026-05-10,"Advantage+ Shopping Campaign March",inactive,,,,500,Daily,0,0,0,Ongoing,"7-day click or 1-day view",0,,,0,,,,,0
2026-05-10,2026-05-10,"Model Engagement Video Campaign",inactive,,,,800,Daily,0,0,0,Ongoing,"Multiple attribution settings",0,,,0,,,,,0
2026-05-10,2026-05-10,"Launch Sales campaign",inactive,,,,1000,Daily,0,0,0,Ongoing,"7-day click, 1-day view or 1-day engaged view",0,,,0,,,,,0
2026-05-09,2026-05-09,"Retargeting Sales campaign",active,,,,500,Daily,0,0,0,Ongoing,"7-day click, 1-day view or 1-day engaged view",0,,,0,,,,,0
2026-05-09,2026-05-09,Anarkali-And-Half-saree-JanviAika_Shopping_Ad_Campaign,active,,,,2000,Daily,0,0,0,Ongoing,"7-day click, 1-day view or 1-day engaged view",0,,,0,,,,,0
2026-05-09,2026-05-09,"Engagement campaign Janviaika Reels",active,,,,"Using ad set budget",0,0,0,0,Ongoing,"7-day click or 1-day view",0,,,0,,,,,0
2026-05-09,2026-05-09,"JanviAika_Shopping_Ad_Campaign – Lehenga_And_Long_Gowns",active,,,,1000,Daily,0,0,0,Ongoing,"7-day click, 1-day view or 1-day engaged view",0,,,0,,,,,0
2026-05-09,2026-05-09,"Hot Campaign for Website Visitors",active,,,,500,Daily,0,0,0,Ongoing,"7-day click, 1-day view or 1-day engaged view",0,,,0,,,,,0
2026-05-09,2026-05-09,JanviAika_Shopping_Ad_Campaign,active,,,,"Using ad set budget",0,0,0,0,Ongoing,"7-day click, 1-day view or 1-day engaged view",0,,,0,,,,,0
2026-05-09,2026-05-09,"Anarkali Set Whatsapp campaign",inactive,,,,500,Daily,0,0,0,Ongoing,"7-day click or 1-day view",0,,,0,,,,,0
2026-05-09,2026-05-09,"Trendy Green Bridal Couture Whatsapp campaign",archived,,,,500,Daily,0,0,0,2026-06-03,"7-day click or 1-day view",0,,,0,,,,,0
2026-05-09,2026-05-09,Dark-Pink-Lehenga-Whatsapp-campaign,archived,,,,500,Daily,0,0,0,2026-06-03,"7-day click or 1-day view",0,,,0,,,,,0
2026-05-09,2026-05-09,"Lehenga Set Whatsapp campaign",inactive,,,,500,Daily,0,0,0,Ongoing,"7-day click or 1-day view",0,,,0,,,,,0
2026-05-09,2026-05-09,"Red Anarkali Engagement campaign",inactive,,,,300,Daily,0,0,0,Ongoing,"7-day click or 1-day view",0,,,0,,,,,0
2026-05-09,2026-05-09,"Post: ""Who said lehengas are only for brides? ✨ """,inactive,,,,300,Daily,0,0,0,2026-05-28,"7-day click or 1-day view",0,,,0,,,,,0
2026-05-09,2026-05-09,"Post: ""Made for summer days, yet wrapped in  elegance 🌿✨ """,completed,,,,300,Daily,0,0,0,2026-05-28,"7-day click or 1-day view",0,,,0,,,,,0
2026-05-09,2026-05-09,"Black Half Saree Dress Campaign",inactive,,,,"Using ad set budget",0,0,0,0,Ongoing,"7-day click or 1-day view",0,,,0,,,,,0
2026-05-09,2026-05-09,"Lehenga post from Insta",inactive,,,,"Using ad set budget",0,0,0,0,Ongoing,"7-day click or 1-day view",0,,,0,,,,,0
2026-05-09,2026-05-09,"FB Janviaika Video Campaign_English",inactive,,,,300,Daily,0,0,0,Ongoing,"7-day click or 1-day view",0,,,0,,,,,0
2026-05-09,2026-05-09,"Chudidhaar Advantage+ Shopping Campaign",inactive,,,,500,Daily,0,0,0,Ongoing,"7-day click, 1-day view or 1-day engaged view",0,,,0,,,,,0
2026-05-09,2026-05-09,"Advantage+ Shopping Campaign March",inactive,,,,500,Daily,0,0,0,Ongoing,"7-day click or 1-day view",0,,,0,,,,,0
2026-05-09,2026-05-09,"Model Engagement Video Campaign",inactive,,,,800,Daily,0,0,0,Ongoing,"Multiple attribution settings",0,,,0,,,,,0
2026-05-09,2026-05-09,"Launch Sales campaign",inactive,,,,1000,Daily,0,0,0,Ongoing,"7-day click, 1-day view or 1-day engaged view",0,,,0,,,,,0
2026-05-08,2026-05-08,"Retargeting Sales campaign",active,,,,500,Daily,0,0,0,Ongoing,"7-day click, 1-day view or 1-day engaged view",0,,,0,,,,,0
2026-05-08,2026-05-08,Anarkali-And-Half-saree-JanviAika_Shopping_Ad_Campaign,active,,,,2000,Daily,0,0,0,Ongoing,"7-day click, 1-day view or 1-day engaged view",0,,,0,,,,,0
2026-05-08,2026-05-08,"Engagement campaign Janviaika Reels",active,,,,"Using ad set budget",0,0,0,0,Ongoing,"7-day click or 1-day view",0,,,0,,,,,0
2026-05-08,2026-05-08,"JanviAika_Shopping_Ad_Campaign – Lehenga_And_Long_Gowns",active,,,,1000,Daily,0,0,0,Ongoing,"7-day click, 1-day view or 1-day engaged view",0,,,0,,,,,0
2026-05-08,2026-05-08,"Hot Campaign for Website Visitors",active,,,,500,Daily,0,0,0,Ongoing,"7-day click, 1-day view or 1-day engaged view",0,,,0,,,,,0
2026-05-08,2026-05-08,JanviAika_Shopping_Ad_Campaign,active,,,,"Using ad set budget",0,0,0,0,Ongoing,"7-day click, 1-day view or 1-day engaged view",0,,,0,,,,,0
2026-05-08,2026-05-08,"Anarkali Set Whatsapp campaign",inactive,,,,500,Daily,0,0,0,Ongoing,"7-day click or 1-day view",0,,,0,,,,,0
2026-05-08,2026-05-08,"Trendy Green Bridal Couture Whatsapp campaign",archived,,,,500,Daily,0,0,0,2026-06-03,"7-day click or 1-day view",0,,,0,,,,,0
2026-05-08,2026-05-08,Dark-Pink-Lehenga-Whatsapp-campaign,archived,,,,500,Daily,0,0,0,2026-06-03,"7-day click or 1-day view",0,,,0,,,,,0
2026-05-08,2026-05-08,"Lehenga Set Whatsapp campaign",inactive,,,,500,Daily,0,0,0,Ongoing,"7-day click or 1-day view",0,,,0,,,,,0
2026-05-08,2026-05-08,"Red Anarkali Engagement campaign",inactive,,,,300,Daily,0,0,0,Ongoing,"7-day click or 1-day view",0,,,0,,,,,0
2026-05-08,2026-05-08,"Post: ""Who said lehengas are only for brides? ✨ """,inactive,,,,300,Daily,0,0,0,2026-05-28,"7-day click or 1-day view",0,,,0,,,,,0
2026-05-08,2026-05-08,"Post: ""Made for summer days, yet wrapped in  elegance 🌿✨ """,completed,,,,300,Daily,0,0,0,2026-05-28,"7-day click or 1-day view",0,,,0,,,,,0
2026-05-08,2026-05-08,"Black Half Saree Dress Campaign",inactive,,,,"Using ad set budget",0,0,0,0,Ongoing,"7-day click or 1-day view",0,,,0,,,,,0
2026-05-08,2026-05-08,"Lehenga post from Insta",inactive,,,,"Using ad set budget",0,0,0,0,Ongoing,"7-day click or 1-day view",0,,,0,,,,,0
2026-05-08,2026-05-08,"FB Janviaika Video Campaign_English",inactive,,,,300,Daily,0,0,0,Ongoing,"7-day click or 1-day view",0,,,0,,,,,0
2026-05-08,2026-05-08,"Chudidhaar Advantage+ Shopping Campaign",inactive,,,,500,Daily,0,0,0,Ongoing,"7-day click, 1-day view or 1-day engaged view",0,,,0,,,,,0
2026-05-08,2026-05-08,"Advantage+ Shopping Campaign March",inactive,,,,500,Daily,0,0,0,Ongoing,"7-day click or 1-day view",0,,,0,,,,,0
2026-05-08,2026-05-08,"Model Engagement Video Campaign",inactive,,,,800,Daily,0,0,0,Ongoing,"Multiple attribution settings",0,,,0,,,,,0
2026-05-08,2026-05-08,"Launch Sales campaign",inactive,,,,1000,Daily,0,0,0,Ongoing,"7-day click, 1-day view or 1-day engaged view",0,,,0,,,,,0
2026-05-07,2026-05-07,"Retargeting Sales campaign",active,,,,500,Daily,0,0,0,Ongoing,"7-day click, 1-day view or 1-day engaged view",0,,,0,,,,,0
2026-05-07,2026-05-07,Anarkali-And-Half-saree-JanviAika_Shopping_Ad_Campaign,active,,,,2000,Daily,0,0,0,Ongoing,"7-day click, 1-day view or 1-day engaged view",0,,,0,,,,,0
2026-05-07,2026-05-07,"Engagement campaign Janviaika Reels",active,,,,"Using ad set budget",0,0,0,0,Ongoing,"7-day click or 1-day view",0,,,0,,,,,0
2026-05-07,2026-05-07,"JanviAika_Shopping_Ad_Campaign – Lehenga_And_Long_Gowns",active,,,,1000,Daily,0,0,0,Ongoing,"7-day click, 1-day view or 1-day engaged view",0,,,0,,,,,0
2026-05-07,2026-05-07,"Hot Campaign for Website Visitors",active,,,,500,Daily,0,0,0,Ongoing,"7-day click, 1-day view or 1-day engaged view",0,,,0,,,,,0
2026-05-07,2026-05-07,JanviAika_Shopping_Ad_Campaign,active,,,,"Using ad set budget",0,0,0,0,Ongoing,"7-day click, 1-day view or 1-day engaged view",0,,,0,,,,,0
2026-05-07,2026-05-07,"Anarkali Set Whatsapp campaign",inactive,,,,500,Daily,0,0,0,Ongoing,"7-day click or 1-day view",0,,,0,,,,,0
2026-05-07,2026-05-07,"Trendy Green Bridal Couture Whatsapp campaign",archived,,,,500,Daily,0,0,0,2026-06-03,"7-day click or 1-day view",0,,,0,,,,,0
2026-05-07,2026-05-07,Dark-Pink-Lehenga-Whatsapp-campaign,archived,,,,500,Daily,0,0,0,2026-06-03,"7-day click or 1-day view",0,,,0,,,,,0
2026-05-07,2026-05-07,"Lehenga Set Whatsapp campaign",inactive,,,,500,Daily,0,0,0,Ongoing,"7-day click or 1-day view",0,,,0,,,,,0
2026-05-07,2026-05-07,"Red Anarkali Engagement campaign",inactive,,,,300,Daily,0,0,0,Ongoing,"7-day click or 1-day view",0,,,0,,,,,0
2026-05-07,2026-05-07,"Post: ""Who said lehengas are only for brides? ✨ """,inactive,,,,300,Daily,0,0,0,2026-05-28,"7-day click or 1-day view",0,,,0,,,,,0
2026-05-07,2026-05-07,"Post: ""Made for summer days, yet wrapped in  elegance 🌿✨ """,completed,,,,300,Daily,0,0,0,2026-05-28,"7-day click or 1-day view",0,,,0,,,,,0
2026-05-07,2026-05-07,"Black Half Saree Dress Campaign",inactive,,,,"Using ad set budget",0,0,0,0,Ongoing,"7-day click or 1-day view",0,,,0,,,,,0
2026-05-07,2026-05-07,"Lehenga post from Insta",inactive,,,,"Using ad set budget",0,0,0,0,Ongoing,"7-day click or 1-day view",0,,,0,,,,,0
2026-05-07,2026-05-07,"FB Janviaika Video Campaign_English",inactive,,,,300,Daily,0,0,0,Ongoing,"7-day click or 1-day view",0,,,0,,,,,0
2026-05-07,2026-05-07,"Chudidhaar Advantage+ Shopping Campaign",inactive,,,,500,Daily,0,0,0,Ongoing,"7-day click, 1-day view or 1-day engaged view",0,,,0,,,,,0
2026-05-07,2026-05-07,"Advantage+ Shopping Campaign March",inactive,,,,500,Daily,0,0,0,Ongoing,"7-day click or 1-day view",0,,,0,,,,,0
2026-05-07,2026-05-07,"Model Engagement Video Campaign",inactive,,,,800,Daily,0,0,0,Ongoing,"Multiple attribution settings",0,,,0,,,,,0
2026-05-07,2026-05-07,"Launch Sales campaign",inactive,,,,1000,Daily,0,0,0,Ongoing,"7-day click, 1-day view or 1-day engaged view",0,,,0,,,,,0
2026-05-06,2026-05-06,"Retargeting Sales campaign",active,,,,500,Daily,0,0,0,Ongoing,"7-day click, 1-day view or 1-day engaged view",0,,,0,,,,,0
2026-05-06,2026-05-06,Anarkali-And-Half-saree-JanviAika_Shopping_Ad_Campaign,active,,,,2000,Daily,0,0,0,Ongoing,"7-day click, 1-day view or 1-day engaged view",0,,,0,,,,,0
2026-05-06,2026-05-06,"Engagement campaign Janviaika Reels",active,,,,"Using ad set budget",0,0,0,0,Ongoing,"7-day click or 1-day view",0,,,0,,,,,0
2026-05-06,2026-05-06,"JanviAika_Shopping_Ad_Campaign – Lehenga_And_Long_Gowns",active,,,,1000,Daily,0,0,0,Ongoing,"7-day click, 1-day view or 1-day engaged view",0,,,0,,,,,0
2026-05-06,2026-05-06,"Hot Campaign for Website Visitors",active,,,,500,Daily,0,0,0,Ongoing,"7-day click, 1-day view or 1-day engaged view",0,,,0,,,,,0
2026-05-06,2026-05-06,JanviAika_Shopping_Ad_Campaign,active,,,,"Using ad set budget",0,0,0,0,Ongoing,"7-day click, 1-day view or 1-day engaged view",0,,,0,,,,,0
2026-05-06,2026-05-06,"Anarkali Set Whatsapp campaign",inactive,,,,500,Daily,0,0,0,Ongoing,"7-day click or 1-day view",0,,,0,,,,,0
2026-05-06,2026-05-06,"Trendy Green Bridal Couture Whatsapp campaign",archived,,,,500,Daily,0,0,0,2026-06-03,"7-day click or 1-day view",0,,,0,,,,,0
2026-05-06,2026-05-06,Dark-Pink-Lehenga-Whatsapp-campaign,archived,,,,500,Daily,0,0,0,2026-06-03,"7-day click or 1-day view",0,,,0,,,,,0
2026-05-06,2026-05-06,"Lehenga Set Whatsapp campaign",inactive,,,,500,Daily,0,0,0,Ongoing,"7-day click or 1-day view",0,,,0,,,,,0
2026-05-06,2026-05-06,"Red Anarkali Engagement campaign",inactive,,,,300,Daily,0,0,0,Ongoing,"7-day click or 1-day view",0,,,0,,,,,0
2026-05-06,2026-05-06,"Post: ""Who said lehengas are only for brides? ✨ """,inactive,,,,300,Daily,0,0,0,2026-05-28,"7-day click or 1-day view",0,,,0,,,,,0
2026-05-06,2026-05-06,"Post: ""Made for summer days, yet wrapped in  elegance 🌿✨ """,completed,,,,300,Daily,0,0,0,2026-05-28,"7-day click or 1-day view",0,,,0,,,,,0
2026-05-06,2026-05-06,"Black Half Saree Dress Campaign",inactive,,,,"Using ad set budget",0,0,0,0,Ongoing,"7-day click or 1-day view",0,,,0,,,,,0
2026-05-06,2026-05-06,"Lehenga post from Insta",inactive,288,video_thruplay_watched_actions,0.03611111,"Using ad set budget",0,10.4,2745,2706,Ongoing,"7-day click or 1-day view",3.788707,0.036111,288,0,261,2696,401,162,0.14782
2026-05-06,2026-05-06,"FB Janviaika Video Campaign_English",inactive,170,video_thruplay_watched_actions,0.04147059,300,Daily,7.05,1542,1542,Ongoing,"7-day click or 1-day view",4.571984,0.041471,170,0,34,1538,80,13,0.389105
2026-05-06,2026-05-06,"Chudidhaar Advantage+ Shopping Campaign",inactive,,,,500,Daily,0,0,0,Ongoing,"7-day click, 1-day view or 1-day engaged view",0,,,0,,,,,0
2026-05-06,2026-05-06,"Advantage+ Shopping Campaign March",inactive,,,,500,Daily,0,0,0,Ongoing,"7-day click or 1-day view",0,,,0,,,,,0
2026-05-06,2026-05-06,"Model Engagement Video Campaign",inactive,,,,800,Daily,0,0,0,Ongoing,"Multiple attribution settings",0,,,0,,,,,0
2026-05-06,2026-05-06,"Launch Sales campaign",inactive,,,,1000,Daily,0,0,0,Ongoing,"7-day click, 1-day view or 1-day engaged view",0,,,0,,,,,0
2026-05-05,2026-05-05,"Retargeting Sales campaign",active,,,,500,Daily,0,0,0,Ongoing,"7-day click, 1-day view or 1-day engaged view",0,,,0,,,,,0
2026-05-05,2026-05-05,Anarkali-And-Half-saree-JanviAika_Shopping_Ad_Campaign,active,,,,2000,Daily,0,0,0,Ongoing,"7-day click, 1-day view or 1-day engaged view",0,,,0,,,,,0
2026-05-05,2026-05-05,"Engagement campaign Janviaika Reels",active,,,,"Using ad set budget",0,0,0,0,Ongoing,"7-day click or 1-day view",0,,,0,,,,,0
2026-05-05,2026-05-05,"JanviAika_Shopping_Ad_Campaign – Lehenga_And_Long_Gowns",active,,,,1000,Daily,0,0,0,Ongoing,"7-day click, 1-day view or 1-day engaged view",0,,,0,,,,,0
2026-05-05,2026-05-05,"Hot Campaign for Website Visitors",active,,,,500,Daily,0,0,0,Ongoing,"7-day click, 1-day view or 1-day engaged view",0,,,0,,,,,0
2026-05-05,2026-05-05,JanviAika_Shopping_Ad_Campaign,active,,,,"Using ad set budget",0,0,0,0,Ongoing,"7-day click, 1-day view or 1-day engaged view",0,,,0,,,,,0
2026-05-05,2026-05-05,"Anarkali Set Whatsapp campaign",inactive,,,,500,Daily,0,0,0,Ongoing,"7-day click or 1-day view",0,,,0,,,,,0
2026-05-05,2026-05-05,"Trendy Green Bridal Couture Whatsapp campaign",archived,,,,500,Daily,0,0,0,2026-06-03,"7-day click or 1-day view",0,,,0,,,,,0
2026-05-05,2026-05-05,Dark-Pink-Lehenga-Whatsapp-campaign,archived,,,,500,Daily,0,0,0,2026-06-03,"7-day click or 1-day view",0,,,0,,,,,0
2026-05-05,2026-05-05,"Lehenga Set Whatsapp campaign",inactive,,,,500,Daily,0,0,0,Ongoing,"7-day click or 1-day view",0,,,0,,,,,0
2026-05-05,2026-05-05,"Red Anarkali Engagement campaign",inactive,,,,300,Daily,0,0,0,Ongoing,"7-day click or 1-day view",0,,,0,,,,,0
2026-05-05,2026-05-05,"Post: ""Who said lehengas are only for brides? ✨ """,inactive,,,,300,Daily,0,0,0,2026-05-28,"7-day click or 1-day view",0,,,0,,,,,0
2026-05-05,2026-05-05,"Post: ""Made for summer days, yet wrapped in  elegance 🌿✨ """,completed,,,,300,Daily,0,0,0,2026-05-28,"7-day click or 1-day view",0,,,0,,,,,0
2026-05-05,2026-05-05,"Black Half Saree Dress Campaign",inactive,,,,"Using ad set budget",0,0,0,0,Ongoing,"7-day click or 1-day view",0,,,0,,,,,0
2026-05-05,2026-05-05,"Lehenga post from Insta",inactive,9212,video_thruplay_watched_actions,0.03207881,"Using ad set budget",0,295.51,71329,67487,Ongoing,"7-day click or 1-day view",4.142915,0.032079,9212,0,8416,70513,12667,5310,0.174848
2026-05-05,2026-05-05,"FB Janviaika Video Campaign_English",inactive,7965,video_thruplay_watched_actions,0.03807282,300,Daily,303.25,56803,54254,Ongoing,"7-day click or 1-day view",5.338626,0.038073,7965,0,1790,56049,3956,560,0.272791
2026-05-05,2026-05-05,"Chudidhaar Advantage+ Shopping Campaign",inactive,,,,500,Daily,0,0,0,Ongoing,"7-day click, 1-day view or 1-day engaged view",0,,,0,,,,,0
2026-05-05,2026-05-05,"Advantage+ Shopping Campaign March",inactive,,,,500,Daily,0,0,0,Ongoing,"7-day click or 1-day view",0,,,0,,,,,0
2026-05-05,2026-05-05,"Model Engagement Video Campaign",inactive,,,,800,Daily,0,0,0,Ongoing,"Multiple attribution settings",0,,,0,,,,,0
2026-05-05,2026-05-05,"Launch Sales campaign",inactive,,,,1000,Daily,0,0,0,Ongoing,"7-day click, 1-day view or 1-day engaged view",0,,,0,,,,,0
2026-05-04,2026-05-04,"Retargeting Sales campaign",active,,,,500,Daily,0,0,0,Ongoing,"7-day click, 1-day view or 1-day engaged view",0,,,0,,,,,0
2026-05-04,2026-05-04,Anarkali-And-Half-saree-JanviAika_Shopping_Ad_Campaign,active,,,,2000,Daily,0,0,0,Ongoing,"7-day click, 1-day view or 1-day engaged view",0,,,0,,,,,0
2026-05-04,2026-05-04,"Engagement campaign Janviaika Reels",active,,,,"Using ad set budget",0,0,0,0,Ongoing,"7-day click or 1-day view",0,,,0,,,,,0
2026-05-04,2026-05-04,"JanviAika_Shopping_Ad_Campaign – Lehenga_And_Long_Gowns",active,,,,1000,Daily,0,0,0,Ongoing,"7-day click, 1-day view or 1-day engaged view",0,,,0,,,,,0
2026-05-04,2026-05-04,"Hot Campaign for Website Visitors",active,,,,500,Daily,0,0,0,Ongoing,"7-day click, 1-day view or 1-day engaged view",0,,,0,,,,,0
2026-05-04,2026-05-04,JanviAika_Shopping_Ad_Campaign,active,,,,"Using ad set budget",0,0,0,0,Ongoing,"7-day click, 1-day view or 1-day engaged view",0,,,0,,,,,0
2026-05-04,2026-05-04,"Anarkali Set Whatsapp campaign",inactive,,,,500,Daily,0,0,0,Ongoing,"7-day click or 1-day view",0,,,0,,,,,0
2026-05-04,2026-05-04,"Trendy Green Bridal Couture Whatsapp campaign",archived,,,,500,Daily,0,0,0,2026-06-03,"7-day click or 1-day view",0,,,0,,,,,0
2026-05-04,2026-05-04,Dark-Pink-Lehenga-Whatsapp-campaign,archived,,,,500,Daily,0,0,0,2026-06-03,"7-day click or 1-day view",0,,,0,,,,,0
2026-05-04,2026-05-04,"Lehenga Set Whatsapp campaign",inactive,,,,500,Daily,0,0,0,Ongoing,"7-day click or 1-day view",0,,,0,,,,,0
2026-05-04,2026-05-04,"Red Anarkali Engagement campaign",inactive,,,,300,Daily,0,0,0,Ongoing,"7-day click or 1-day view",0,,,0,,,,,0
2026-05-04,2026-05-04,"Post: ""Who said lehengas are only for brides? ✨ """,inactive,,,,300,Daily,0,0,0,2026-05-28,"7-day click or 1-day view",0,,,0,,,,,0
2026-05-04,2026-05-04,"Post: ""Made for summer days, yet wrapped in  elegance 🌿✨ """,completed,,,,300,Daily,0,0,0,2026-05-28,"7-day click or 1-day view",0,,,0,,,,,0
2026-05-04,2026-05-04,"Black Half Saree Dress Campaign",inactive,,,,"Using ad set budget",0,0,0,0,Ongoing,"7-day click or 1-day view",0,,,0,,,,,0
2026-05-04,2026-05-04,"Lehenga post from Insta",inactive,8402,video_thruplay_watched_actions,0.02995477,"Using ad set budget",0,251.68,61754,54195,Ongoing,"7-day click or 1-day view",4.075525,0.029955,8402,0,7706,61036,11401,4903,0.215887
2026-05-04,2026-05-04,"FB Janviaika Video Campaign_English",inactive,7717,video_thruplay_watched_actions,0.03709213,300,Daily,286.24,61254,58449,Ongoing,"7-day click or 1-day view",4.673001,0.037092,7717,0,1639,60502,3370,477,0.181355
2026-05-04,2026-05-04,"Chudidhaar Advantage+ Shopping Campaign",inactive,,,,500,Daily,0,0,0,Ongoing,"7-day click, 1-day view or 1-day engaged view",0,,,0,,,,,0
2026-05-04,2026-05-04,"Advantage+ Shopping Campaign March",inactive,,,,500,Daily,0,0,0,Ongoing,"7-day click or 1-day view",0,,,0,,,,,0
2026-05-04,2026-05-04,"Model Engagement Video Campaign",inactive,,,,800,Daily,0,0,0,Ongoing,"Multiple attribution settings",0,,,0,,,,,0
2026-05-04,2026-05-04,"Launch Sales campaign",inactive,,,,1000,Daily,0,0,0,Ongoing,"7-day click, 1-day view or 1-day engaged view",0,,,0,,,,,0
2026-05-03,2026-05-03,"Retargeting Sales campaign",active,,,,500,Daily,0,0,0,Ongoing,"7-day click, 1-day view or 1-day engaged view",0,,,0,,,,,0
2026-05-03,2026-05-03,Anarkali-And-Half-saree-JanviAika_Shopping_Ad_Campaign,active,,,,2000,Daily,0,0,0,Ongoing,"7-day click, 1-day view or 1-day engaged view",0,,,0,,,,,0
2026-05-03,2026-05-03,"Engagement campaign Janviaika Reels",active,,,,"Using ad set budget",0,0,0,0,Ongoing,"7-day click or 1-day view",0,,,0,,,,,0
2026-05-03,2026-05-03,"JanviAika_Shopping_Ad_Campaign – Lehenga_And_Long_Gowns",active,,,,1000,Daily,0,0,0,Ongoing,"7-day click, 1-day view or 1-day engaged view",0,,,0,,,,,0
2026-05-03,2026-05-03,"Hot Campaign for Website Visitors",active,,,,500,Daily,0,0,0,Ongoing,"7-day click, 1-day view or 1-day engaged view",0,,,0,,,,,0
2026-05-03,2026-05-03,JanviAika_Shopping_Ad_Campaign,active,,,,"Using ad set budget",0,0,0,0,Ongoing,"7-day click, 1-day view or 1-day engaged view",0,,,0,,,,,0
2026-05-03,2026-05-03,"Anarkali Set Whatsapp campaign",inactive,,,,500,Daily,0,0,0,Ongoing,"7-day click or 1-day view",0,,,0,,,,,0
2026-05-03,2026-05-03,"Trendy Green Bridal Couture Whatsapp campaign",archived,,,,500,Daily,0,0,0,2026-06-03,"7-day click or 1-day view",0,,,0,,,,,0
2026-05-03,2026-05-03,Dark-Pink-Lehenga-Whatsapp-campaign,archived,,,,500,Daily,0,0,0,2026-06-03,"7-day click or 1-day view",0,,,0,,,,,0
2026-05-03,2026-05-03,"Lehenga Set Whatsapp campaign",inactive,,,,500,Daily,0,0,0,Ongoing,"7-day click or 1-day view",0,,,0,,,,,0
2026-05-03,2026-05-03,"Red Anarkali Engagement campaign",inactive,,,,300,Daily,0,0,0,Ongoing,"7-day click or 1-day view",0,,,0,,,,,0
2026-05-03,2026-05-03,"Post: ""Who said lehengas are only for brides? ✨ """,inactive,,,,300,Daily,0,0,0,2026-05-28,"7-day click or 1-day view",0,,,0,,,,,0
2026-05-03,2026-05-03,"Post: ""Made for summer days, yet wrapped in  elegance 🌿✨ """,completed,,,,300,Daily,0,0,0,2026-05-28,"7-day click or 1-day view",0,,,0,,,,,0
2026-05-03,2026-05-03,"Black Half Saree Dress Campaign",inactive,,,,"Using ad set budget",0,0,0,0,Ongoing,"7-day click or 1-day view",0,,,0,,,,,0
2026-05-03,2026-05-03,"Lehenga post from Insta",inactive,23299,video_thruplay_watched_actions,0.02493884,"Using ad set budget",0,581.05,285707,278691,Ongoing,"7-day click or 1-day view",2.033727,0.024939,23299,0,21484,259157,31760,15235,0.044135
2026-05-03,2026-05-03,"FB Janviaika Video Campaign_English",inactive,6804,video_thruplay_watched_actions,0.03869929,300,Daily,263.31,55004,51803,Ongoing,"7-day click or 1-day view",4.787106,0.038699,6804,0,1432,54278,2919,431,0.243229
2026-05-03,2026-05-03,"Chudidhaar Advantage+ Shopping Campaign",inactive,,,,500,Daily,0,0,0,Ongoing,"7-day click, 1-day view or 1-day engaged view",0,,,0,,,,,0
2026-05-03,2026-05-03,"Advantage+ Shopping Campaign March",inactive,,,,500,Daily,0,0,0,Ongoing,"7-day click or 1-day view",0,,,0,,,,,0
2026-05-03,2026-05-03,"Model Engagement Video Campaign",inactive,,,,800,Daily,0,0,0,Ongoing,"Multiple attribution settings",0,,,0,,,,,0
2026-05-03,2026-05-03,"Launch Sales campaign",inactive,,,,1000,Daily,0,0,0,Ongoing,"7-day click, 1-day view or 1-day engaged view",0,,,0,,,,,0
2026-05-02,2026-05-02,"Retargeting Sales campaign",active,,,,500,Daily,0,0,0,Ongoing,"7-day click, 1-day view or 1-day engaged view",0,,,0,,,,,0
2026-05-02,2026-05-02,Anarkali-And-Half-saree-JanviAika_Shopping_Ad_Campaign,active,,,,2000,Daily,0,0,0,Ongoing,"7-day click, 1-day view or 1-day engaged view",0,,,0,,,,,0
2026-05-02,2026-05-02,"Engagement campaign Janviaika Reels",active,,,,"Using ad set budget",0,0,0,0,Ongoing,"7-day click or 1-day view",0,,,0,,,,,0
2026-05-02,2026-05-02,"JanviAika_Shopping_Ad_Campaign – Lehenga_And_Long_Gowns",active,,,,1000,Daily,0,0,0,Ongoing,"7-day click, 1-day view or 1-day engaged view",0,,,0,,,,,0
2026-05-02,2026-05-02,"Hot Campaign for Website Visitors",active,,,,500,Daily,0,0,0,Ongoing,"7-day click, 1-day view or 1-day engaged view",0,,,0,,,,,0
2026-05-02,2026-05-02,JanviAika_Shopping_Ad_Campaign,active,,,,"Using ad set budget",0,0,0,0,Ongoing,"7-day click, 1-day view or 1-day engaged view",0,,,0,,,,,0
2026-05-02,2026-05-02,"Anarkali Set Whatsapp campaign",inactive,,,,500,Daily,0,0,0,Ongoing,"7-day click or 1-day view",0,,,0,,,,,0
2026-05-02,2026-05-02,"Trendy Green Bridal Couture Whatsapp campaign",archived,,,,500,Daily,0,0,0,2026-06-03,"7-day click or 1-day view",0,,,0,,,,,0
2026-05-02,2026-05-02,Dark-Pink-Lehenga-Whatsapp-campaign,archived,,,,500,Daily,0,0,0,2026-06-03,"7-day click or 1-day view",0,,,0,,,,,0
2026-05-02,2026-05-02,"Lehenga Set Whatsapp campaign",inactive,,,,500,Daily,0,0,0,Ongoing,"7-day click or 1-day view",0,,,0,,,,,0
2026-05-02,2026-05-02,"Red Anarkali Engagement campaign",inactive,,,,300,Daily,0,0,0,Ongoing,"7-day click or 1-day view",0,,,0,,,,,0
2026-05-02,2026-05-02,"Post: ""Who said lehengas are only for brides? ✨ """,inactive,,,,300,Daily,0,0,0,2026-05-28,"7-day click or 1-day view",0,,,0,,,,,0
2026-05-02,2026-05-02,"Post: ""Made for summer days, yet wrapped in  elegance 🌿✨ """,completed,,,,300,Daily,0,0,0,2026-05-28,"7-day click or 1-day view",0,,,0,,,,,0
2026-05-02,2026-05-02,"Black Half Saree Dress Campaign",inactive,,,,"Using ad set budget",0,0,0,0,Ongoing,"7-day click or 1-day view",0,,,0,,,,,0
2026-05-02,2026-05-02,"Lehenga post from Insta",inactive,15296,video_thruplay_watched_actions,0.03324529,"Using ad set budget",0,508.52,124329,112411,Ongoing,"7-day click or 1-day view",4.090116,0.033245,15296,0,13863,122482,21678,8613,0.19571
2026-05-02,2026-05-02,"FB Janviaika Video Campaign_English",inactive,5804,video_thruplay_watched_actions,0.03425913,300,Daily,198.84,40712,37940,Ongoing,"7-day click or 1-day view",4.884064,0.034259,5804,1,1272,40212,2725,394,0.274117
2026-05-02,2026-05-02,"Chudidhaar Advantage+ Shopping Campaign",inactive,,,,500,Daily,0,0,0,Ongoing,"7-day click, 1-day view or 1-day engaged view",0,,,0,,,,,0
2026-05-02,2026-05-02,"Advantage+ Shopping Campaign March",inactive,,,,500,Daily,0,0,0,Ongoing,"7-day click or 1-day view",0,,,0,,,,,0
2026-05-02,2026-05-02,"Model Engagement Video Campaign",inactive,,,,800,Daily,0,0,0,Ongoing,"Multiple attribution settings",0,,,0,,,,,0
2026-05-02,2026-05-02,"Launch Sales campaign",inactive,,,,1000,Daily,0,0,0,Ongoing,"7-day click, 1-day view or 1-day engaged view",0,,,0,,,,,0
2026-05-01,2026-05-01,"Retargeting Sales campaign",active,,,,500,Daily,0,0,0,Ongoing,"7-day click, 1-day view or 1-day engaged view",0,,,0,,,,,0
2026-05-01,2026-05-01,Anarkali-And-Half-saree-JanviAika_Shopping_Ad_Campaign,active,,,,2000,Daily,0,0,0,Ongoing,"7-day click, 1-day view or 1-day engaged view",0,,,0,,,,,0
2026-05-01,2026-05-01,"Engagement campaign Janviaika Reels",active,,,,"Using ad set budget",0,0,0,0,Ongoing,"7-day click or 1-day view",0,,,0,,,,,0
2026-05-01,2026-05-01,"JanviAika_Shopping_Ad_Campaign – Lehenga_And_Long_Gowns",active,,,,1000,Daily,0,0,0,Ongoing,"7-day click, 1-day view or 1-day engaged view",0,,,0,,,,,0
2026-05-01,2026-05-01,"Hot Campaign for Website Visitors",active,,,,500,Daily,0,0,0,Ongoing,"7-day click, 1-day view or 1-day engaged view",0,,,0,,,,,0
2026-05-01,2026-05-01,JanviAika_Shopping_Ad_Campaign,active,,,,"Using ad set budget",0,0,0,0,Ongoing,"7-day click, 1-day view or 1-day engaged view",0,,,0,,,,,0
2026-05-01,2026-05-01,"Anarkali Set Whatsapp campaign",inactive,,,,500,Daily,0,0,0,Ongoing,"7-day click or 1-day view",0,,,0,,,,,0
2026-05-01,2026-05-01,"Trendy Green Bridal Couture Whatsapp campaign",archived,,,,500,Daily,0,0,0,2026-06-03,"7-day click or 1-day view",0,,,0,,,,,0
2026-05-01,2026-05-01,Dark-Pink-Lehenga-Whatsapp-campaign,archived,,,,500,Daily,0,0,0,2026-06-03,"7-day click or 1-day view",0,,,0,,,,,0
2026-05-01,2026-05-01,"Lehenga Set Whatsapp campaign",inactive,,,,500,Daily,0,0,0,Ongoing,"7-day click or 1-day view",0,,,0,,,,,0
2026-05-01,2026-05-01,"Red Anarkali Engagement campaign",inactive,,,,300,Daily,0,0,0,Ongoing,"7-day click or 1-day view",0,,,0,,,,,0
2026-05-01,2026-05-01,"Post: ""Who said lehengas are only for brides? ✨ """,inactive,,,,300,Daily,0,0,0,2026-05-28,"7-day click or 1-day view",0,,,0,,,,,0
2026-05-01,2026-05-01,"Post: ""Made for summer days, yet wrapped in  elegance 🌿✨ """,completed,,,,300,Daily,0,0,0,2026-05-28,"7-day click or 1-day view",0,,,0,,,,,0
2026-05-01,2026-05-01,"Black Half Saree Dress Campaign",inactive,,,,"Using ad set budget",0,0,0,0,Ongoing,"7-day click or 1-day view",0,,,0,,,,,0
2026-05-01,2026-05-01,"Lehenga post from Insta",inactive,12163,video_thruplay_watched_actions,0.03793472,"Using ad set budget",0,461.4,85825,78466,Ongoing,"7-day click or 1-day view",5.376056,0.037935,12163,0,10689,84311,16792,7007,0.220478
2026-05-01,2026-05-01,"FB Janviaika Video Campaign_English",inactive,6261,video_thruplay_watched_actions,0.03399776,300,Daily,212.86,44844,42703,Ongoing,"7-day click or 1-day view",4.746677,0.033998,6261,0,1322,44358,2838,378,0.257593
2026-05-01,2026-05-01,"Chudidhaar Advantage+ Shopping Campaign",inactive,,,,500,Daily,0,0,0,Ongoing,"7-day click, 1-day view or 1-day engaged view",0,,,0,,,,,0
2026-05-01,2026-05-01,"Advantage+ Shopping Campaign March",inactive,,,,500,Daily,0,0,0,Ongoing,"7-day click or 1-day view",0,,,0,,,,,0
2026-05-01,2026-05-01,"Model Engagement Video Campaign",inactive,,,,800,Daily,0,0,0,Ongoing,"Multiple attribution settings",0,,,0,,,,,0
2026-05-01,2026-05-01,"Launch Sales campaign",inactive,,,,1000,Daily,0,0,0,Ongoing,"7-day click, 1-day view or 1-day engaged view",0,,,0,,,,,0
2026-04-30,2026-04-30,"Retargeting Sales campaign",active,,,,500,Daily,0,0,0,Ongoing,"7-day click, 1-day view or 1-day engaged view",0,,,0,,,,,0
2026-04-30,2026-04-30,Anarkali-And-Half-saree-JanviAika_Shopping_Ad_Campaign,active,,,,2000,Daily,0,0,0,Ongoing,"7-day click, 1-day view or 1-day engaged view",0,,,0,,,,,0
2026-04-30,2026-04-30,"Engagement campaign Janviaika Reels",active,,,,"Using ad set budget",0,0,0,0,Ongoing,"7-day click or 1-day view",0,,,0,,,,,0
2026-04-30,2026-04-30,"JanviAika_Shopping_Ad_Campaign – Lehenga_And_Long_Gowns",active,,,,1000,Daily,0,0,0,Ongoing,"7-day click, 1-day view or 1-day engaged view",0,,,0,,,,,0
2026-04-30,2026-04-30,"Hot Campaign for Website Visitors",active,,,,500,Daily,0,0,0,Ongoing,"7-day click, 1-day view or 1-day engaged view",0,,,0,,,,,0
2026-04-30,2026-04-30,JanviAika_Shopping_Ad_Campaign,active,,,,"Using ad set budget",0,0,0,0,Ongoing,"7-day click, 1-day view or 1-day engaged view",0,,,0,,,,,0
2026-04-30,2026-04-30,"Anarkali Set Whatsapp campaign",inactive,,,,500,Daily,0,0,0,Ongoing,"7-day click or 1-day view",0,,,0,,,,,0
2026-04-30,2026-04-30,"Trendy Green Bridal Couture Whatsapp campaign",archived,,,,500,Daily,0,0,0,2026-06-03,"7-day click or 1-day view",0,,,0,,,,,0
2026-04-30,2026-04-30,Dark-Pink-Lehenga-Whatsapp-campaign,archived,,,,500,Daily,0,0,0,2026-06-03,"7-day click or 1-day view",0,,,0,,,,,0
2026-04-30,2026-04-30,"Lehenga Set Whatsapp campaign",inactive,,,,500,Daily,0,0,0,Ongoing,"7-day click or 1-day view",0,,,0,,,,,0
2026-04-30,2026-04-30,"Red Anarkali Engagement campaign",inactive,,,,300,Daily,0,0,0,Ongoing,"7-day click or 1-day view",0,,,0,,,,,0
2026-04-30,2026-04-30,"Post: ""Who said lehengas are only for brides? ✨ """,inactive,,,,300,Daily,0,0,0,2026-05-28,"7-day click or 1-day view",0,,,0,,,,,0
2026-04-30,2026-04-30,"Post: ""Made for summer days, yet wrapped in  elegance 🌿✨ """,completed,,,,300,Daily,0,0,0,2026-05-28,"7-day click or 1-day view",0,,,0,,,,,0
2026-04-30,2026-04-30,"Black Half Saree Dress Campaign",inactive,,,,"Using ad set budget",0,0,0,0,Ongoing,"7-day click or 1-day view",0,,,0,,,,,0
2026-04-30,2026-04-30,"Lehenga post from Insta",inactive,2285,video_thruplay_watched_actions,0.03979869,"Using ad set budget",0,90.94,19816,19778,Ongoing,"7-day click or 1-day view",4.589221,0.039799,2285,0,1865,19428,3440,1042,0.283143
2026-04-30,2026-04-30,"FB Janviaika Video Campaign_English",inactive,5765,video_thruplay_watched_actions,0.0351379,300,Daily,202.57,41182,39652,Ongoing,"7-day click or 1-day view",4.918897,0.035138,5765,0,1204,40737,2595,354,0.27237
2026-04-30,2026-04-30,"Chudidhaar Advantage+ Shopping Campaign",inactive,,,,500,Daily,0,0,0,Ongoing,"7-day click, 1-day view or 1-day engaged view",0,,,0,,,,,0
2026-04-30,2026-04-30,"Advantage+ Shopping Campaign March",inactive,,,,500,Daily,0,0,0,Ongoing,"7-day click or 1-day view",0,,,0,,,,,0
2026-04-30,2026-04-30,"Model Engagement Video Campaign",inactive,,,,800,Daily,0,0,0,Ongoing,"Multiple attribution settings",0,,,0,,,,,0
2026-04-30,2026-04-30,"Launch Sales campaign",inactive,,,,1000,Daily,0,0,0,Ongoing,"7-day click, 1-day view or 1-day engaged view",0,,,0,,,,,0
2026-04-29,2026-04-29,"Retargeting Sales campaign",active,,,,500,Daily,0,0,0,Ongoing,"7-day click, 1-day view or 1-day engaged view",0,,,0,,,,,0
2026-04-29,2026-04-29,Anarkali-And-Half-saree-JanviAika_Shopping_Ad_Campaign,active,,,,2000,Daily,0,0,0,Ongoing,"7-day click, 1-day view or 1-day engaged view",0,,,0,,,,,0
2026-04-29,2026-04-29,"Engagement campaign Janviaika Reels",active,,,,"Using ad set budget",0,0,0,0,Ongoing,"7-day click or 1-day view",0,,,0,,,,,0
2026-04-29,2026-04-29,"JanviAika_Shopping_Ad_Campaign – Lehenga_And_Long_Gowns",active,,,,1000,Daily,0,0,0,Ongoing,"7-day click, 1-day view or 1-day engaged view",0,,,0,,,,,0
2026-04-29,2026-04-29,"Hot Campaign for Website Visitors",active,,,,500,Daily,0,0,0,Ongoing,"7-day click, 1-day view or 1-day engaged view",0,,,0,,,,,0
2026-04-29,2026-04-29,JanviAika_Shopping_Ad_Campaign,active,,,,"Using ad set budget",0,0,0,0,Ongoing,"7-day click, 1-day view or 1-day engaged view",0,,,0,,,,,0
2026-04-29,2026-04-29,"Anarkali Set Whatsapp campaign",inactive,,,,500,Daily,0,0,0,Ongoing,"7-day click or 1-day view",0,,,0,,,,,0
2026-04-29,2026-04-29,"Trendy Green Bridal Couture Whatsapp campaign",archived,,,,500,Daily,0,0,0,2026-06-03,"7-day click or 1-day view",0,,,0,,,,,0
2026-04-29,2026-04-29,Dark-Pink-Lehenga-Whatsapp-campaign,archived,,,,500,Daily,0,0,0,2026-06-03,"7-day click or 1-day view",0,,,0,,,,,0
2026-04-29,2026-04-29,"Lehenga Set Whatsapp campaign",inactive,,,,500,Daily,0,0,0,Ongoing,"7-day click or 1-day view",0,,,0,,,,,0
2026-04-29,2026-04-29,"Red Anarkali Engagement campaign",inactive,,,,300,Daily,0,0,0,Ongoing,"7-day click or 1-day view",0,,,0,,,,,0
2026-04-29,2026-04-29,"Post: ""Who said lehengas are only for brides? ✨ """,inactive,,,,300,Daily,0,0,0,2026-05-28,"7-day click or 1-day view",0,,,0,,,,,0
2026-04-29,2026-04-29,"Post: ""Made for summer days, yet wrapped in  elegance 🌿✨ """,completed,,,,300,Daily,0,0,0,2026-05-28,"7-day click or 1-day view",0,,,0,,,,,0
2026-04-29,2026-04-29,"Black Half Saree Dress Campaign",inactive,,,,"Using ad set budget",0,0,0,0,Ongoing,"7-day click or 1-day view",0,,,0,,,,,0
2026-04-29,2026-04-29,"Lehenga post from Insta",inactive,,,,"Using ad set budget",0,0,0,0,Ongoing,"7-day click or 1-day view",0,,,0,,,,,0
2026-04-29,2026-04-29,"FB Janviaika Video Campaign_English",inactive,5147,video_thruplay_watched_actions,0.03696717,300,Daily,190.27,37544,35564,Ongoing,"7-day click or 1-day view",5.06792,0.036967,5147,0,1120,37135,2316,343,0.298054
2026-04-29,2026-04-29,"Chudidhaar Advantage+ Shopping Campaign",inactive,,,,500,Daily,0,0,0,Ongoing,"7-day click, 1-day view or 1-day engaged view",0,,,0,,,,,0
2026-04-29,2026-04-29,"Advantage+ Shopping Campaign March",inactive,,,,500,Daily,0,0,0,Ongoing,"7-day click or 1-day view",0,,,0,,,,,0
2026-04-29,2026-04-29,"Model Engagement Video Campaign",inactive,,,,800,Daily,0,0,0,Ongoing,"Multiple attribution settings",0,,,0,,,,,0
2026-04-29,2026-04-29,"Launch Sales campaign",inactive,,,,1000,Daily,0,0,0,Ongoing,"7-day click, 1-day view or 1-day engaged view",0,,,0,,,,,0
2026-04-28,2026-04-28,"Retargeting Sales campaign",active,,,,500,Daily,0,0,0,Ongoing,"7-day click, 1-day view or 1-day engaged view",0,,,0,,,,,0
2026-04-28,2026-04-28,Anarkali-And-Half-saree-JanviAika_Shopping_Ad_Campaign,active,,,,2000,Daily,0,0,0,Ongoing,"7-day click, 1-day view or 1-day engaged view",0,,,0,,,,,0
2026-04-28,2026-04-28,"Engagement campaign Janviaika Reels",active,,,,"Using ad set budget",0,0,0,0,Ongoing,"7-day click or 1-day view",0,,,0,,,,,0
2026-04-28,2026-04-28,"JanviAika_Shopping_Ad_Campaign – Lehenga_And_Long_Gowns",active,,,,1000,Daily,0,0,0,Ongoing,"7-day click, 1-day view or 1-day engaged view",0,,,0,,,,,0
2026-04-28,2026-04-28,"Hot Campaign for Website Visitors",active,,,,500,Daily,0,0,0,Ongoing,"7-day click, 1-day view or 1-day engaged view",0,,,0,,,,,0
2026-04-28,2026-04-28,JanviAika_Shopping_Ad_Campaign,active,,,,"Using ad set budget",0,0,0,0,Ongoing,"7-day click, 1-day view or 1-day engaged view",0,,,0,,,,,0
2026-04-28,2026-04-28,"Anarkali Set Whatsapp campaign",inactive,,,,500,Daily,0,0,0,Ongoing,"7-day click or 1-day view",0,,,0,,,,,0
2026-04-28,2026-04-28,"Trendy Green Bridal Couture Whatsapp campaign",archived,,,,500,Daily,0,0,0,2026-06-03,"7-day click or 1-day view",0,,,0,,,,,0
2026-04-28,2026-04-28,Dark-Pink-Lehenga-Whatsapp-campaign,archived,,,,500,Daily,0,0,0,2026-06-03,"7-day click or 1-day view",0,,,0,,,,,0
2026-04-28,2026-04-28,"Lehenga Set Whatsapp campaign",inactive,,,,500,Daily,0,0,0,Ongoing,"7-day click or 1-day view",0,,,0,,,,,0
2026-04-28,2026-04-28,"Red Anarkali Engagement campaign",inactive,,,,300,Daily,0,0,0,Ongoing,"7-day click or 1-day view",0,,,0,,,,,0
2026-04-28,2026-04-28,"Post: ""Who said lehengas are only for brides? ✨ """,inactive,,,,300,Daily,0,0,0,2026-05-28,"7-day click or 1-day view",0,,,0,,,,,0
2026-04-28,2026-04-28,"Post: ""Made for summer days, yet wrapped in  elegance 🌿✨ """,completed,,,,300,Daily,0,0,0,2026-05-28,"7-day click or 1-day view",0,,,0,,,,,0
2026-04-28,2026-04-28,"Black Half Saree Dress Campaign",inactive,,,,"Using ad set budget",0,0,0,0,Ongoing,"7-day click or 1-day view",0,,,0,,,,,0
2026-04-28,2026-04-28,"Lehenga post from Insta",inactive,,,,"Using ad set budget",0,0,0,0,Ongoing,"7-day click or 1-day view",0,,,0,,,,,0
2026-04-28,2026-04-28,"FB Janviaika Video Campaign_English",inactive,5419,video_thruplay_watched_actions,0.03473704,300,Daily,188.24,36524,33884,Ongoing,"7-day click or 1-day view",5.153871,0.034737,5419,1,1225,36117,2722,382,0.244953
2026-04-28,2026-04-28,"Chudidhaar Advantage+ Shopping Campaign",inactive,,,,500,Daily,0,0,0,Ongoing,"7-day click, 1-day view or 1-day engaged view",0,,,0,,,,,0
2026-04-28,2026-04-28,"Advantage+ Shopping Campaign March",inactive,,,,500,Daily,0,0,0,Ongoing,"7-day click or 1-day view",0,,,0,,,,,0
2026-04-28,2026-04-28,"Model Engagement Video Campaign",inactive,,,,800,Daily,0,0,0,Ongoing,"Multiple attribution settings",0,,,0,,,,,0
2026-04-28,2026-04-28,"Launch Sales campaign",inactive,,,,1000,Daily,0,0,0,Ongoing,"7-day click, 1-day view or 1-day engaged view",0,,,0,,,,,0
2026-04-27,2026-04-27,"Retargeting Sales campaign",active,,,,500,Daily,0,0,0,Ongoing,"7-day click, 1-day view or 1-day engaged view",0,,,0,,,,,0
2026-04-27,2026-04-27,Anarkali-And-Half-saree-JanviAika_Shopping_Ad_Campaign,active,,,,2000,Daily,0,0,0,Ongoing,"7-day click, 1-day view or 1-day engaged view",0,,,0,,,,,0
2026-04-27,2026-04-27,"Engagement campaign Janviaika Reels",active,,,,"Using ad set budget",0,0,0,0,Ongoing,"7-day click or 1-day view",0,,,0,,,,,0
2026-04-27,2026-04-27,"JanviAika_Shopping_Ad_Campaign – Lehenga_And_Long_Gowns",active,,,,1000,Daily,0,0,0,Ongoing,"7-day click, 1-day view or 1-day engaged view",0,,,0,,,,,0
2026-04-27,2026-04-27,"Hot Campaign for Website Visitors",active,,,,500,Daily,0,0,0,Ongoing,"7-day click, 1-day view or 1-day engaged view",0,,,0,,,,,0
2026-04-27,2026-04-27,JanviAika_Shopping_Ad_Campaign,active,,,,"Using ad set budget",0,0,0,0,Ongoing,"7-day click, 1-day view or 1-day engaged view",0,,,0,,,,,0
2026-04-27,2026-04-27,"Anarkali Set Whatsapp campaign",inactive,,,,500,Daily,0,0,0,Ongoing,"7-day click or 1-day view",0,,,0,,,,,0
2026-04-27,2026-04-27,"Trendy Green Bridal Couture Whatsapp campaign",archived,,,,500,Daily,0,0,0,2026-06-03,"7-day click or 1-day view",0,,,0,,,,,0
2026-04-27,2026-04-27,Dark-Pink-Lehenga-Whatsapp-campaign,archived,,,,500,Daily,0,0,0,2026-06-03,"7-day click or 1-day view",0,,,0,,,,,0
2026-04-27,2026-04-27,"Lehenga Set Whatsapp campaign",inactive,,,,500,Daily,0,0,0,Ongoing,"7-day click or 1-day view",0,,,0,,,,,0
2026-04-27,2026-04-27,"Red Anarkali Engagement campaign",inactive,,,,300,Daily,0,0,0,Ongoing,"7-day click or 1-day view",0,,,0,,,,,0
2026-04-27,2026-04-27,"Post: ""Who said lehengas are only for brides? ✨ """,inactive,,,,300,Daily,0,0,0,2026-05-28,"7-day click or 1-day view",0,,,0,,,,,0
2026-04-27,2026-04-27,"Post: ""Made for summer days, yet wrapped in  elegance 🌿✨ """,completed,,,,300,Daily,0,0,0,2026-05-28,"7-day click or 1-day view",0,,,0,,,,,0
2026-04-27,2026-04-27,"Black Half Saree Dress Campaign",inactive,,,,"Using ad set budget",0,0,0,0,Ongoing,"7-day click or 1-day view",0,,,0,,,,,0
2026-04-27,2026-04-27,"Lehenga post from Insta",inactive,,,,"Using ad set budget",0,0,0,0,Ongoing,"7-day click or 1-day view",0,,,0,,,,,0
2026-04-27,2026-04-27,"FB Janviaika Video Campaign_English",inactive,5933,video_thruplay_watched_actions,0.03320411,300,Daily,197,44208,40396,Ongoing,"7-day click or 1-day view",4.456207,0.033204,5933,1,1225,43721,2570,365,0.259927
2026-04-27,2026-04-27,"Chudidhaar Advantage+ Shopping Campaign",inactive,,,,500,Daily,0,0,0,Ongoing,"7-day click, 1-day view or 1-day engaged view",0,,,0,,,,,0
2026-04-27,2026-04-27,"Advantage+ Shopping Campaign March",inactive,,,,500,Daily,0,0,0,Ongoing,"7-day click or 1-day view",0,,,0,,,,,0
2026-04-27,2026-04-27,"Model Engagement Video Campaign",inactive,,,,800,Daily,0,0,0,Ongoing,"Multiple attribution settings",0,,,0,,,,,0
2026-04-27,2026-04-27,"Launch Sales campaign",inactive,,,,1000,Daily,0,0,0,Ongoing,"7-day click, 1-day view or 1-day engaged view",0,,,0,,,,,0
2026-04-26,2026-04-26,"Retargeting Sales campaign",active,,,,500,Daily,0,0,0,Ongoing,"7-day click, 1-day view or 1-day engaged view",0,,,0,,,,,0
2026-04-26,2026-04-26,Anarkali-And-Half-saree-JanviAika_Shopping_Ad_Campaign,active,,,,2000,Daily,0,0,0,Ongoing,"7-day click, 1-day view or 1-day engaged view",0,,,0,,,,,0
2026-04-26,2026-04-26,"Engagement campaign Janviaika Reels",active,,,,"Using ad set budget",0,0,0,0,Ongoing,"7-day click or 1-day view",0,,,0,,,,,0
2026-04-26,2026-04-26,"JanviAika_Shopping_Ad_Campaign – Lehenga_And_Long_Gowns",active,,,,1000,Daily,0,0,0,Ongoing,"7-day click, 1-day view or 1-day engaged view",0,,,0,,,,,0
2026-04-26,2026-04-26,"Hot Campaign for Website Visitors",active,,,,500,Daily,0,0,0,Ongoing,"7-day click, 1-day view or 1-day engaged view",0,,,0,,,,,0
2026-04-26,2026-04-26,JanviAika_Shopping_Ad_Campaign,active,,,,"Using ad set budget",0,0,0,0,Ongoing,"7-day click, 1-day view or 1-day engaged view",0,,,0,,,,,0
2026-04-26,2026-04-26,"Anarkali Set Whatsapp campaign",inactive,,,,500,Daily,0,0,0,Ongoing,"7-day click or 1-day view",0,,,0,,,,,0
2026-04-26,2026-04-26,"Trendy Green Bridal Couture Whatsapp campaign",archived,,,,500,Daily,0,0,0,2026-06-03,"7-day click or 1-day view",0,,,0,,,,,0
2026-04-26,2026-04-26,Dark-Pink-Lehenga-Whatsapp-campaign,archived,,,,500,Daily,0,0,0,2026-06-03,"7-day click or 1-day view",0,,,0,,,,,0
2026-04-26,2026-04-26,"Lehenga Set Whatsapp campaign",inactive,,,,500,Daily,0,0,0,Ongoing,"7-day click or 1-day view",0,,,0,,,,,0
2026-04-26,2026-04-26,"Red Anarkali Engagement campaign",inactive,,,,300,Daily,0,0,0,Ongoing,"7-day click or 1-day view",0,,,0,,,,,0
2026-04-26,2026-04-26,"Post: ""Who said lehengas are only for brides? ✨ """,inactive,,,,300,Daily,0,0,0,2026-05-28,"7-day click or 1-day view",0,,,0,,,,,0
2026-04-26,2026-04-26,"Post: ""Made for summer days, yet wrapped in  elegance 🌿✨ """,completed,,,,300,Daily,0,0,0,2026-05-28,"7-day click or 1-day view",0,,,0,,,,,0
2026-04-26,2026-04-26,"Black Half Saree Dress Campaign",inactive,,,,"Using ad set budget",0,0,0,0,Ongoing,"7-day click or 1-day view",0,,,0,,,,,0
2026-04-26,2026-04-26,"Lehenga post from Insta",inactive,,,,"Using ad set budget",0,0,0,0,Ongoing,"7-day click or 1-day view",0,,,0,,,,,0
2026-04-26,2026-04-26,"FB Janviaika Video Campaign_English",inactive,5853,video_thruplay_watched_actions,0.03364599,300,Daily,196.93,44883,39407,Ongoing,"7-day click or 1-day view",4.38763,0.033646,5853,0,1125,44358,2442,308,0.223311
2026-04-26,2026-04-26,"Chudidhaar Advantage+ Shopping Campaign",inactive,,,,500,Daily,0,0,0,Ongoing,"7-day click, 1-day view or 1-day engaged view",0,,,0,,,,,0
2026-04-26,2026-04-26,"Advantage+ Shopping Campaign March",inactive,,,,500,Daily,0,0,0,Ongoing,"7-day click or 1-day view",0,,,0,,,,,0
2026-04-26,2026-04-26,"Model Engagement Video Campaign",inactive,,,,800,Daily,0,0,0,Ongoing,"Multiple attribution settings",0,,,0,,,,,0
2026-04-26,2026-04-26,"Launch Sales campaign",inactive,,,,1000,Daily,0,0,0,Ongoing,"7-day click, 1-day view or 1-day engaged view",0,,,0,,,,,0
2026-04-25,2026-04-25,"Retargeting Sales campaign",active,,,,500,Daily,0,0,0,Ongoing,"7-day click, 1-day view or 1-day engaged view",0,,,0,,,,,0
2026-04-25,2026-04-25,Anarkali-And-Half-saree-JanviAika_Shopping_Ad_Campaign,active,,,,2000,Daily,0,0,0,Ongoing,"7-day click, 1-day view or 1-day engaged view",0,,,0,,,,,0
2026-04-25,2026-04-25,"Engagement campaign Janviaika Reels",active,,,,"Using ad set budget",0,0,0,0,Ongoing,"7-day click or 1-day view",0,,,0,,,,,0
2026-04-25,2026-04-25,"JanviAika_Shopping_Ad_Campaign – Lehenga_And_Long_Gowns",active,,,,1000,Daily,0,0,0,Ongoing,"7-day click, 1-day view or 1-day engaged view",0,,,0,,,,,0
2026-04-25,2026-04-25,"Hot Campaign for Website Visitors",active,,,,500,Daily,0,0,0,Ongoing,"7-day click, 1-day view or 1-day engaged view",0,,,0,,,,,0
2026-04-25,2026-04-25,JanviAika_Shopping_Ad_Campaign,active,,,,"Using ad set budget",0,0,0,0,Ongoing,"7-day click, 1-day view or 1-day engaged view",0,,,0,,,,,0
2026-04-25,2026-04-25,"Anarkali Set Whatsapp campaign",inactive,,,,500,Daily,0,0,0,Ongoing,"7-day click or 1-day view",0,,,0,,,,,0
2026-04-25,2026-04-25,"Trendy Green Bridal Couture Whatsapp campaign",archived,,,,500,Daily,0,0,0,2026-06-03,"7-day click or 1-day view",0,,,0,,,,,0
2026-04-25,2026-04-25,Dark-Pink-Lehenga-Whatsapp-campaign,archived,,,,500,Daily,0,0,0,2026-06-03,"7-day click or 1-day view",0,,,0,,,,,0
2026-04-25,2026-04-25,"Lehenga Set Whatsapp campaign",inactive,,,,500,Daily,0,0,0,Ongoing,"7-day click or 1-day view",0,,,0,,,,,0
2026-04-25,2026-04-25,"Red Anarkali Engagement campaign",inactive,,,,300,Daily,0,0,0,Ongoing,"7-day click or 1-day view",0,,,0,,,,,0
2026-04-25,2026-04-25,"Post: ""Who said lehengas are only for brides? ✨ """,inactive,,,,300,Daily,0,0,0,2026-05-28,"7-day click or 1-day view",0,,,0,,,,,0
2026-04-25,2026-04-25,"Post: ""Made for summer days, yet wrapped in  elegance 🌿✨ """,completed,,,,300,Daily,0,0,0,2026-05-28,"7-day click or 1-day view",0,,,0,,,,,0
2026-04-25,2026-04-25,"Black Half Saree Dress Campaign",inactive,,,,"Using ad set budget",0,0,0,0,Ongoing,"7-day click or 1-day view",0,,,0,,,,,0
2026-04-25,2026-04-25,"Lehenga post from Insta",inactive,,,,"Using ad set budget",0,0,0,0,Ongoing,"7-day click or 1-day view",0,,,0,,,,,0
2026-04-25,2026-04-25,"FB Janviaika Video Campaign_English",inactive,6118,video_thruplay_watched_actions,0.03343576,300,Daily,204.56,42899,39691,Ongoing,"7-day click or 1-day view",4.76841,0.033436,6118,0,1345,42223,2902,415,0.269583
2026-04-25,2026-04-25,"Chudidhaar Advantage+ Shopping Campaign",inactive,,,,500,Daily,0,0,0,Ongoing,"7-day click, 1-day view or 1-day engaged view",0,,,0,,,,,0
2026-04-25,2026-04-25,"Advantage+ Shopping Campaign March",inactive,,,,500,Daily,0,0,0,Ongoing,"7-day click or 1-day view",0,,,0,,,,,0
2026-04-25,2026-04-25,"Model Engagement Video Campaign",inactive,,,,800,Daily,0,0,0,Ongoing,"Multiple attribution settings",0,,,0,,,,,0
2026-04-25,2026-04-25,"Launch Sales campaign",inactive,,,,1000,Daily,0,0,0,Ongoing,"7-day click, 1-day view or 1-day engaged view",0,,,0,,,,,0
2026-04-24,2026-04-24,"Retargeting Sales campaign",active,,,,500,Daily,0,0,0,Ongoing,"7-day click, 1-day view or 1-day engaged view",0,,,0,,,,,0
2026-04-24,2026-04-24,Anarkali-And-Half-saree-JanviAika_Shopping_Ad_Campaign,active,,,,2000,Daily,0,0,0,Ongoing,"7-day click, 1-day view or 1-day engaged view",0,,,0,,,,,0
2026-04-24,2026-04-24,"Engagement campaign Janviaika Reels",active,,,,"Using ad set budget",0,0,0,0,Ongoing,"7-day click or 1-day view",0,,,0,,,,,0
2026-04-24,2026-04-24,"JanviAika_Shopping_Ad_Campaign – Lehenga_And_Long_Gowns",active,,,,1000,Daily,0,0,0,Ongoing,"7-day click, 1-day view or 1-day engaged view",0,,,0,,,,,0
2026-04-24,2026-04-24,"Hot Campaign for Website Visitors",active,,,,500,Daily,0,0,0,Ongoing,"7-day click, 1-day view or 1-day engaged view",0,,,0,,,,,0
2026-04-24,2026-04-24,JanviAika_Shopping_Ad_Campaign,active,,,,"Using ad set budget",0,0,0,0,Ongoing,"7-day click, 1-day view or 1-day engaged view",0,,,0,,,,,0
2026-04-24,2026-04-24,"Anarkali Set Whatsapp campaign",inactive,,,,500,Daily,0,0,0,Ongoing,"7-day click or 1-day view",0,,,0,,,,,0
2026-04-24,2026-04-24,"Trendy Green Bridal Couture Whatsapp campaign",archived,,,,500,Daily,0,0,0,2026-06-03,"7-day click or 1-day view",0,,,0,,,,,0
2026-04-24,2026-04-24,Dark-Pink-Lehenga-Whatsapp-campaign,archived,,,,500,Daily,0,0,0,2026-06-03,"7-day click or 1-day view",0,,,0,,,,,0
2026-04-24,2026-04-24,"Lehenga Set Whatsapp campaign",inactive,,,,500,Daily,0,0,0,Ongoing,"7-day click or 1-day view",0,,,0,,,,,0
2026-04-24,2026-04-24,"Red Anarkali Engagement campaign",inactive,,,,300,Daily,0,0,0,Ongoing,"7-day click or 1-day view",0,,,0,,,,,0
2026-04-24,2026-04-24,"Post: ""Who said lehengas are only for brides? ✨ """,inactive,,,,300,Daily,0,0,0,2026-05-28,"7-day click or 1-day view",0,,,0,,,,,0
2026-04-24,2026-04-24,"Post: ""Made for summer days, yet wrapped in  elegance 🌿✨ """,completed,,,,300,Daily,0,0,0,2026-05-28,"7-day click or 1-day view",0,,,0,,,,,0
2026-04-24,2026-04-24,"Black Half Saree Dress Campaign",inactive,,,,"Using ad set budget",0,0,0,0,Ongoing,"7-day click or 1-day view",0,,,0,,,,,0
2026-04-24,2026-04-24,"Lehenga post from Insta",inactive,,,,"Using ad set budget",0,0,0,0,Ongoing,"7-day click or 1-day view",0,,,0,,,,,0
2026-04-24,2026-04-24,"FB Janviaika Video Campaign_English",inactive,5570,video_thruplay_watched_actions,0.03760862,300,Daily,209.48,42198,39504,Ongoing,"7-day click or 1-day view",4.964216,0.037609,5570,1,1118,41455,2344,308,0.268327
2026-04-24,2026-04-24,"Chudidhaar Advantage+ Shopping Campaign",inactive,,,,500,Daily,0,0,0,Ongoing,"7-day click, 1-day view or 1-day engaged view",0,,,0,,,,,0
2026-04-24,2026-04-24,"Advantage+ Shopping Campaign March",inactive,,,,500,Daily,0,0,0,Ongoing,"7-day click or 1-day view",0,,,0,,,,,0
2026-04-24,2026-04-24,"Model Engagement Video Campaign",inactive,,,,800,Daily,0,0,0,Ongoing,"Multiple attribution settings",0,,,0,,,,,0
2026-04-24,2026-04-24,"Launch Sales campaign",inactive,,,,1000,Daily,0,0,0,Ongoing,"7-day click, 1-day view or 1-day engaged view",0,,,0,,,,,0
2026-04-23,2026-04-23,"Retargeting Sales campaign",active,,,,500,Daily,0,0,0,Ongoing,"7-day click, 1-day view or 1-day engaged view",0,,,0,,,,,0
2026-04-23,2026-04-23,Anarkali-And-Half-saree-JanviAika_Shopping_Ad_Campaign,active,,,,2000,Daily,0,0,0,Ongoing,"7-day click, 1-day view or 1-day engaged view",0,,,0,,,,,0
2026-04-23,2026-04-23,"Engagement campaign Janviaika Reels",active,,,,"Using ad set budget",0,0,0,0,Ongoing,"7-day click or 1-day view",0,,,0,,,,,0
2026-04-23,2026-04-23,"JanviAika_Shopping_Ad_Campaign – Lehenga_And_Long_Gowns",active,,,,1000,Daily,0,0,0,Ongoing,"7-day click, 1-day view or 1-day engaged view",0,,,0,,,,,0
2026-04-23,2026-04-23,"Hot Campaign for Website Visitors",active,,,,500,Daily,0,0,0,Ongoing,"7-day click, 1-day view or 1-day engaged view",0,,,0,,,,,0
2026-04-23,2026-04-23,JanviAika_Shopping_Ad_Campaign,active,,,,"Using ad set budget",0,0,0,0,Ongoing,"7-day click, 1-day view or 1-day engaged view",0,,,0,,,,,0
2026-04-23,2026-04-23,"Anarkali Set Whatsapp campaign",inactive,,,,500,Daily,0,0,0,Ongoing,"7-day click or 1-day view",0,,,0,,,,,0
2026-04-23,2026-04-23,"Trendy Green Bridal Couture Whatsapp campaign",archived,,,,500,Daily,0,0,0,2026-06-03,"7-day click or 1-day view",0,,,0,,,,,0
2026-04-23,2026-04-23,Dark-Pink-Lehenga-Whatsapp-campaign,archived,,,,500,Daily,0,0,0,2026-06-03,"7-day click or 1-day view",0,,,0,,,,,0
2026-04-23,2026-04-23,"Lehenga Set Whatsapp campaign",inactive,,,,500,Daily,0,0,0,Ongoing,"7-day click or 1-day view",0,,,0,,,,,0
2026-04-23,2026-04-23,"Red Anarkali Engagement campaign",inactive,,,,300,Daily,0,0,0,Ongoing,"7-day click or 1-day view",0,,,0,,,,,0
2026-04-23,2026-04-23,"Post: ""Who said lehengas are only for brides? ✨ """,inactive,,,,300,Daily,0,0,0,2026-05-28,"7-day click or 1-day view",0,,,0,,,,,0
2026-04-23,2026-04-23,"Post: ""Made for summer days, yet wrapped in  elegance 🌿✨ """,completed,,,,300,Daily,0,0,0,2026-05-28,"7-day click or 1-day view",0,,,0,,,,,0
2026-04-23,2026-04-23,"Black Half Saree Dress Campaign",inactive,,,,"Using ad set budget",0,0,0,0,Ongoing,"7-day click or 1-day view",0,,,0,,,,,0
2026-04-23,2026-04-23,"Lehenga post from Insta",inactive,,,,"Using ad set budget",0,0,0,0,Ongoing,"7-day click or 1-day view",0,,,0,,,,,0
2026-04-23,2026-04-23,"FB Janviaika Video Campaign_English",inactive,5689,video_thruplay_watched_actions,0.03364212,300,Daily,191.39,40532,37888,Ongoing,"7-day click or 1-day view",4.721948,0.033642,5689,1,1293,39936,2799,421,0.253378
2026-04-23,2026-04-23,"Chudidhaar Advantage+ Shopping Campaign",inactive,,,,500,Daily,0,0,0,Ongoing,"7-day click, 1-day view or 1-day engaged view",0,,,0,,,,,0
2026-04-23,2026-04-23,"Advantage+ Shopping Campaign March",inactive,,,,500,Daily,0,0,0,Ongoing,"7-day click or 1-day view",0,,,0,,,,,0
2026-04-23,2026-04-23,"Model Engagement Video Campaign",inactive,,,,800,Daily,0,0,0,Ongoing,"Multiple attribution settings",0,,,0,,,,,0
2026-04-23,2026-04-23,"Launch Sales campaign",inactive,,,,1000,Daily,0,0,0,Ongoing,"7-day click, 1-day view or 1-day engaged view",0,,,0,,,,,0
2026-04-22,2026-04-22,"Retargeting Sales campaign",active,,,,500,Daily,0,0,0,Ongoing,"7-day click, 1-day view or 1-day engaged view",0,,,0,,,,,0
2026-04-22,2026-04-22,Anarkali-And-Half-saree-JanviAika_Shopping_Ad_Campaign,active,,,,2000,Daily,0,0,0,Ongoing,"7-day click, 1-day view or 1-day engaged view",0,,,0,,,,,0
2026-04-22,2026-04-22,"Engagement campaign Janviaika Reels",active,,,,"Using ad set budget",0,0,0,0,Ongoing,"7-day click or 1-day view",0,,,0,,,,,0
2026-04-22,2026-04-22,"JanviAika_Shopping_Ad_Campaign – Lehenga_And_Long_Gowns",active,,,,1000,Daily,0,0,0,Ongoing,"7-day click, 1-day view or 1-day engaged view",0,,,0,,,,,0
2026-04-22,2026-04-22,"Hot Campaign for Website Visitors",active,,,,500,Daily,0,0,0,Ongoing,"7-day click, 1-day view or 1-day engaged view",0,,,0,,,,,0
2026-04-22,2026-04-22,JanviAika_Shopping_Ad_Campaign,active,,,,"Using ad set budget",0,0,0,0,Ongoing,"7-day click, 1-day view or 1-day engaged view",0,,,0,,,,,0
2026-04-22,2026-04-22,"Anarkali Set Whatsapp campaign",inactive,,,,500,Daily,0,0,0,Ongoing,"7-day click or 1-day view",0,,,0,,,,,0
2026-04-22,2026-04-22,"Trendy Green Bridal Couture Whatsapp campaign",archived,,,,500,Daily,0,0,0,2026-06-03,"7-day click or 1-day view",0,,,0,,,,,0
2026-04-22,2026-04-22,Dark-Pink-Lehenga-Whatsapp-campaign,archived,,,,500,Daily,0,0,0,2026-06-03,"7-day click or 1-day view",0,,,0,,,,,0
2026-04-22,2026-04-22,"Lehenga Set Whatsapp campaign",inactive,,,,500,Daily,0,0,0,Ongoing,"7-day click or 1-day view",0,,,0,,,,,0
2026-04-22,2026-04-22,"Red Anarkali Engagement campaign",inactive,,,,300,Daily,0,0,0,Ongoing,"7-day click or 1-day view",0,,,0,,,,,0
2026-04-22,2026-04-22,"Post: ""Who said lehengas are only for brides? ✨ """,inactive,,,,300,Daily,0,0,0,2026-05-28,"7-day click or 1-day view",0,,,0,,,,,0
2026-04-22,2026-04-22,"Post: ""Made for summer days, yet wrapped in  elegance 🌿✨ """,completed,,,,300,Daily,0,0,0,2026-05-28,"7-day click or 1-day view",0,,,0,,,,,0
2026-04-22,2026-04-22,"Black Half Saree Dress Campaign",inactive,,,,"Using ad set budget",0,0,0,0,Ongoing,"7-day click or 1-day view",0,,,0,,,,,0
2026-04-22,2026-04-22,"Lehenga post from Insta",inactive,,,,"Using ad set budget",0,0,0,0,Ongoing,"7-day click or 1-day view",0,,,0,,,,,0
2026-04-22,2026-04-22,"FB Janviaika Video Campaign_English",inactive,6060,video_thruplay_watched_actions,0.03217162,300,Daily,194.96,46539,43373,Ongoing,"7-day click or 1-day view",4.189175,0.032172,6060,0,1275,45932,2734,399,0.246697
2026-04-22,2026-04-22,"Chudidhaar Advantage+ Shopping Campaign",inactive,,,,500,Daily,0,0,0,Ongoing,"7-day click, 1-day view or 1-day engaged view",0,,,0,,,,,0
2026-04-22,2026-04-22,"Advantage+ Shopping Campaign March",inactive,,,,500,Daily,0,0,0,Ongoing,"7-day click or 1-day view",0,,,0,,,,,0
2026-04-22,2026-04-22,"Model Engagement Video Campaign",inactive,,,,800,Daily,0,0,0,Ongoing,"Multiple attribution settings",0,,,0,,,,,0
2026-04-22,2026-04-22,"Launch Sales campaign",inactive,,,,1000,Daily,0,0,0,Ongoing,"7-day click, 1-day view or 1-day engaged view",0,,,0,,,,,0
2026-04-21,2026-04-21,"Retargeting Sales campaign",active,,,,500,Daily,0,0,0,Ongoing,"7-day click, 1-day view or 1-day engaged view",0,,,0,,,,,0
2026-04-21,2026-04-21,Anarkali-And-Half-saree-JanviAika_Shopping_Ad_Campaign,active,,,,2000,Daily,0,0,0,Ongoing,"7-day click, 1-day view or 1-day engaged view",0,,,0,,,,,0
2026-04-21,2026-04-21,"Engagement campaign Janviaika Reels",active,,,,"Using ad set budget",0,0,0,0,Ongoing,"7-day click or 1-day view",0,,,0,,,,,0
2026-04-21,2026-04-21,"JanviAika_Shopping_Ad_Campaign – Lehenga_And_Long_Gowns",active,,,,1000,Daily,0,0,0,Ongoing,"7-day click, 1-day view or 1-day engaged view",0,,,0,,,,,0
2026-04-21,2026-04-21,"Hot Campaign for Website Visitors",active,,,,500,Daily,0,0,0,Ongoing,"7-day click, 1-day view or 1-day engaged view",0,,,0,,,,,0
2026-04-21,2026-04-21,JanviAika_Shopping_Ad_Campaign,active,,,,"Using ad set budget",0,0,0,0,Ongoing,"7-day click, 1-day view or 1-day engaged view",0,,,0,,,,,0
2026-04-21,2026-04-21,"Anarkali Set Whatsapp campaign",inactive,,,,500,Daily,0,0,0,Ongoing,"7-day click or 1-day view",0,,,0,,,,,0
2026-04-21,2026-04-21,"Trendy Green Bridal Couture Whatsapp campaign",archived,,,,500,Daily,0,0,0,2026-06-03,"7-day click or 1-day view",0,,,0,,,,,0
2026-04-21,2026-04-21,Dark-Pink-Lehenga-Whatsapp-campaign,archived,,,,500,Daily,0,0,0,2026-06-03,"7-day click or 1-day view",0,,,0,,,,,0
2026-04-21,2026-04-21,"Lehenga Set Whatsapp campaign",inactive,,,,500,Daily,0,0,0,Ongoing,"7-day click or 1-day view",0,,,0,,,,,0
2026-04-21,2026-04-21,"Red Anarkali Engagement campaign",inactive,,,,300,Daily,0,0,0,Ongoing,"7-day click or 1-day view",0,,,0,,,,,0
2026-04-21,2026-04-21,"Post: ""Who said lehengas are only for brides? ✨ """,inactive,,,,300,Daily,0,0,0,2026-05-28,"7-day click or 1-day view",0,,,0,,,,,0
2026-04-21,2026-04-21,"Post: ""Made for summer days, yet wrapped in  elegance 🌿✨ """,completed,,,,300,Daily,0,0,0,2026-05-28,"7-day click or 1-day view",0,,,0,,,,,0
2026-04-21,2026-04-21,"Black Half Saree Dress Campaign",inactive,,,,"Using ad set budget",0,0,0,0,Ongoing,"7-day click or 1-day view",0,,,0,,,,,0
2026-04-21,2026-04-21,"Lehenga post from Insta",inactive,,,,"Using ad set budget",0,0,0,0,Ongoing,"7-day click or 1-day view",0,,,0,,,,,0
2026-04-21,2026-04-21,"FB Janviaika Video Campaign_English",inactive,5635,video_thruplay_watched_actions,0.03567347,300,Daily,201.02,37544,35492,Ongoing,"7-day click or 1-day view",5.354251,0.035673,5635,0,1365,36634,2894,528,0.267666
2026-04-21,2026-04-21,"Chudidhaar Advantage+ Shopping Campaign",inactive,,,,500,Daily,0,0,0,Ongoing,"7-day click, 1-day view or 1-day engaged view",0,,,0,,,,,0
2026-04-21,2026-04-21,"Advantage+ Shopping Campaign March",inactive,,,,500,Daily,0,0,0,Ongoing,"7-day click or 1-day view",0,,,0,,,,,0
2026-04-21,2026-04-21,"Model Engagement Video Campaign",inactive,,,,800,Daily,0,0,0,Ongoing,"Multiple attribution settings",0,,,0,,,,,0
2026-04-21,2026-04-21,"Launch Sales campaign",inactive,,,,1000,Daily,0,0,0,Ongoing,"7-day click, 1-day view or 1-day engaged view",0,,,0,,,,,0
2026-04-20,2026-04-20,"Retargeting Sales campaign",active,,,,500,Daily,0,0,0,Ongoing,"7-day click, 1-day view or 1-day engaged view",0,,,0,,,,,0
2026-04-20,2026-04-20,Anarkali-And-Half-saree-JanviAika_Shopping_Ad_Campaign,active,,,,2000,Daily,0,0,0,Ongoing,"7-day click, 1-day view or 1-day engaged view",0,,,0,,,,,0
2026-04-20,2026-04-20,"Engagement campaign Janviaika Reels",active,,,,"Using ad set budget",0,0,0,0,Ongoing,"7-day click or 1-day view",0,,,0,,,,,0
2026-04-20,2026-04-20,"JanviAika_Shopping_Ad_Campaign – Lehenga_And_Long_Gowns",active,,,,1000,Daily,0,0,0,Ongoing,"7-day click, 1-day view or 1-day engaged view",0,,,0,,,,,0
2026-04-20,2026-04-20,"Hot Campaign for Website Visitors",active,,,,500,Daily,0,0,0,Ongoing,"7-day click, 1-day view or 1-day engaged view",0,,,0,,,,,0
2026-04-20,2026-04-20,JanviAika_Shopping_Ad_Campaign,active,,,,"Using ad set budget",0,0,0,0,Ongoing,"7-day click, 1-day view or 1-day engaged view",0,,,0,,,,,0
2026-04-20,2026-04-20,"Anarkali Set Whatsapp campaign",inactive,,,,500,Daily,0,0,0,Ongoing,"7-day click or 1-day view",0,,,0,,,,,0
2026-04-20,2026-04-20,"Trendy Green Bridal Couture Whatsapp campaign",archived,,,,500,Daily,0,0,0,2026-06-03,"7-day click or 1-day view",0,,,0,,,,,0
2026-04-20,2026-04-20,Dark-Pink-Lehenga-Whatsapp-campaign,archived,,,,500,Daily,0,0,0,2026-06-03,"7-day click or 1-day view",0,,,0,,,,,0
2026-04-20,2026-04-20,"Lehenga Set Whatsapp campaign",inactive,,,,500,Daily,0,0,0,Ongoing,"7-day click or 1-day view",0,,,0,,,,,0
2026-04-20,2026-04-20,"Red Anarkali Engagement campaign",inactive,,,,300,Daily,0,0,0,Ongoing,"7-day click or 1-day view",0,,,0,,,,,0
2026-04-20,2026-04-20,"Post: ""Who said lehengas are only for brides? ✨ """,inactive,,,,300,Daily,0,0,0,2026-05-28,"7-day click or 1-day view",0,,,0,,,,,0
2026-04-20,2026-04-20,"Post: ""Made for summer days, yet wrapped in  elegance 🌿✨ """,completed,,,,300,Daily,0,0,0,2026-05-28,"7-day click or 1-day view",0,,,0,,,,,0
2026-04-20,2026-04-20,"Black Half Saree Dress Campaign",inactive,,,,"Using ad set budget",0,0,0,0,Ongoing,"7-day click or 1-day view",0,,,0,,,,,0
2026-04-20,2026-04-20,"Lehenga post from Insta",inactive,,,,"Using ad set budget",0,0,0,0,Ongoing,"7-day click or 1-day view",0,,,0,,,,,0
2026-04-20,2026-04-20,"FB Janviaika Video Campaign_English",inactive,5310,video_thruplay_watched_actions,0.0380565,300,Daily,202.08,35434,33673,Ongoing,"7-day click or 1-day view",5.702997,0.038057,5310,0,1168,34919,2582,362,0.22867
2026-04-20,2026-04-20,"Chudidhaar Advantage+ Shopping Campaign",inactive,,,,500,Daily,0,0,0,Ongoing,"7-day click, 1-day view or 1-day engaged view",0,,,0,,,,,0
2026-04-20,2026-04-20,"Advantage+ Shopping Campaign March",inactive,,,,500,Daily,0,0,0,Ongoing,"7-day click or 1-day view",0,,,0,,,,,0
2026-04-20,2026-04-20,"Model Engagement Video Campaign",inactive,,,,800,Daily,0,0,0,Ongoing,"Multiple attribution settings",0,,,0,,,,,0
2026-04-20,2026-04-20,"Launch Sales campaign",inactive,,,,1000,Daily,0,0,0,Ongoing,"7-day click, 1-day view or 1-day engaged view",0,,,0,,,,,0
2026-04-19,2026-04-19,"Retargeting Sales campaign",active,,,,500,Daily,0,0,0,Ongoing,"7-day click, 1-day view or 1-day engaged view",0,,,0,,,,,0
2026-04-19,2026-04-19,Anarkali-And-Half-saree-JanviAika_Shopping_Ad_Campaign,active,,,,2000,Daily,0,0,0,Ongoing,"7-day click, 1-day view or 1-day engaged view",0,,,0,,,,,0
2026-04-19,2026-04-19,"Engagement campaign Janviaika Reels",active,,,,"Using ad set budget",0,0,0,0,Ongoing,"7-day click or 1-day view",0,,,0,,,,,0
2026-04-19,2026-04-19,"JanviAika_Shopping_Ad_Campaign – Lehenga_And_Long_Gowns",active,,,,1000,Daily,0,0,0,Ongoing,"7-day click, 1-day view or 1-day engaged view",0,,,0,,,,,0
2026-04-19,2026-04-19,"Hot Campaign for Website Visitors",active,,,,500,Daily,0,0,0,Ongoing,"7-day click, 1-day view or 1-day engaged view",0,,,0,,,,,0
2026-04-19,2026-04-19,JanviAika_Shopping_Ad_Campaign,active,,,,"Using ad set budget",0,0,0,0,Ongoing,"7-day click, 1-day view or 1-day engaged view",0,,,0,,,,,0
2026-04-19,2026-04-19,"Anarkali Set Whatsapp campaign",inactive,,,,500,Daily,0,0,0,Ongoing,"7-day click or 1-day view",0,,,0,,,,,0
2026-04-19,2026-04-19,"Trendy Green Bridal Couture Whatsapp campaign",archived,,,,500,Daily,0,0,0,2026-06-03,"7-day click or 1-day view",0,,,0,,,,,0
2026-04-19,2026-04-19,Dark-Pink-Lehenga-Whatsapp-campaign,archived,,,,500,Daily,0,0,0,2026-06-03,"7-day click or 1-day view",0,,,0,,,,,0
2026-04-19,2026-04-19,"Lehenga Set Whatsapp campaign",inactive,,,,500,Daily,0,0,0,Ongoing,"7-day click or 1-day view",0,,,0,,,,,0
2026-04-19,2026-04-19,"Red Anarkali Engagement campaign",inactive,,,,300,Daily,0,0,0,Ongoing,"7-day click or 1-day view",0,,,0,,,,,0
2026-04-19,2026-04-19,"Post: ""Who said lehengas are only for brides? ✨ """,inactive,,,,300,Daily,0,0,0,2026-05-28,"7-day click or 1-day view",0,,,0,,,,,0
2026-04-19,2026-04-19,"Post: ""Made for summer days, yet wrapped in  elegance 🌿✨ """,completed,,,,300,Daily,0,0,0,2026-05-28,"7-day click or 1-day view",0,,,0,,,,,0
2026-04-19,2026-04-19,"Black Half Saree Dress Campaign",inactive,,,,"Using ad set budget",0,0,0,0,Ongoing,"7-day click or 1-day view",0,,,0,,,,,0
2026-04-19,2026-04-19,"Lehenga post from Insta",inactive,,,,"Using ad set budget",0,0,0,0,Ongoing,"7-day click or 1-day view",0,,,0,,,,,0
2026-04-19,2026-04-19,"FB Janviaika Video Campaign_English",inactive,4987,video_thruplay_watched_actions,0.0389994,300,Daily,194.49,34198,32318,Ongoing,"7-day click or 1-day view",5.687175,0.038999,4987,0,1096,33832,2303,306,0.293954
2026-04-19,2026-04-19,"Chudidhaar Advantage+ Shopping Campaign",inactive,,,,500,Daily,0,0,0,Ongoing,"7-day click, 1-day view or 1-day engaged view",0,,,0,,,,,0
2026-04-19,2026-04-19,"Advantage+ Shopping Campaign March",inactive,,,,500,Daily,0,0,0,Ongoing,"7-day click or 1-day view",0,,,0,,,,,0
2026-04-19,2026-04-19,"Model Engagement Video Campaign",inactive,,,,800,Daily,0,0,0,Ongoing,"Multiple attribution settings",0,,,0,,,,,0
2026-04-19,2026-04-19,"Launch Sales campaign",inactive,,,,1000,Daily,0,0,0,Ongoing,"7-day click, 1-day view or 1-day engaged view",0,,,0,,,,,0
2026-04-18,2026-04-18,"Retargeting Sales campaign",active,,,,500,Daily,0,0,0,Ongoing,"7-day click, 1-day view or 1-day engaged view",0,,,0,,,,,0
2026-04-18,2026-04-18,Anarkali-And-Half-saree-JanviAika_Shopping_Ad_Campaign,active,,,,2000,Daily,0,0,0,Ongoing,"7-day click, 1-day view or 1-day engaged view",0,,,0,,,,,0
2026-04-18,2026-04-18,"Engagement campaign Janviaika Reels",active,,,,"Using ad set budget",0,0,0,0,Ongoing,"7-day click or 1-day view",0,,,0,,,,,0
2026-04-18,2026-04-18,"JanviAika_Shopping_Ad_Campaign – Lehenga_And_Long_Gowns",active,,,,1000,Daily,0,0,0,Ongoing,"7-day click, 1-day view or 1-day engaged view",0,,,0,,,,,0
2026-04-18,2026-04-18,"Hot Campaign for Website Visitors",active,,,,500,Daily,0,0,0,Ongoing,"7-day click, 1-day view or 1-day engaged view",0,,,0,,,,,0
2026-04-18,2026-04-18,JanviAika_Shopping_Ad_Campaign,active,,,,"Using ad set budget",0,0,0,0,Ongoing,"7-day click, 1-day view or 1-day engaged view",0,,,0,,,,,0
2026-04-18,2026-04-18,"Anarkali Set Whatsapp campaign",inactive,,,,500,Daily,0,0,0,Ongoing,"7-day click or 1-day view",0,,,0,,,,,0
2026-04-18,2026-04-18,"Trendy Green Bridal Couture Whatsapp campaign",archived,,,,500,Daily,0,0,0,2026-06-03,"7-day click or 1-day view",0,,,0,,,,,0
2026-04-18,2026-04-18,Dark-Pink-Lehenga-Whatsapp-campaign,archived,,,,500,Daily,0,0,0,2026-06-03,"7-day click or 1-day view",0,,,0,,,,,0
2026-04-18,2026-04-18,"Lehenga Set Whatsapp campaign",inactive,,,,500,Daily,0,0,0,Ongoing,"7-day click or 1-day view",0,,,0,,,,,0
2026-04-18,2026-04-18,"Red Anarkali Engagement campaign",inactive,,,,300,Daily,0,0,0,Ongoing,"7-day click or 1-day view",0,,,0,,,,,0
2026-04-18,2026-04-18,"Post: ""Who said lehengas are only for brides? ✨ """,inactive,,,,300,Daily,0,0,0,2026-05-28,"7-day click or 1-day view",0,,,0,,,,,0
2026-04-18,2026-04-18,"Post: ""Made for summer days, yet wrapped in  elegance 🌿✨ """,completed,,,,300,Daily,0,0,0,2026-05-28,"7-day click or 1-day view",0,,,0,,,,,0
2026-04-18,2026-04-18,"Black Half Saree Dress Campaign",inactive,,,,"Using ad set budget",0,0,0,0,Ongoing,"7-day click or 1-day view",0,,,0,,,,,0
2026-04-18,2026-04-18,"Lehenga post from Insta",inactive,,,,"Using ad set budget",0,0,0,0,Ongoing,"7-day click or 1-day view",0,,,0,,,,,0
2026-04-18,2026-04-18,"FB Janviaika Video Campaign_English",inactive,5344,video_thruplay_watched_actions,0.03874064,300,Daily,207.03,29241,27871,Ongoing,"7-day click or 1-day view",7.080127,0.038741,5344,1,1364,28782,3036,497,0.261921
2026-04-18,2026-04-18,"Chudidhaar Advantage+ Shopping Campaign",inactive,,,,500,Daily,0,0,0,Ongoing,"7-day click, 1-day view or 1-day engaged view",0,,,0,,,,,0
2026-04-18,2026-04-18,"Advantage+ Shopping Campaign March",inactive,,,,500,Daily,0,0,0,Ongoing,"7-day click or 1-day view",0,,,0,,,,,0
2026-04-18,2026-04-18,"Model Engagement Video Campaign",inactive,,,,800,Daily,0,0,0,Ongoing,"Multiple attribution settings",0,,,0,,,,,0
2026-04-18,2026-04-18,"Launch Sales campaign",inactive,,,,1000,Daily,0,0,0,Ongoing,"7-day click, 1-day view or 1-day engaged view",0,,,0,,,,,0
2026-04-17,2026-04-17,"Retargeting Sales campaign",active,,,,500,Daily,0,0,0,Ongoing,"7-day click, 1-day view or 1-day engaged view",0,,,0,,,,,0
2026-04-17,2026-04-17,Anarkali-And-Half-saree-JanviAika_Shopping_Ad_Campaign,active,,,,2000,Daily,0,0,0,Ongoing,"7-day click, 1-day view or 1-day engaged view",0,,,0,,,,,0
2026-04-17,2026-04-17,"Engagement campaign Janviaika Reels",active,,,,"Using ad set budget",0,0,0,0,Ongoing,"7-day click or 1-day view",0,,,0,,,,,0
2026-04-17,2026-04-17,"JanviAika_Shopping_Ad_Campaign – Lehenga_And_Long_Gowns",active,,,,1000,Daily,0,0,0,Ongoing,"7-day click, 1-day view or 1-day engaged view",0,,,0,,,,,0
2026-04-17,2026-04-17,"Hot Campaign for Website Visitors",active,,,,500,Daily,0,0,0,Ongoing,"7-day click, 1-day view or 1-day engaged view",0,,,0,,,,,0
2026-04-17,2026-04-17,JanviAika_Shopping_Ad_Campaign,active,,,,"Using ad set budget",0,0,0,0,Ongoing,"7-day click, 1-day view or 1-day engaged view",0,,,0,,,,,0
2026-04-17,2026-04-17,"Anarkali Set Whatsapp campaign",inactive,,,,500,Daily,0,0,0,Ongoing,"7-day click or 1-day view",0,,,0,,,,,0
2026-04-17,2026-04-17,"Trendy Green Bridal Couture Whatsapp campaign",archived,,,,500,Daily,0,0,0,2026-06-03,"7-day click or 1-day view",0,,,0,,,,,0
2026-04-17,2026-04-17,Dark-Pink-Lehenga-Whatsapp-campaign,archived,,,,500,Daily,0,0,0,2026-06-03,"7-day click or 1-day view",0,,,0,,,,,0
2026-04-17,2026-04-17,"Lehenga Set Whatsapp campaign",inactive,,,,500,Daily,0,0,0,Ongoing,"7-day click or 1-day view",0,,,0,,,,,0
2026-04-17,2026-04-17,"Red Anarkali Engagement campaign",inactive,,,,300,Daily,0,0,0,Ongoing,"7-day click or 1-day view",0,,,0,,,,,0
2026-04-17,2026-04-17,"Post: ""Who said lehengas are only for brides? ✨ """,inactive,,,,300,Daily,0,0,0,2026-05-28,"7-day click or 1-day view",0,,,0,,,,,0
2026-04-17,2026-04-17,"Post: ""Made for summer days, yet wrapped in  elegance 🌿✨ """,completed,,,,300,Daily,0,0,0,2026-05-28,"7-day click or 1-day view",0,,,0,,,,,0
2026-04-17,2026-04-17,"Black Half Saree Dress Campaign",inactive,,,,"Using ad set budget",0,0,0,0,Ongoing,"7-day click or 1-day view",0,,,0,,,,,0
2026-04-17,2026-04-17,"Lehenga post from Insta",inactive,,,,"Using ad set budget",0,0,0,0,Ongoing,"7-day click or 1-day view",0,,,0,,,,,0
2026-04-17,2026-04-17,"FB Janviaika Video Campaign_English",inactive,4930,video_thruplay_watched_actions,0.03549696,300,Daily,175,33222,31054,Ongoing,"7-day click or 1-day view",5.267594,0.035497,4930,2,1098,32596,2273,327,0.315579
2026-04-17,2026-04-17,"Chudidhaar Advantage+ Shopping Campaign",inactive,,,,500,Daily,0,0,0,Ongoing,"7-day click, 1-day view or 1-day engaged view",0,,,0,,,,,0
2026-04-17,2026-04-17,"Advantage+ Shopping Campaign March",inactive,,,,500,Daily,0,0,0,Ongoing,"7-day click or 1-day view",0,,,0,,,,,0
2026-04-17,2026-04-17,"Model Engagement Video Campaign",inactive,,,,800,Daily,0,0,0,Ongoing,"Multiple attribution settings",0,,,0,,,,,0
2026-04-17,2026-04-17,"Launch Sales campaign",inactive,,,,1000,Daily,0,0,0,Ongoing,"7-day click, 1-day view or 1-day engaged view",0,,,0,,,,,0
2026-04-16,2026-04-16,"Retargeting Sales campaign",active,,,,500,Daily,0,0,0,Ongoing,"7-day click, 1-day view or 1-day engaged view",0,,,0,,,,,0
2026-04-16,2026-04-16,Anarkali-And-Half-saree-JanviAika_Shopping_Ad_Campaign,active,,,,2000,Daily,0,0,0,Ongoing,"7-day click, 1-day view or 1-day engaged view",0,,,0,,,,,0
2026-04-16,2026-04-16,"Engagement campaign Janviaika Reels",active,,,,"Using ad set budget",0,0,0,0,Ongoing,"7-day click or 1-day view",0,,,0,,,,,0
2026-04-16,2026-04-16,"JanviAika_Shopping_Ad_Campaign – Lehenga_And_Long_Gowns",active,,,,1000,Daily,0,0,0,Ongoing,"7-day click, 1-day view or 1-day engaged view",0,,,0,,,,,0
2026-04-16,2026-04-16,"Hot Campaign for Website Visitors",active,,,,500,Daily,0,0,0,Ongoing,"7-day click, 1-day view or 1-day engaged view",0,,,0,,,,,0
2026-04-16,2026-04-16,JanviAika_Shopping_Ad_Campaign,active,,,,"Using ad set budget",0,0,0,0,Ongoing,"7-day click, 1-day view or 1-day engaged view",0,,,0,,,,,0
2026-04-16,2026-04-16,"Anarkali Set Whatsapp campaign",inactive,,,,500,Daily,0,0,0,Ongoing,"7-day click or 1-day view",0,,,0,,,,,0
2026-04-16,2026-04-16,"Trendy Green Bridal Couture Whatsapp campaign",archived,,,,500,Daily,0,0,0,2026-06-03,"7-day click or 1-day view",0,,,0,,,,,0
2026-04-16,2026-04-16,Dark-Pink-Lehenga-Whatsapp-campaign,archived,,,,500,Daily,0,0,0,2026-06-03,"7-day click or 1-day view",0,,,0,,,,,0
2026-04-16,2026-04-16,"Lehenga Set Whatsapp campaign",inactive,,,,500,Daily,0,0,0,Ongoing,"7-day click or 1-day view",0,,,0,,,,,0
2026-04-16,2026-04-16,"Red Anarkali Engagement campaign",inactive,,,,300,Daily,0,0,0,Ongoing,"7-day click or 1-day view",0,,,0,,,,,0
2026-04-16,2026-04-16,"Post: ""Who said lehengas are only for brides? ✨ """,inactive,,,,300,Daily,0,0,0,2026-05-28,"7-day click or 1-day view",0,,,0,,,,,0
2026-04-16,2026-04-16,"Post: ""Made for summer days, yet wrapped in  elegance 🌿✨ """,completed,,,,300,Daily,0,0,0,2026-05-28,"7-day click or 1-day view",0,,,0,,,,,0
2026-04-16,2026-04-16,"Black Half Saree Dress Campaign",inactive,,,,"Using ad set budget",0,0,0,0,Ongoing,"7-day click or 1-day view",0,,,0,,,,,0
2026-04-16,2026-04-16,"Lehenga post from Insta",inactive,,,,"Using ad set budget",0,0,0,0,Ongoing,"7-day click or 1-day view",0,,,0,,,,,0
2026-04-16,2026-04-16,"FB Janviaika Video Campaign_English",inactive,6388,video_thruplay_watched_actions,0.03401847,300,Daily,217.31,38528,38528,Ongoing,"7-day click or 1-day view",5.640314,0.034018,6388,1,1643,38029,3477,558,0.272529
2026-04-16,2026-04-16,"Chudidhaar Advantage+ Shopping Campaign",inactive,,,,500,Daily,0,0,0,Ongoing,"7-day click, 1-day view or 1-day engaged view",0,,,0,,,,,0
2026-04-16,2026-04-16,"Advantage+ Shopping Campaign March",inactive,,,,500,Daily,0,0,0,Ongoing,"7-day click or 1-day view",0,,,0,,,,,0
2026-04-16,2026-04-16,"Model Engagement Video Campaign",inactive,,,,800,Daily,0,0,0,Ongoing,"Multiple attribution settings",0,,,0,,,,,0
2026-04-16,2026-04-16,"Launch Sales campaign",inactive,,,,1000,Daily,0,0,0,Ongoing,"7-day click, 1-day view or 1-day engaged view",0,,,0,,,,,0
2026-04-15,2026-04-15,"Retargeting Sales campaign",active,,,,500,Daily,0,0,0,Ongoing,"7-day click, 1-day view or 1-day engaged view",0,,,0,,,,,0
2026-04-15,2026-04-15,Anarkali-And-Half-saree-JanviAika_Shopping_Ad_Campaign,active,,,,2000,Daily,0,0,0,Ongoing,"7-day click, 1-day view or 1-day engaged view",0,,,0,,,,,0
2026-04-15,2026-04-15,"Engagement campaign Janviaika Reels",active,,,,"Using ad set budget",0,0,0,0,Ongoing,"7-day click or 1-day view",0,,,0,,,,,0
2026-04-15,2026-04-15,"JanviAika_Shopping_Ad_Campaign – Lehenga_And_Long_Gowns",active,,,,1000,Daily,0,0,0,Ongoing,"7-day click, 1-day view or 1-day engaged view",0,,,0,,,,,0
2026-04-15,2026-04-15,"Hot Campaign for Website Visitors",active,,,,500,Daily,0,0,0,Ongoing,"7-day click, 1-day view or 1-day engaged view",0,,,0,,,,,0
2026-04-15,2026-04-15,JanviAika_Shopping_Ad_Campaign,active,,,,"Using ad set budget",0,0,0,0,Ongoing,"7-day click, 1-day view or 1-day engaged view",0,,,0,,,,,0
2026-04-15,2026-04-15,"Anarkali Set Whatsapp campaign",inactive,,,,500,Daily,0,0,0,Ongoing,"7-day click or 1-day view",0,,,0,,,,,0
2026-04-15,2026-04-15,"Trendy Green Bridal Couture Whatsapp campaign",archived,,,,500,Daily,0,0,0,2026-06-03,"7-day click or 1-day view",0,,,0,,,,,0
2026-04-15,2026-04-15,Dark-Pink-Lehenga-Whatsapp-campaign,archived,,,,500,Daily,0,0,0,2026-06-03,"7-day click or 1-day view",0,,,0,,,,,0
2026-04-15,2026-04-15,"Lehenga Set Whatsapp campaign",inactive,,,,500,Daily,0,0,0,Ongoing,"7-day click or 1-day view",0,,,0,,,,,0
2026-04-15,2026-04-15,"Red Anarkali Engagement campaign",inactive,,,,300,Daily,0,0,0,Ongoing,"7-day click or 1-day view",0,,,0,,,,,0
2026-04-15,2026-04-15,"Post: ""Who said lehengas are only for brides? ✨ """,inactive,,,,300,Daily,0,0,0,2026-05-28,"7-day click or 1-day view",0,,,0,,,,,0
2026-04-15,2026-04-15,"Post: ""Made for summer days, yet wrapped in  elegance 🌿✨ """,completed,,,,300,Daily,0,0,0,2026-05-28,"7-day click or 1-day view",0,,,0,,,,,0
2026-04-15,2026-04-15,"Black Half Saree Dress Campaign",inactive,,,,"Using ad set budget",0,0,0,0,Ongoing,"7-day click or 1-day view",0,,,0,,,,,0
2026-04-15,2026-04-15,"Lehenga post from Insta",inactive,,,,"Using ad set budget",0,0,0,0,Ongoing,"7-day click or 1-day view",0,,,0,,,,,0
2026-04-15,2026-04-15,"FB Janviaika Video Campaign_English",inactive,30373,video_thruplay_watched_actions,0.03511672,300,Daily,1066.6,84960,74430,Ongoing,"7-day click or 1-day view",12.554143,0.035117,30373,0,10619,83862,25609,5076,0.33723
2026-04-15,2026-04-15,"Chudidhaar Advantage+ Shopping Campaign",inactive,,,,500,Daily,0,0,0,Ongoing,"7-day click, 1-day view or 1-day engaged view",0,,,0,,,,,0
2026-04-15,2026-04-15,"Advantage+ Shopping Campaign March",inactive,,,,500,Daily,0,0,0,Ongoing,"7-day click or 1-day view",0,,,0,,,,,0
2026-04-15,2026-04-15,"Model Engagement Video Campaign",inactive,,,,800,Daily,0,0,0,Ongoing,"Multiple attribution settings",0,,,0,,,,,0
2026-04-15,2026-04-15,"Launch Sales campaign",inactive,,,,1000,Daily,0,0,0,Ongoing,"7-day click, 1-day view or 1-day engaged view",0,,,0,,,,,0
2026-04-14,2026-04-14,"Retargeting Sales campaign",active,,,,500,Daily,0,0,0,Ongoing,"7-day click, 1-day view or 1-day engaged view",0,,,0,,,,,0
2026-04-14,2026-04-14,Anarkali-And-Half-saree-JanviAika_Shopping_Ad_Campaign,active,,,,2000,Daily,0,0,0,Ongoing,"7-day click, 1-day view or 1-day engaged view",0,,,0,,,,,0
2026-04-14,2026-04-14,"Engagement campaign Janviaika Reels",active,,,,"Using ad set budget",0,0,0,0,Ongoing,"7-day click or 1-day view",0,,,0,,,,,0
2026-04-14,2026-04-14,"JanviAika_Shopping_Ad_Campaign – Lehenga_And_Long_Gowns",active,,,,1000,Daily,0,0,0,Ongoing,"7-day click, 1-day view or 1-day engaged view",0,,,0,,,,,0
2026-04-14,2026-04-14,"Hot Campaign for Website Visitors",active,,,,500,Daily,0,0,0,Ongoing,"7-day click, 1-day view or 1-day engaged view",0,,,0,,,,,0
2026-04-14,2026-04-14,JanviAika_Shopping_Ad_Campaign,active,,,,"Using ad set budget",0,0,0,0,Ongoing,"7-day click, 1-day view or 1-day engaged view",0,,,0,,,,,0
2026-04-14,2026-04-14,"Anarkali Set Whatsapp campaign",inactive,,,,500,Daily,0,0,0,Ongoing,"7-day click or 1-day view",0,,,0,,,,,0
2026-04-14,2026-04-14,"Trendy Green Bridal Couture Whatsapp campaign",archived,,,,500,Daily,0,0,0,2026-06-03,"7-day click or 1-day view",0,,,0,,,,,0
2026-04-14,2026-04-14,Dark-Pink-Lehenga-Whatsapp-campaign,archived,,,,500,Daily,0,0,0,2026-06-03,"7-day click or 1-day view",0,,,0,,,,,0
2026-04-14,2026-04-14,"Lehenga Set Whatsapp campaign",inactive,,,,500,Daily,0,0,0,Ongoing,"7-day click or 1-day view",0,,,0,,,,,0
2026-04-14,2026-04-14,"Red Anarkali Engagement campaign",inactive,,,,300,Daily,0,0,0,Ongoing,"7-day click or 1-day view",0,,,0,,,,,0
2026-04-14,2026-04-14,"Post: ""Who said lehengas are only for brides? ✨ """,inactive,,,,300,Daily,0,0,0,2026-05-28,"7-day click or 1-day view",0,,,0,,,,,0
2026-04-14,2026-04-14,"Post: ""Made for summer days, yet wrapped in  elegance 🌿✨ """,completed,,,,300,Daily,0,0,0,2026-05-28,"7-day click or 1-day view",0,,,0,,,,,0
2026-04-14,2026-04-14,"Black Half Saree Dress Campaign",inactive,,,,"Using ad set budget",0,0,0,0,Ongoing,"7-day click or 1-day view",0,,,0,,,,,0
2026-04-14,2026-04-14,"Lehenga post from Insta",inactive,,,,"Using ad set budget",0,0,0,0,Ongoing,"7-day click or 1-day view",0,,,0,,,,,0
2026-04-14,2026-04-14,"FB Janviaika Video Campaign_English",inactive,25695,video_thruplay_watched_actions,0.03810119,300,Daily,979.01,108833,99417,Ongoing,"7-day click or 1-day view",8.995525,0.038101,25695,2,7940,107443,18617,3463,0.302765
2026-04-14,2026-04-14,"Chudidhaar Advantage+ Shopping Campaign",inactive,,,,500,Daily,0,0,0,Ongoing,"7-day click, 1-day view or 1-day engaged view",0,,,0,,,,,0
2026-04-14,2026-04-14,"Advantage+ Shopping Campaign March",inactive,,,,500,Daily,0,0,0,Ongoing,"7-day click or 1-day view",0,,,0,,,,,0
2026-04-14,2026-04-14,"Model Engagement Video Campaign",inactive,,,,800,Daily,0,0,0,Ongoing,"Multiple attribution settings",0,,,0,,,,,0
2026-04-14,2026-04-14,"Launch Sales campaign",inactive,,,,1000,Daily,0,0,0,Ongoing,"7-day click, 1-day view or 1-day engaged view",0,,,0,,,,,0
2026-04-13,2026-04-13,"Retargeting Sales campaign",active,,,,500,Daily,0,0,0,Ongoing,"7-day click, 1-day view or 1-day engaged view",0,,,0,,,,,0
2026-04-13,2026-04-13,Anarkali-And-Half-saree-JanviAika_Shopping_Ad_Campaign,active,,,,2000,Daily,0,0,0,Ongoing,"7-day click, 1-day view or 1-day engaged view",0,,,0,,,,,0
2026-04-13,2026-04-13,"Engagement campaign Janviaika Reels",active,,,,"Using ad set budget",0,0,0,0,Ongoing,"7-day click or 1-day view",0,,,0,,,,,0
2026-04-13,2026-04-13,"JanviAika_Shopping_Ad_Campaign – Lehenga_And_Long_Gowns",active,,,,1000,Daily,0,0,0,Ongoing,"7-day click, 1-day view or 1-day engaged view",0,,,0,,,,,0
2026-04-13,2026-04-13,"Hot Campaign for Website Visitors",active,,,,500,Daily,0,0,0,Ongoing,"7-day click, 1-day view or 1-day engaged view",0,,,0,,,,,0
2026-04-13,2026-04-13,JanviAika_Shopping_Ad_Campaign,active,,,,"Using ad set budget",0,0,0,0,Ongoing,"7-day click, 1-day view or 1-day engaged view",0,,,0,,,,,0
2026-04-13,2026-04-13,"Anarkali Set Whatsapp campaign",inactive,,,,500,Daily,0,0,0,Ongoing,"7-day click or 1-day view",0,,,0,,,,,0
2026-04-13,2026-04-13,"Trendy Green Bridal Couture Whatsapp campaign",archived,,,,500,Daily,0,0,0,2026-06-03,"7-day click or 1-day view",0,,,0,,,,,0
2026-04-13,2026-04-13,Dark-Pink-Lehenga-Whatsapp-campaign,archived,,,,500,Daily,0,0,0,2026-06-03,"7-day click or 1-day view",0,,,0,,,,,0
2026-04-13,2026-04-13,"Lehenga Set Whatsapp campaign",inactive,,,,500,Daily,0,0,0,Ongoing,"7-day click or 1-day view",0,,,0,,,,,0
2026-04-13,2026-04-13,"Red Anarkali Engagement campaign",inactive,,,,300,Daily,0,0,0,Ongoing,"7-day click or 1-day view",0,,,0,,,,,0
2026-04-13,2026-04-13,"Post: ""Who said lehengas are only for brides? ✨ """,inactive,,,,300,Daily,0,0,0,2026-05-28,"7-day click or 1-day view",0,,,0,,,,,0
2026-04-13,2026-04-13,"Post: ""Made for summer days, yet wrapped in  elegance 🌿✨ """,completed,,,,300,Daily,0,0,0,2026-05-28,"7-day click or 1-day view",0,,,0,,,,,0
2026-04-13,2026-04-13,"Black Half Saree Dress Campaign",inactive,,,,"Using ad set budget",0,0,0,0,Ongoing,"7-day click or 1-day view",0,,,0,,,,,0
2026-04-13,2026-04-13,"Lehenga post from Insta",inactive,,,,"Using ad set budget",0,0,0,0,Ongoing,"7-day click or 1-day view",0,,,0,,,,,0
2026-04-13,2026-04-13,"FB Janviaika Video Campaign_English",inactive,25764,video_thruplay_watched_actions,0.03968561,300,Daily,1022.46,111069,104831,Ongoing,"7-day click or 1-day view",9.205629,0.039686,25764,1,7803,109580,18293,3415,0.312885
2026-04-13,2026-04-13,"Chudidhaar Advantage+ Shopping Campaign",inactive,,,,500,Daily,0,0,0,Ongoing,"7-day click, 1-day view or 1-day engaged view",0,,,0,,,,,0
2026-04-13,2026-04-13,"Advantage+ Shopping Campaign March",inactive,,,,500,Daily,0,0,0,Ongoing,"7-day click or 1-day view",0,,,0,,,,,0
2026-04-13,2026-04-13,"Model Engagement Video Campaign",inactive,,,,800,Daily,0,0,0,Ongoing,"Multiple attribution settings",0,,,0,,,,,0
2026-04-13,2026-04-13,"Launch Sales campaign",inactive,,,,1000,Daily,0,0,0,Ongoing,"7-day click, 1-day view or 1-day engaged view",0,,,0,,,,,0
2026-04-12,2026-04-12,"Retargeting Sales campaign",active,,,,500,Daily,0,0,0,Ongoing,"7-day click, 1-day view or 1-day engaged view",0,,,0,,,,,0
2026-04-12,2026-04-12,Anarkali-And-Half-saree-JanviAika_Shopping_Ad_Campaign,active,,,,2000,Daily,0,0,0,Ongoing,"7-day click, 1-day view or 1-day engaged view",0,,,0,,,,,0
2026-04-12,2026-04-12,"Engagement campaign Janviaika Reels",active,,,,"Using ad set budget",0,0,0,0,Ongoing,"7-day click or 1-day view",0,,,0,,,,,0
2026-04-12,2026-04-12,"JanviAika_Shopping_Ad_Campaign – Lehenga_And_Long_Gowns",active,,,,1000,Daily,0,0,0,Ongoing,"7-day click, 1-day view or 1-day engaged view",0,,,0,,,,,0
2026-04-12,2026-04-12,"Hot Campaign for Website Visitors",active,,,,500,Daily,0,0,0,Ongoing,"7-day click, 1-day view or 1-day engaged view",0,,,0,,,,,0
2026-04-12,2026-04-12,JanviAika_Shopping_Ad_Campaign,active,,,,"Using ad set budget",0,0,0,0,Ongoing,"7-day click, 1-day view or 1-day engaged view",0,,,0,,,,,0
2026-04-12,2026-04-12,"Anarkali Set Whatsapp campaign",inactive,,,,500,Daily,0,0,0,Ongoing,"7-day click or 1-day view",0,,,0,,,,,0
2026-04-12,2026-04-12,"Trendy Green Bridal Couture Whatsapp campaign",archived,,,,500,Daily,0,0,0,2026-06-03,"7-day click or 1-day view",0,,,0,,,,,0
2026-04-12,2026-04-12,Dark-Pink-Lehenga-Whatsapp-campaign,archived,,,,500,Daily,0,0,0,2026-06-03,"7-day click or 1-day view",0,,,0,,,,,0
2026-04-12,2026-04-12,"Lehenga Set Whatsapp campaign",inactive,,,,500,Daily,0,0,0,Ongoing,"7-day click or 1-day view",0,,,0,,,,,0
2026-04-12,2026-04-12,"Red Anarkali Engagement campaign",inactive,,,,300,Daily,0,0,0,Ongoing,"7-day click or 1-day view",0,,,0,,,,,0
2026-04-12,2026-04-12,"Post: ""Who said lehengas are only for brides? ✨ """,inactive,,,,300,Daily,0,0,0,2026-05-28,"7-day click or 1-day view",0,,,0,,,,,0
2026-04-12,2026-04-12,"Post: ""Made for summer days, yet wrapped in  elegance 🌿✨ """,completed,,,,300,Daily,0,0,0,2026-05-28,"7-day click or 1-day view",0,,,0,,,,,0
2026-04-12,2026-04-12,"Black Half Saree Dress Campaign",inactive,,,,"Using ad set budget",0,0,0,0,Ongoing,"7-day click or 1-day view",0,,,0,,,,,0
2026-04-12,2026-04-12,"Lehenga post from Insta",inactive,,,,"Using ad set budget",0,0,0,0,Ongoing,"7-day click or 1-day view",0,,,0,,,,,0
2026-04-12,2026-04-12,"FB Janviaika Video Campaign_English",inactive,24842,video_thruplay_watched_actions,0.03998551,300,Daily,993.32,100867,93812,Ongoing,"7-day click or 1-day view",9.847819,0.039986,24842,2,7976,99424,18299,3451,0.322986
2026-04-12,2026-04-12,"Chudidhaar Advantage+ Shopping Campaign",inactive,,,,500,Daily,0,0,0,Ongoing,"7-day click, 1-day view or 1-day engaged view",0,,,0,,,,,0
2026-04-12,2026-04-12,"Advantage+ Shopping Campaign March",inactive,,,,500,Daily,0,0,0,Ongoing,"7-day click or 1-day view",0,,,0,,,,,0
2026-04-12,2026-04-12,"Model Engagement Video Campaign",inactive,,,,800,Daily,0,0,0,Ongoing,"Multiple attribution settings",0,,,0,,,,,0
2026-04-12,2026-04-12,"Launch Sales campaign",inactive,,,,1000,Daily,0,0,0,Ongoing,"7-day click, 1-day view or 1-day engaged view",0,,,0,,,,,0
2026-04-11,2026-04-11,"Retargeting Sales campaign",active,,,,500,Daily,0,0,0,Ongoing,"7-day click, 1-day view or 1-day engaged view",0,,,0,,,,,0
2026-04-11,2026-04-11,Anarkali-And-Half-saree-JanviAika_Shopping_Ad_Campaign,active,,,,2000,Daily,0,0,0,Ongoing,"7-day click, 1-day view or 1-day engaged view",0,,,0,,,,,0
2026-04-11,2026-04-11,"Engagement campaign Janviaika Reels",active,,,,"Using ad set budget",0,0,0,0,Ongoing,"7-day click or 1-day view",0,,,0,,,,,0
2026-04-11,2026-04-11,"JanviAika_Shopping_Ad_Campaign – Lehenga_And_Long_Gowns",active,,,,1000,Daily,0,0,0,Ongoing,"7-day click, 1-day view or 1-day engaged view",0,,,0,,,,,0
2026-04-11,2026-04-11,"Hot Campaign for Website Visitors",active,,,,500,Daily,0,0,0,Ongoing,"7-day click, 1-day view or 1-day engaged view",0,,,0,,,,,0
2026-04-11,2026-04-11,JanviAika_Shopping_Ad_Campaign,active,,,,"Using ad set budget",0,0,0,0,Ongoing,"7-day click, 1-day view or 1-day engaged view",0,,,0,,,,,0
2026-04-11,2026-04-11,"Anarkali Set Whatsapp campaign",inactive,,,,500,Daily,0,0,0,Ongoing,"7-day click or 1-day view",0,,,0,,,,,0
2026-04-11,2026-04-11,"Trendy Green Bridal Couture Whatsapp campaign",archived,,,,500,Daily,0,0,0,2026-06-03,"7-day click or 1-day view",0,,,0,,,,,0
2026-04-11,2026-04-11,Dark-Pink-Lehenga-Whatsapp-campaign,archived,,,,500,Daily,0,0,0,2026-06-03,"7-day click or 1-day view",0,,,0,,,,,0
2026-04-11,2026-04-11,"Lehenga Set Whatsapp campaign",inactive,,,,500,Daily,0,0,0,Ongoing,"7-day click or 1-day view",0,,,0,,,,,0
2026-04-11,2026-04-11,"Red Anarkali Engagement campaign",inactive,,,,300,Daily,0,0,0,Ongoing,"7-day click or 1-day view",0,,,0,,,,,0
2026-04-11,2026-04-11,"Post: ""Who said lehengas are only for brides? ✨ """,inactive,,,,300,Daily,0,0,0,2026-05-28,"7-day click or 1-day view",0,,,0,,,,,0
2026-04-11,2026-04-11,"Post: ""Made for summer days, yet wrapped in  elegance 🌿✨ """,completed,,,,300,Daily,0,0,0,2026-05-28,"7-day click or 1-day view",0,,,0,,,,,0
2026-04-11,2026-04-11,"Black Half Saree Dress Campaign",inactive,,,,"Using ad set budget",0,0,0,0,Ongoing,"7-day click or 1-day view",0,,,0,,,,,0
2026-04-11,2026-04-11,"Lehenga post from Insta",inactive,,,,"Using ad set budget",0,0,0,0,Ongoing,"7-day click or 1-day view",0,,,0,,,,,0
2026-04-11,2026-04-11,"FB Janviaika Video Campaign_English",inactive,26722,video_thruplay_watched_actions,0.03871604,300,Daily,1034.57,120027,113818,Ongoing,"7-day click or 1-day view",8.619477,0.038716,26722,1,8065,117084,18315,3481,0.321566
2026-04-11,2026-04-11,"Chudidhaar Advantage+ Shopping Campaign",inactive,,,,500,Daily,0,0,0,Ongoing,"7-day click, 1-day view or 1-day engaged view",0,,,0,,,,,0
2026-04-11,2026-04-11,"Advantage+ Shopping Campaign March",inactive,,,,500,Daily,0,0,0,Ongoing,"7-day click or 1-day view",0,,,0,,,,,0
2026-04-11,2026-04-11,"Model Engagement Video Campaign",inactive,,,,800,Daily,0,0,0,Ongoing,"Multiple attribution settings",0,,,0,,,,,0
2026-04-11,2026-04-11,"Launch Sales campaign",inactive,,,,1000,Daily,0,0,0,Ongoing,"7-day click, 1-day view or 1-day engaged view",0,,,0,,,,,0
2026-04-10,2026-04-10,"Retargeting Sales campaign",active,,,,500,Daily,0,0,0,Ongoing,"7-day click, 1-day view or 1-day engaged view",0,,,0,,,,,0
2026-04-10,2026-04-10,Anarkali-And-Half-saree-JanviAika_Shopping_Ad_Campaign,active,,,,2000,Daily,0,0,0,Ongoing,"7-day click, 1-day view or 1-day engaged view",0,,,0,,,,,0
2026-04-10,2026-04-10,"Engagement campaign Janviaika Reels",active,,,,"Using ad set budget",0,0,0,0,Ongoing,"7-day click or 1-day view",0,,,0,,,,,0
2026-04-10,2026-04-10,"JanviAika_Shopping_Ad_Campaign – Lehenga_And_Long_Gowns",active,,,,1000,Daily,0,0,0,Ongoing,"7-day click, 1-day view or 1-day engaged view",0,,,0,,,,,0
2026-04-10,2026-04-10,"Hot Campaign for Website Visitors",active,,,,500,Daily,0,0,0,Ongoing,"7-day click, 1-day view or 1-day engaged view",0,,,0,,,,,0
2026-04-10,2026-04-10,JanviAika_Shopping_Ad_Campaign,active,,,,"Using ad set budget",0,0,0,0,Ongoing,"7-day click, 1-day view or 1-day engaged view",0,,,0,,,,,0
2026-04-10,2026-04-10,"Anarkali Set Whatsapp campaign",inactive,,,,500,Daily,0,0,0,Ongoing,"7-day click or 1-day view",0,,,0,,,,,0
2026-04-10,2026-04-10,"Trendy Green Bridal Couture Whatsapp campaign",archived,,,,500,Daily,0,0,0,2026-06-03,"7-day click or 1-day view",0,,,0,,,,,0
2026-04-10,2026-04-10,Dark-Pink-Lehenga-Whatsapp-campaign,archived,,,,500,Daily,0,0,0,2026-06-03,"7-day click or 1-day view",0,,,0,,,,,0
2026-04-10,2026-04-10,"Lehenga Set Whatsapp campaign",inactive,,,,500,Daily,0,0,0,Ongoing,"7-day click or 1-day view",0,,,0,,,,,0
2026-04-10,2026-04-10,"Red Anarkali Engagement campaign",inactive,,,,300,Daily,0,0,0,Ongoing,"7-day click or 1-day view",0,,,0,,,,,0
2026-04-10,2026-04-10,"Post: ""Who said lehengas are only for brides? ✨ """,inactive,,,,300,Daily,0,0,0,2026-05-28,"7-day click or 1-day view",0,,,0,,,,,0
2026-04-10,2026-04-10,"Post: ""Made for summer days, yet wrapped in  elegance 🌿✨ """,completed,,,,300,Daily,0,0,0,2026-05-28,"7-day click or 1-day view",0,,,0,,,,,0
2026-04-10,2026-04-10,"Black Half Saree Dress Campaign",inactive,,,,"Using ad set budget",0,0,0,0,Ongoing,"7-day click or 1-day view",0,,,0,,,,,0
2026-04-10,2026-04-10,"Lehenga post from Insta",inactive,,,,"Using ad set budget",0,0,0,0,Ongoing,"7-day click or 1-day view",0,,,0,,,,,0
2026-04-10,2026-04-10,"FB Janviaika Video Campaign_English",inactive,25361,video_thruplay_watched_actions,0.03788297,300,Daily,960.75,134394,125039,Ongoing,"7-day click or 1-day view",7.148757,0.037883,25361,2,7137,131718,16072,2927,0.307104
2026-04-10,2026-04-10,"Chudidhaar Advantage+ Shopping Campaign",inactive,,,,500,Daily,0,0,0,Ongoing,"7-day click, 1-day view or 1-day engaged view",0,,,0,,,,,0
2026-04-10,2026-04-10,"Advantage+ Shopping Campaign March",inactive,,,,500,Daily,0,0,0,Ongoing,"7-day click or 1-day view",0,,,0,,,,,0
2026-04-10,2026-04-10,"Model Engagement Video Campaign",inactive,,,,800,Daily,0,0,0,Ongoing,"Multiple attribution settings",0,,,0,,,,,0
2026-04-10,2026-04-10,"Launch Sales campaign",inactive,,,,1000,Daily,0,0,0,Ongoing,"7-day click, 1-day view or 1-day engaged view",0,,,0,,,,,0
2026-04-09,2026-04-09,"Retargeting Sales campaign",active,,,,500,Daily,0,0,0,Ongoing,"7-day click, 1-day view or 1-day engaged view",0,,,0,,,,,0
2026-04-09,2026-04-09,Anarkali-And-Half-saree-JanviAika_Shopping_Ad_Campaign,active,,,,2000,Daily,0,0,0,Ongoing,"7-day click, 1-day view or 1-day engaged view",0,,,0,,,,,0
2026-04-09,2026-04-09,"Engagement campaign Janviaika Reels",active,,,,"Using ad set budget",0,0,0,0,Ongoing,"7-day click or 1-day view",0,,,0,,,,,0
2026-04-09,2026-04-09,"JanviAika_Shopping_Ad_Campaign – Lehenga_And_Long_Gowns",active,,,,1000,Daily,0,0,0,Ongoing,"7-day click, 1-day view or 1-day engaged view",0,,,0,,,,,0
2026-04-09,2026-04-09,"Hot Campaign for Website Visitors",active,,,,500,Daily,0,0,0,Ongoing,"7-day click, 1-day view or 1-day engaged view",0,,,0,,,,,0
2026-04-09,2026-04-09,JanviAika_Shopping_Ad_Campaign,active,,,,"Using ad set budget",0,0,0,0,Ongoing,"7-day click, 1-day view or 1-day engaged view",0,,,0,,,,,0
2026-04-09,2026-04-09,"Anarkali Set Whatsapp campaign",inactive,,,,500,Daily,0,0,0,Ongoing,"7-day click or 1-day view",0,,,0,,,,,0
2026-04-09,2026-04-09,"Trendy Green Bridal Couture Whatsapp campaign",archived,,,,500,Daily,0,0,0,2026-06-03,"7-day click or 1-day view",0,,,0,,,,,0
2026-04-09,2026-04-09,Dark-Pink-Lehenga-Whatsapp-campaign,archived,,,,500,Daily,0,0,0,2026-06-03,"7-day click or 1-day view",0,,,0,,,,,0
2026-04-09,2026-04-09,"Lehenga Set Whatsapp campaign",inactive,,,,500,Daily,0,0,0,Ongoing,"7-day click or 1-day view",0,,,0,,,,,0
2026-04-09,2026-04-09,"Red Anarkali Engagement campaign",inactive,,,,300,Daily,0,0,0,Ongoing,"7-day click or 1-day view",0,,,0,,,,,0
2026-04-09,2026-04-09,"Post: ""Who said lehengas are only for brides? ✨ """,inactive,,,,300,Daily,0,0,0,2026-05-28,"7-day click or 1-day view",0,,,0,,,,,0
2026-04-09,2026-04-09,"Post: ""Made for summer days, yet wrapped in  elegance 🌿✨ """,completed,,,,300,Daily,0,0,0,2026-05-28,"7-day click or 1-day view",0,,,0,,,,,0
2026-04-09,2026-04-09,"Black Half Saree Dress Campaign",inactive,,,,"Using ad set budget",0,0,0,0,Ongoing,"7-day click or 1-day view",0,,,0,,,,,0
2026-04-09,2026-04-09,"Lehenga post from Insta",inactive,,,,"Using ad set budget",0,0,0,0,Ongoing,"7-day click or 1-day view",0,,,0,,,,,0
2026-04-09,2026-04-09,"FB Janviaika Video Campaign_English",inactive,26339,video_thruplay_watched_actions,0.03678082,300,Daily,968.77,136073,130162,Ongoing,"7-day click or 1-day view",7.119487,0.036781,26339,1,7426,133451,16566,3104,0.31576
2026-04-09,2026-04-09,"Chudidhaar Advantage+ Shopping Campaign",inactive,,,,500,Daily,0,0,0,Ongoing,"7-day click, 1-day view or 1-day engaged view",0,,,0,,,,,0
2026-04-09,2026-04-09,"Advantage+ Shopping Campaign March",inactive,,,,500,Daily,0,0,0,Ongoing,"7-day click or 1-day view",0,,,0,,,,,0
2026-04-09,2026-04-09,"Model Engagement Video Campaign",inactive,,,,800,Daily,0,0,0,Ongoing,"Multiple attribution settings",0,,,0,,,,,0
2026-04-09,2026-04-09,"Launch Sales campaign",inactive,,,,1000,Daily,0,0,0,Ongoing,"7-day click, 1-day view or 1-day engaged view",0,,,0,,,,,0
2026-04-08,2026-04-08,"Retargeting Sales campaign",active,,,,500,Daily,0,0,0,Ongoing,"7-day click, 1-day view or 1-day engaged view",0,,,0,,,,,0
2026-04-08,2026-04-08,Anarkali-And-Half-saree-JanviAika_Shopping_Ad_Campaign,active,,,,2000,Daily,0,0,0,Ongoing,"7-day click, 1-day view or 1-day engaged view",0,,,0,,,,,0
2026-04-08,2026-04-08,"Engagement campaign Janviaika Reels",active,,,,"Using ad set budget",0,0,0,0,Ongoing,"7-day click or 1-day view",0,,,0,,,,,0
2026-04-08,2026-04-08,"JanviAika_Shopping_Ad_Campaign – Lehenga_And_Long_Gowns",active,,,,1000,Daily,0,0,0,Ongoing,"7-day click, 1-day view or 1-day engaged view",0,,,0,,,,,0
2026-04-08,2026-04-08,"Hot Campaign for Website Visitors",active,,,,500,Daily,0,0,0,Ongoing,"7-day click, 1-day view or 1-day engaged view",0,,,0,,,,,0
2026-04-08,2026-04-08,JanviAika_Shopping_Ad_Campaign,active,,,,"Using ad set budget",0,0,0,0,Ongoing,"7-day click, 1-day view or 1-day engaged view",0,,,0,,,,,0
2026-04-08,2026-04-08,"Anarkali Set Whatsapp campaign",inactive,,,,500,Daily,0,0,0,Ongoing,"7-day click or 1-day view",0,,,0,,,,,0
2026-04-08,2026-04-08,"Trendy Green Bridal Couture Whatsapp campaign",archived,,,,500,Daily,0,0,0,2026-06-03,"7-day click or 1-day view",0,,,0,,,,,0
2026-04-08,2026-04-08,Dark-Pink-Lehenga-Whatsapp-campaign,archived,,,,500,Daily,0,0,0,2026-06-03,"7-day click or 1-day view",0,,,0,,,,,0
2026-04-08,2026-04-08,"Lehenga Set Whatsapp campaign",inactive,,,,500,Daily,0,0,0,Ongoing,"7-day click or 1-day view",0,,,0,,,,,0
2026-04-08,2026-04-08,"Red Anarkali Engagement campaign",inactive,,,,300,Daily,0,0,0,Ongoing,"7-day click or 1-day view",0,,,0,,,,,0
2026-04-08,2026-04-08,"Post: ""Who said lehengas are only for brides? ✨ """,inactive,,,,300,Daily,0,0,0,2026-05-28,"7-day click or 1-day view",0,,,0,,,,,0
2026-04-08,2026-04-08,"Post: ""Made for summer days, yet wrapped in  elegance 🌿✨ """,completed,,,,300,Daily,0,0,0,2026-05-28,"7-day click or 1-day view",0,,,0,,,,,0
2026-04-08,2026-04-08,"Black Half Saree Dress Campaign",inactive,,,,"Using ad set budget",0,0,0,0,Ongoing,"7-day click or 1-day view",0,,,0,,,,,0
2026-04-08,2026-04-08,"Lehenga post from Insta",inactive,,,,"Using ad set budget",0,0,0,0,Ongoing,"7-day click or 1-day view",0,,,0,,,,,0
2026-04-08,2026-04-08,"FB Janviaika Video Campaign_English",inactive,25429,video_thruplay_watched_actions,0.03761335,300,Daily,956.47,152656,145556,Ongoing,"7-day click or 1-day view",6.265525,0.037613,25429,1,6522,148288,13779,2421,0.329083
2026-04-08,2026-04-08,"Chudidhaar Advantage+ Shopping Campaign",inactive,,,,500,Daily,0,0,0,Ongoing,"7-day click, 1-day view or 1-day engaged view",0,,,0,,,,,0
2026-04-08,2026-04-08,"Advantage+ Shopping Campaign March",inactive,,,,500,Daily,0,0,0,Ongoing,"7-day click or 1-day view",0,,,0,,,,,0
2026-04-08,2026-04-08,"Model Engagement Video Campaign",inactive,,,,800,Daily,0,0,0,Ongoing,"Multiple attribution settings",0,,,0,,,,,0
2026-04-08,2026-04-08,"Launch Sales campaign",inactive,,,,1000,Daily,0,0,0,Ongoing,"7-day click, 1-day view or 1-day engaged view",0,,,0,,,,,0
2026-04-07,2026-04-07,"Retargeting Sales campaign",active,,,,500,Daily,0,0,0,Ongoing,"7-day click, 1-day view or 1-day engaged view",0,,,0,,,,,0
2026-04-07,2026-04-07,Anarkali-And-Half-saree-JanviAika_Shopping_Ad_Campaign,active,,,,2000,Daily,0,0,0,Ongoing,"7-day click, 1-day view or 1-day engaged view",0,,,0,,,,,0
2026-04-07,2026-04-07,"Engagement campaign Janviaika Reels",active,,,,"Using ad set budget",0,0,0,0,Ongoing,"7-day click or 1-day view",0,,,0,,,,,0
2026-04-07,2026-04-07,"JanviAika_Shopping_Ad_Campaign – Lehenga_And_Long_Gowns",active,,,,1000,Daily,0,0,0,Ongoing,"7-day click, 1-day view or 1-day engaged view",0,,,0,,,,,0
2026-04-07,2026-04-07,"Hot Campaign for Website Visitors",active,,,,500,Daily,0,0,0,Ongoing,"7-day click, 1-day view or 1-day engaged view",0,,,0,,,,,0
2026-04-07,2026-04-07,JanviAika_Shopping_Ad_Campaign,active,,,,"Using ad set budget",0,0,0,0,Ongoing,"7-day click, 1-day view or 1-day engaged view",0,,,0,,,,,0
2026-04-07,2026-04-07,"Anarkali Set Whatsapp campaign",inactive,,,,500,Daily,0,0,0,Ongoing,"7-day click or 1-day view",0,,,0,,,,,0
2026-04-07,2026-04-07,"Trendy Green Bridal Couture Whatsapp campaign",archived,,,,500,Daily,0,0,0,2026-06-03,"7-day click or 1-day view",0,,,0,,,,,0
2026-04-07,2026-04-07,Dark-Pink-Lehenga-Whatsapp-campaign,archived,,,,500,Daily,0,0,0,2026-06-03,"7-day click or 1-day view",0,,,0,,,,,0
2026-04-07,2026-04-07,"Lehenga Set Whatsapp campaign",inactive,,,,500,Daily,0,0,0,Ongoing,"7-day click or 1-day view",0,,,0,,,,,0
2026-04-07,2026-04-07,"Red Anarkali Engagement campaign",inactive,,,,300,Daily,0,0,0,Ongoing,"7-day click or 1-day view",0,,,0,,,,,0
2026-04-07,2026-04-07,"Post: ""Who said lehengas are only for brides? ✨ """,inactive,,,,300,Daily,0,0,0,2026-05-28,"7-day click or 1-day view",0,,,0,,,,,0
2026-04-07,2026-04-07,"Post: ""Made for summer days, yet wrapped in  elegance 🌿✨ """,completed,,,,300,Daily,0,0,0,2026-05-28,"7-day click or 1-day view",0,,,0,,,,,0
2026-04-07,2026-04-07,"Black Half Saree Dress Campaign",inactive,,,,"Using ad set budget",0,0,0,0,Ongoing,"7-day click or 1-day view",0,,,0,,,,,0
2026-04-07,2026-04-07,"Lehenga post from Insta",inactive,,,,"Using ad set budget",0,0,0,0,Ongoing,"7-day click or 1-day view",0,,,0,,,,,0
2026-04-07,2026-04-07,"FB Janviaika Video Campaign_English",inactive,27083,video_thruplay_watched_actions,0.03741055,300,Daily,1013.19,174668,172876,Ongoing,"7-day click or 1-day view",5.800662,0.037411,27083,0,6543,170037,13849,2416,0.282283
2026-04-07,2026-04-07,"Chudidhaar Advantage+ Shopping Campaign",inactive,,,,500,Daily,0,0,0,Ongoing,"7-day click, 1-day view or 1-day engaged view",0,,,0,,,,,0
2026-04-07,2026-04-07,"Advantage+ Shopping Campaign March",inactive,,,,500,Daily,0,0,0,Ongoing,"7-day click or 1-day view",0,,,0,,,,,0
2026-04-07,2026-04-07,"Model Engagement Video Campaign",inactive,,,,800,Daily,0,0,0,Ongoing,"Multiple attribution settings",0,,,0,,,,,0
2026-04-07,2026-04-07,"Launch Sales campaign",inactive,,,,1000,Daily,0,0,0,Ongoing,"7-day click, 1-day view or 1-day engaged view",0,,,0,,,,,0
2026-04-06,2026-04-06,"Retargeting Sales campaign",active,,,,500,Daily,0,0,0,Ongoing,"7-day click, 1-day view or 1-day engaged view",0,,,0,,,,,0
2026-04-06,2026-04-06,Anarkali-And-Half-saree-JanviAika_Shopping_Ad_Campaign,active,,,,2000,Daily,0,0,0,Ongoing,"7-day click, 1-day view or 1-day engaged view",0,,,0,,,,,0
2026-04-06,2026-04-06,"Engagement campaign Janviaika Reels",active,,,,"Using ad set budget",0,0,0,0,Ongoing,"7-day click or 1-day view",0,,,0,,,,,0
2026-04-06,2026-04-06,"JanviAika_Shopping_Ad_Campaign – Lehenga_And_Long_Gowns",active,,,,1000,Daily,0,0,0,Ongoing,"7-day click, 1-day view or 1-day engaged view",0,,,0,,,,,0
2026-04-06,2026-04-06,"Hot Campaign for Website Visitors",active,,,,500,Daily,0,0,0,Ongoing,"7-day click, 1-day view or 1-day engaged view",0,,,0,,,,,0
2026-04-06,2026-04-06,JanviAika_Shopping_Ad_Campaign,active,,,,"Using ad set budget",0,0,0,0,Ongoing,"7-day click, 1-day view or 1-day engaged view",0,,,0,,,,,0
2026-04-06,2026-04-06,"Anarkali Set Whatsapp campaign",inactive,,,,500,Daily,0,0,0,Ongoing,"7-day click or 1-day view",0,,,0,,,,,0
2026-04-06,2026-04-06,"Trendy Green Bridal Couture Whatsapp campaign",archived,,,,500,Daily,0,0,0,2026-06-03,"7-day click or 1-day view",0,,,0,,,,,0
2026-04-06,2026-04-06,Dark-Pink-Lehenga-Whatsapp-campaign,archived,,,,500,Daily,0,0,0,2026-06-03,"7-day click or 1-day view",0,,,0,,,,,0
2026-04-06,2026-04-06,"Lehenga Set Whatsapp campaign",inactive,,,,500,Daily,0,0,0,Ongoing,"7-day click or 1-day view",0,,,0,,,,,0
2026-04-06,2026-04-06,"Red Anarkali Engagement campaign",inactive,,,,300,Daily,0,0,0,Ongoing,"7-day click or 1-day view",0,,,0,,,,,0
2026-04-06,2026-04-06,"Post: ""Who said lehengas are only for brides? ✨ """,inactive,,,,300,Daily,0,0,0,2026-05-28,"7-day click or 1-day view",0,,,0,,,,,0
2026-04-06,2026-04-06,"Post: ""Made for summer days, yet wrapped in  elegance 🌿✨ """,completed,,,,300,Daily,0,0,0,2026-05-28,"7-day click or 1-day view",0,,,0,,,,,0
2026-04-06,2026-04-06,"Black Half Saree Dress Campaign",inactive,,,,"Using ad set budget",0,0,0,0,Ongoing,"7-day click or 1-day view",0,,,0,,,,,0
2026-04-06,2026-04-06,"Lehenga post from Insta",inactive,,,,"Using ad set budget",0,0,0,0,Ongoing,"7-day click or 1-day view",0,,,0,,,,,0
2026-04-06,2026-04-06,"FB Janviaika Video Campaign_English",inactive,25440,video_thruplay_watched_actions,0.04214937,300,Daily,1072.28,187291,187236,Ongoing,"7-day click or 1-day view",5.725208,0.042149,25440,5,5583,184450,11117,1700,0.257963
2026-04-06,2026-04-06,"Chudidhaar Advantage+ Shopping Campaign",inactive,,,,500,Daily,0,0,0,Ongoing,"7-day click, 1-day view or 1-day engaged view",0,,,0,,,,,0
2026-04-06,2026-04-06,"Advantage+ Shopping Campaign March",inactive,,,,500,Daily,0,0,0,Ongoing,"7-day click or 1-day view",0,,,0,,,,,0
2026-04-06,2026-04-06,"Model Engagement Video Campaign",inactive,,,,800,Daily,0,0,0,Ongoing,"Multiple attribution settings",0,,,0,,,,,0
2026-04-06,2026-04-06,"Launch Sales campaign",inactive,,,,1000,Daily,0,0,0,Ongoing,"7-day click, 1-day view or 1-day engaged view",0,,,0,,,,,0
2026-04-05,2026-04-05,"Retargeting Sales campaign",active,,,,500,Daily,0,0,0,Ongoing,"7-day click, 1-day view or 1-day engaged view",0,,,0,,,,,0
2026-04-05,2026-04-05,Anarkali-And-Half-saree-JanviAika_Shopping_Ad_Campaign,active,,,,2000,Daily,0,0,0,Ongoing,"7-day click, 1-day view or 1-day engaged view",0,,,0,,,,,0
2026-04-05,2026-04-05,"Engagement campaign Janviaika Reels",active,,,,"Using ad set budget",0,0,0,0,Ongoing,"7-day click or 1-day view",0,,,0,,,,,0
2026-04-05,2026-04-05,"JanviAika_Shopping_Ad_Campaign – Lehenga_And_Long_Gowns",active,,,,1000,Daily,0,0,0,Ongoing,"7-day click, 1-day view or 1-day engaged view",0,,,0,,,,,0
2026-04-05,2026-04-05,"Hot Campaign for Website Visitors",active,,,,500,Daily,0,0,0,Ongoing,"7-day click, 1-day view or 1-day engaged view",0,,,0,,,,,0
2026-04-05,2026-04-05,JanviAika_Shopping_Ad_Campaign,active,,,,"Using ad set budget",0,0,0,0,Ongoing,"7-day click, 1-day view or 1-day engaged view",0,,,0,,,,,0
2026-04-05,2026-04-05,"Anarkali Set Whatsapp campaign",inactive,,,,500,Daily,0,0,0,Ongoing,"7-day click or 1-day view",0,,,0,,,,,0
2026-04-05,2026-04-05,"Trendy Green Bridal Couture Whatsapp campaign",archived,,,,500,Daily,0,0,0,2026-06-03,"7-day click or 1-day view",0,,,0,,,,,0
2026-04-05,2026-04-05,Dark-Pink-Lehenga-Whatsapp-campaign,archived,,,,500,Daily,0,0,0,2026-06-03,"7-day click or 1-day view",0,,,0,,,,,0
2026-04-05,2026-04-05,"Lehenga Set Whatsapp campaign",inactive,,,,500,Daily,0,0,0,Ongoing,"7-day click or 1-day view",0,,,0,,,,,0
2026-04-05,2026-04-05,"Red Anarkali Engagement campaign",inactive,,,,300,Daily,0,0,0,Ongoing,"7-day click or 1-day view",0,,,0,,,,,0
2026-04-05,2026-04-05,"Post: ""Who said lehengas are only for brides? ✨ """,inactive,,,,300,Daily,0,0,0,2026-05-28,"7-day click or 1-day view",0,,,0,,,,,0
2026-04-05,2026-04-05,"Post: ""Made for summer days, yet wrapped in  elegance 🌿✨ """,completed,,,,300,Daily,0,0,0,2026-05-28,"7-day click or 1-day view",0,,,0,,,,,0
2026-04-05,2026-04-05,"Black Half Saree Dress Campaign",inactive,,,,"Using ad set budget",0,0,0,0,Ongoing,"7-day click or 1-day view",0,,,0,,,,,0
2026-04-05,2026-04-05,"Lehenga post from Insta",inactive,,,,"Using ad set budget",0,0,0,0,Ongoing,"7-day click or 1-day view",0,,,0,,,,,0
2026-04-05,2026-04-05,"FB Janviaika Video Campaign_English",inactive,21199,video_thruplay_watched_actions,0.04609557,300,Daily,977.18,151425,145614,Ongoing,"7-day click or 1-day view",6.453228,0.046096,21199,0,4697,146624,9229,1308,0.319337
2026-04-05,2026-04-05,"Chudidhaar Advantage+ Shopping Campaign",inactive,,,,500,Daily,0,0,0,Ongoing,"7-day click, 1-day view or 1-day engaged view",0,,,0,,,,,0
2026-04-05,2026-04-05,"Advantage+ Shopping Campaign March",inactive,,,,500,Daily,0,0,0,Ongoing,"7-day click or 1-day view",0,,,0,,,,,0
2026-04-05,2026-04-05,"Model Engagement Video Campaign",inactive,,,,800,Daily,0,0,0,Ongoing,"Multiple attribution settings",0,,,0,,,,,0
2026-04-05,2026-04-05,"Launch Sales campaign",inactive,,,,1000,Daily,0,0,0,Ongoing,"7-day click, 1-day view or 1-day engaged view",0,,,0,,,,,0
2026-04-04,2026-04-04,"Retargeting Sales campaign",active,,,,500,Daily,0,0,0,Ongoing,"7-day click, 1-day view or 1-day engaged view",0,,,0,,,,,0
2026-04-04,2026-04-04,Anarkali-And-Half-saree-JanviAika_Shopping_Ad_Campaign,active,,,,2000,Daily,0,0,0,Ongoing,"7-day click, 1-day view or 1-day engaged view",0,,,0,,,,,0
2026-04-04,2026-04-04,"Engagement campaign Janviaika Reels",active,,,,"Using ad set budget",0,0,0,0,Ongoing,"7-day click or 1-day view",0,,,0,,,,,0
2026-04-04,2026-04-04,"JanviAika_Shopping_Ad_Campaign – Lehenga_And_Long_Gowns",active,,,,1000,Daily,0,0,0,Ongoing,"7-day click, 1-day view or 1-day engaged view",0,,,0,,,,,0
2026-04-04,2026-04-04,"Hot Campaign for Website Visitors",active,,,,500,Daily,0,0,0,Ongoing,"7-day click, 1-day view or 1-day engaged view",0,,,0,,,,,0
2026-04-04,2026-04-04,JanviAika_Shopping_Ad_Campaign,active,,,,"Using ad set budget",0,0,0,0,Ongoing,"7-day click, 1-day view or 1-day engaged view",0,,,0,,,,,0
2026-04-04,2026-04-04,"Anarkali Set Whatsapp campaign",inactive,,,,500,Daily,0,0,0,Ongoing,"7-day click or 1-day view",0,,,0,,,,,0
2026-04-04,2026-04-04,"Trendy Green Bridal Couture Whatsapp campaign",archived,,,,500,Daily,0,0,0,2026-06-03,"7-day click or 1-day view",0,,,0,,,,,0
2026-04-04,2026-04-04,Dark-Pink-Lehenga-Whatsapp-campaign,archived,,,,500,Daily,0,0,0,2026-06-03,"7-day click or 1-day view",0,,,0,,,,,0
2026-04-04,2026-04-04,"Lehenga Set Whatsapp campaign",inactive,,,,500,Daily,0,0,0,Ongoing,"7-day click or 1-day view",0,,,0,,,,,0
2026-04-04,2026-04-04,"Red Anarkali Engagement campaign",inactive,,,,300,Daily,0,0,0,Ongoing,"7-day click or 1-day view",0,,,0,,,,,0
2026-04-04,2026-04-04,"Post: ""Who said lehengas are only for brides? ✨ """,inactive,,,,300,Daily,0,0,0,2026-05-28,"7-day click or 1-day view",0,,,0,,,,,0
2026-04-04,2026-04-04,"Post: ""Made for summer days, yet wrapped in  elegance 🌿✨ """,completed,,,,300,Daily,0,0,0,2026-05-28,"7-day click or 1-day view",0,,,0,,,,,0
2026-04-04,2026-04-04,"Black Half Saree Dress Campaign",inactive,,,,"Using ad set budget",0,0,0,0,Ongoing,"7-day click or 1-day view",0,,,0,,,,,0
2026-04-04,2026-04-04,"Lehenga post from Insta",inactive,,,,"Using ad set budget",0,0,0,0,Ongoing,"7-day click or 1-day view",0,,,0,,,,,0
2026-04-04,2026-04-04,"FB Janviaika Video Campaign_English",inactive,27958,video_thruplay_watched_actions,0.04451999,300,Daily,1244.69,189833,180652,Ongoing,"7-day click or 1-day view",6.556763,0.04452,27958,2,6309,184780,12957,2056,0.305006
2026-04-04,2026-04-04,"Chudidhaar Advantage+ Shopping Campaign",inactive,,,,500,Daily,0,0,0,Ongoing,"7-day click, 1-day view or 1-day engaged view",0,,,0,,,,,0
2026-04-04,2026-04-04,"Advantage+ Shopping Campaign March",inactive,,,,500,Daily,0,0,0,Ongoing,"7-day click or 1-day view",0,,,0,,,,,0
2026-04-04,2026-04-04,"Model Engagement Video Campaign",inactive,,,,800,Daily,0,0,0,Ongoing,"Multiple attribution settings",0,,,0,,,,,0
2026-04-04,2026-04-04,"Launch Sales campaign",inactive,,,,1000,Daily,0,0,0,Ongoing,"7-day click, 1-day view or 1-day engaged view",0,,,0,,,,,0
2026-04-03,2026-04-03,"Retargeting Sales campaign",active,,,,500,Daily,0,0,0,Ongoing,"7-day click, 1-day view or 1-day engaged view",0,,,0,,,,,0
2026-04-03,2026-04-03,Anarkali-And-Half-saree-JanviAika_Shopping_Ad_Campaign,active,,,,2000,Daily,0,0,0,Ongoing,"7-day click, 1-day view or 1-day engaged view",0,,,0,,,,,0
2026-04-03,2026-04-03,"Engagement campaign Janviaika Reels",active,,,,"Using ad set budget",0,0,0,0,Ongoing,"7-day click or 1-day view",0,,,0,,,,,0
2026-04-03,2026-04-03,"JanviAika_Shopping_Ad_Campaign – Lehenga_And_Long_Gowns",active,,,,1000,Daily,0,0,0,Ongoing,"7-day click, 1-day view or 1-day engaged view",0,,,0,,,,,0
2026-04-03,2026-04-03,"Hot Campaign for Website Visitors",active,,,,500,Daily,0,0,0,Ongoing,"7-day click, 1-day view or 1-day engaged view",0,,,0,,,,,0
2026-04-03,2026-04-03,JanviAika_Shopping_Ad_Campaign,active,,,,"Using ad set budget",0,0,0,0,Ongoing,"7-day click, 1-day view or 1-day engaged view",0,,,0,,,,,0
2026-04-03,2026-04-03,"Anarkali Set Whatsapp campaign",inactive,,,,500,Daily,0,0,0,Ongoing,"7-day click or 1-day view",0,,,0,,,,,0
2026-04-03,2026-04-03,"Trendy Green Bridal Couture Whatsapp campaign",archived,,,,500,Daily,0,0,0,2026-06-03,"7-day click or 1-day view",0,,,0,,,,,0
2026-04-03,2026-04-03,Dark-Pink-Lehenga-Whatsapp-campaign,archived,,,,500,Daily,0,0,0,2026-06-03,"7-day click or 1-day view",0,,,0,,,,,0
2026-04-03,2026-04-03,"Lehenga Set Whatsapp campaign",inactive,,,,500,Daily,0,0,0,Ongoing,"7-day click or 1-day view",0,,,0,,,,,0
2026-04-03,2026-04-03,"Red Anarkali Engagement campaign",inactive,,,,300,Daily,0,0,0,Ongoing,"7-day click or 1-day view",0,,,0,,,,,0
2026-04-03,2026-04-03,"Post: ""Who said lehengas are only for brides? ✨ """,inactive,,,,300,Daily,0,0,0,2026-05-28,"7-day click or 1-day view",0,,,0,,,,,0
2026-04-03,2026-04-03,"Post: ""Made for summer days, yet wrapped in  elegance 🌿✨ """,completed,,,,300,Daily,0,0,0,2026-05-28,"7-day click or 1-day view",0,,,0,,,,,0
2026-04-03,2026-04-03,"Black Half Saree Dress Campaign",inactive,,,,"Using ad set budget",0,0,0,0,Ongoing,"7-day click or 1-day view",0,,,0,,,,,0
2026-04-03,2026-04-03,"Lehenga post from Insta",inactive,,,,"Using ad set budget",0,0,0,0,Ongoing,"7-day click or 1-day view",0,,,0,,,,,0
2026-04-03,2026-04-03,"FB Janviaika Video Campaign_English",inactive,27004,video_thruplay_watched_actions,0.04676159,300,Daily,1262.75,192414,188036,Ongoing,"7-day click or 1-day view",6.562672,0.046762,27004,1,5722,187607,11472,1752,0.302602
2026-04-03,2026-04-03,"Chudidhaar Advantage+ Shopping Campaign",inactive,,,,500,Daily,0,0,0,Ongoing,"7-day click, 1-day view or 1-day engaged view",0,,,0,,,,,0
2026-04-03,2026-04-03,"Advantage+ Shopping Campaign March",inactive,,,,500,Daily,0,0,0,Ongoing,"7-day click or 1-day view",0,,,0,,,,,0
2026-04-03,2026-04-03,"Model Engagement Video Campaign",inactive,,,,800,Daily,0,0,0,Ongoing,"Multiple attribution settings",0,,,0,,,,,0
2026-04-03,2026-04-03,"Launch Sales campaign",inactive,,,,1000,Daily,0,0,0,Ongoing,"7-day click, 1-day view or 1-day engaged view",0,,,0,,,,,0
2026-04-02,2026-04-02,"Retargeting Sales campaign",active,,,,500,Daily,0,0,0,Ongoing,"7-day click, 1-day view or 1-day engaged view",0,,,0,,,,,0
2026-04-02,2026-04-02,Anarkali-And-Half-saree-JanviAika_Shopping_Ad_Campaign,active,,,,2000,Daily,0,0,0,Ongoing,"7-day click, 1-day view or 1-day engaged view",0,,,0,,,,,0
2026-04-02,2026-04-02,"Engagement campaign Janviaika Reels",active,,,,"Using ad set budget",0,0,0,0,Ongoing,"7-day click or 1-day view",0,,,0,,,,,0
2026-04-02,2026-04-02,"JanviAika_Shopping_Ad_Campaign – Lehenga_And_Long_Gowns",active,,,,1000,Daily,0,0,0,Ongoing,"7-day click, 1-day view or 1-day engaged view",0,,,0,,,,,0
2026-04-02,2026-04-02,"Hot Campaign for Website Visitors",active,,,,500,Daily,0,0,0,Ongoing,"7-day click, 1-day view or 1-day engaged view",0,,,0,,,,,0
2026-04-02,2026-04-02,JanviAika_Shopping_Ad_Campaign,active,,,,"Using ad set budget",0,0,0,0,Ongoing,"7-day click, 1-day view or 1-day engaged view",0,,,0,,,,,0
2026-04-02,2026-04-02,"Anarkali Set Whatsapp campaign",inactive,,,,500,Daily,0,0,0,Ongoing,"7-day click or 1-day view",0,,,0,,,,,0
2026-04-02,2026-04-02,"Trendy Green Bridal Couture Whatsapp campaign",archived,,,,500,Daily,0,0,0,2026-06-03,"7-day click or 1-day view",0,,,0,,,,,0
2026-04-02,2026-04-02,Dark-Pink-Lehenga-Whatsapp-campaign,archived,,,,500,Daily,0,0,0,2026-06-03,"7-day click or 1-day view",0,,,0,,,,,0
2026-04-02,2026-04-02,"Lehenga Set Whatsapp campaign",inactive,,,,500,Daily,0,0,0,Ongoing,"7-day click or 1-day view",0,,,0,,,,,0
2026-04-02,2026-04-02,"Red Anarkali Engagement campaign",inactive,,,,300,Daily,0,0,0,Ongoing,"7-day click or 1-day view",0,,,0,,,,,0
2026-04-02,2026-04-02,"Post: ""Who said lehengas are only for brides? ✨ """,inactive,,,,300,Daily,0,0,0,2026-05-28,"7-day click or 1-day view",0,,,0,,,,,0
2026-04-02,2026-04-02,"Post: ""Made for summer days, yet wrapped in  elegance 🌿✨ """,completed,,,,300,Daily,0,0,0,2026-05-28,"7-day click or 1-day view",0,,,0,,,,,0
2026-04-02,2026-04-02,"Black Half Saree Dress Campaign",inactive,,,,"Using ad set budget",0,0,0,0,Ongoing,"7-day click or 1-day view",0,,,0,,,,,0
2026-04-02,2026-04-02,"Lehenga post from Insta",inactive,,,,"Using ad set budget",0,0,0,0,Ongoing,"7-day click or 1-day view",0,,,0,,,,,0
2026-04-02,2026-04-02,"FB Janviaika Video Campaign_English",inactive,19306,video_thruplay_watched_actions,0.0489309,300,Daily,944.66,137398,133069,Ongoing,"7-day click or 1-day view",6.875355,0.048931,19306,3,4033,134178,8043,1081,0.315626
2026-04-02,2026-04-02,"Chudidhaar Advantage+ Shopping Campaign",inactive,,,,500,Daily,0,0,0,Ongoing,"7-day click, 1-day view or 1-day engaged view",0,,,0,,,,,0
2026-04-02,2026-04-02,"Advantage+ Shopping Campaign March",inactive,,,,500,Daily,0,0,0,Ongoing,"7-day click or 1-day view",0,,,0,,,,,0
2026-04-02,2026-04-02,"Model Engagement Video Campaign",inactive,,,,800,Daily,0,0,0,Ongoing,"Multiple attribution settings",0,,,0,,,,,0
2026-04-02,2026-04-02,"Launch Sales campaign",inactive,,,,1000,Daily,0,0,0,Ongoing,"7-day click, 1-day view or 1-day engaged view",0,,,0,,,,,0
2026-04-01,2026-04-01,"Retargeting Sales campaign",active,,,,500,Daily,0,0,0,Ongoing,"7-day click, 1-day view or 1-day engaged view",0,,,0,,,,,0
2026-04-01,2026-04-01,Anarkali-And-Half-saree-JanviAika_Shopping_Ad_Campaign,active,,,,2000,Daily,0,0,0,Ongoing,"7-day click, 1-day view or 1-day engaged view",0,,,0,,,,,0
2026-04-01,2026-04-01,"Engagement campaign Janviaika Reels",active,,,,"Using ad set budget",0,0,0,0,Ongoing,"7-day click or 1-day view",0,,,0,,,,,0
2026-04-01,2026-04-01,"JanviAika_Shopping_Ad_Campaign – Lehenga_And_Long_Gowns",active,,,,1000,Daily,0,0,0,Ongoing,"7-day click, 1-day view or 1-day engaged view",0,,,0,,,,,0
2026-04-01,2026-04-01,"Hot Campaign for Website Visitors",active,,,,500,Daily,0,0,0,Ongoing,"7-day click, 1-day view or 1-day engaged view",0,,,0,,,,,0
2026-04-01,2026-04-01,JanviAika_Shopping_Ad_Campaign,active,,,,"Using ad set budget",0,0,0,0,Ongoing,"7-day click, 1-day view or 1-day engaged view",0,,,0,,,,,0
2026-04-01,2026-04-01,"Anarkali Set Whatsapp campaign",inactive,,,,500,Daily,0,0,0,Ongoing,"7-day click or 1-day view",0,,,0,,,,,0
2026-04-01,2026-04-01,"Trendy Green Bridal Couture Whatsapp campaign",archived,,,,500,Daily,0,0,0,2026-06-03,"7-day click or 1-day view",0,,,0,,,,,0
2026-04-01,2026-04-01,Dark-Pink-Lehenga-Whatsapp-campaign,archived,,,,500,Daily,0,0,0,2026-06-03,"7-day click or 1-day view",0,,,0,,,,,0
2026-04-01,2026-04-01,"Lehenga Set Whatsapp campaign",inactive,,,,500,Daily,0,0,0,Ongoing,"7-day click or 1-day view",0,,,0,,,,,0
2026-04-01,2026-04-01,"Red Anarkali Engagement campaign",inactive,,,,300,Daily,0,0,0,Ongoing,"7-day click or 1-day view",0,,,0,,,,,0
2026-04-01,2026-04-01,"Post: ""Who said lehengas are only for brides? ✨ """,inactive,,,,300,Daily,0,0,0,2026-05-28,"7-day click or 1-day view",0,,,0,,,,,0
2026-04-01,2026-04-01,"Post: ""Made for summer days, yet wrapped in  elegance 🌿✨ """,completed,,,,300,Daily,0,0,0,2026-05-28,"7-day click or 1-day view",0,,,0,,,,,0
2026-04-01,2026-04-01,"Black Half Saree Dress Campaign",inactive,,,,"Using ad set budget",0,0,0,0,Ongoing,"7-day click or 1-day view",0,,,0,,,,,0
2026-04-01,2026-04-01,"Lehenga post from Insta",inactive,,,,"Using ad set budget",0,0,0,0,Ongoing,"7-day click or 1-day view",0,,,0,,,,,0
2026-04-01,2026-04-01,"FB Janviaika Video Campaign_English",inactive,24730,video_thruplay_watched_actions,0.04721472,300,Daily,1167.62,159221,147954,Ongoing,"7-day click or 1-day view",7.333329,0.047215,24730,2,5995,155757,12013,1839,0.296714
2026-04-01,2026-04-01,"Chudidhaar Advantage+ Shopping Campaign",inactive,,,,500,Daily,0,0,0,Ongoing,"7-day click, 1-day view or 1-day engaged view",0,,,0,,,,,0
2026-04-01,2026-04-01,"Advantage+ Shopping Campaign March",inactive,,,,500,Daily,0,0,0,Ongoing,"7-day click or 1-day view",0,,,0,,,,,0
2026-04-01,2026-04-01,"Model Engagement Video Campaign",inactive,,,,800,Daily,0,0,0,Ongoing,"Multiple attribution settings",0,,,0,,,,,0
2026-04-01,2026-04-01,"Launch Sales campaign",inactive,,,,1000,Daily,0,0,0,Ongoing,"7-day click, 1-day view or 1-day engaged view",0,,,0,,,,,0
